# Blender 4.4.1
# www.blender.org
mtllib rifle.mtl
o Cylinder
v -0.037815 0.001841 0.370642
v 0.037764 0.001903 0.367758
v 0.019134 0.015676 0.384569
v 0.017192 0.016265 0.385000
v 0.009723 0.017794 0.386119
v 0.000000 0.018444 0.386595
v -0.009723 0.017794 0.386119
v -0.027779 0.011056 0.381186
v -0.019134 0.015676 0.384569
v -0.017192 0.016265 0.385000
v 0.027779 0.011056 0.381186
v 0.035355 0.004838 0.376633
v -0.035355 0.004838 0.376633
v 0.037764 0.001903 0.374484
v -0.037764 0.001903 0.374484
v -0.037815 0.001841 -0.335314
v -0.037925 0.000722 -0.351228
v -0.037815 0.001841 0.363227
v -0.037996 0.000000 -0.355484
v -0.037695 -0.003056 -0.378408
v -0.037486 -0.005177 -0.385000
v -0.037266 -0.007413 -0.385000
v -0.035104 -0.014541 -0.385000
v -0.031593 -0.021110 -0.385000
v -0.026867 -0.026867 -0.385000
v -0.021110 -0.031593 -0.385000
v -0.014541 -0.035104 -0.385000
v -0.007413 -0.037266 -0.385000
v 0.000000 -0.037996 -0.385000
v 0.007413 -0.037266 -0.385000
v 0.014541 -0.035104 -0.385000
v 0.021110 -0.031593 -0.385000
v 0.026867 -0.026867 -0.385000
v 0.031593 -0.021110 -0.385000
v 0.035104 -0.014541 -0.385000
v 0.037695 -0.003056 -0.378408
v 0.037266 -0.007413 -0.385000
v 0.037486 -0.005177 -0.385000
v 0.037815 0.001841 -0.335314
v 0.037996 0.000000 -0.355484
v 0.037925 0.000722 -0.351228
v 0.037815 0.001841 0.363227
v -0.007527 -0.169961 0.490250
v -0.006771 -0.170820 0.501710
v -0.007804 -0.163486 0.479896
v -0.005738 -0.165834 0.511206
v -0.014749 -0.168283 0.491671
v -0.013224 -0.169401 0.503060
v -0.015307 -0.161620 0.481248
v -0.011140 -0.164675 0.512364
v -0.021374 -0.165562 0.493957
v -0.019056 -0.167139 0.505206
v -0.022223 -0.158571 0.483427
v -0.015889 -0.162880 0.514159
v -0.027138 -0.161904 0.496989
v -0.024005 -0.164183 0.507994
v -0.028284 -0.154427 0.486318
v -0.019726 -0.160654 0.516386
v -0.031816 -0.157453 0.500599
v -0.027873 -0.160737 0.511215
v -0.033259 -0.149301 0.489764
v -0.022488 -0.158274 0.518766
v -0.035243 -0.152370 0.504584
v -0.030566 -0.157028 0.514629
v -0.036955 -0.143313 0.493556
v -0.024176 -0.156040 0.521000
v -0.037323 -0.146799 0.508709
v -0.032108 -0.153240 0.518031
v -0.039231 -0.136561 0.497416
v -0.024985 -0.154156 0.522884
v -0.038018 -0.141009 0.512900
v -0.032603 -0.149475 0.521366
v -0.040000 -0.129444 0.501335
v -0.025205 -0.152574 0.524465
v -0.037323 -0.136818 0.518690
v -0.032108 -0.146140 0.525131
v -0.039231 -0.125525 0.508452
v -0.024985 -0.150993 0.526047
v -0.035243 -0.132694 0.524261
v -0.030566 -0.142739 0.528919
v -0.036955 -0.121665 0.515204
v -0.024177 -0.149109 0.527932
v -0.031816 -0.128709 0.529344
v -0.027873 -0.139324 0.532628
v -0.033259 -0.117873 0.521192
v -0.022488 -0.146875 0.530164
v -0.027138 -0.125098 0.533795
v -0.024005 -0.136103 0.536074
v -0.028284 -0.114427 0.526318
v -0.019726 -0.144495 0.532546
v -0.021374 -0.122067 0.537452
v -0.019056 -0.133315 0.539030
v -0.022223 -0.111536 0.530462
v -0.015889 -0.142268 0.534771
v -0.014749 -0.119780 0.540174
v -0.013224 -0.131169 0.541292
v -0.015307 -0.109358 0.533511
v -0.011140 -0.140473 0.536566
v -0.007527 -0.118359 0.541851
v -0.006771 -0.129820 0.542711
v -0.007804 -0.108005 0.535377
v -0.005738 -0.139315 0.537725
v -0.000000 -0.117877 0.542418
v -0.000000 -0.129359 0.543194
v 0.000000 -0.107546 0.536005
v -0.000000 -0.138915 0.538124
v 0.007527 -0.118359 0.541851
v 0.006771 -0.129820 0.542711
v 0.007804 -0.108005 0.535377
v 0.005738 -0.139315 0.537725
v 0.014749 -0.119780 0.540174
v 0.013224 -0.131169 0.541292
v 0.015307 -0.109358 0.533511
v 0.011140 -0.140473 0.536566
v 0.021374 -0.122067 0.537452
v 0.019056 -0.133315 0.539030
v 0.022223 -0.111536 0.530462
v 0.015889 -0.142268 0.534771
v 0.027138 -0.125098 0.533795
v 0.024005 -0.136103 0.536074
v 0.028284 -0.114427 0.526318
v 0.019726 -0.144495 0.532546
v 0.031816 -0.128709 0.529344
v 0.027873 -0.139324 0.532628
v 0.033259 -0.117873 0.521192
v 0.022488 -0.146875 0.530164
v 0.035243 -0.132694 0.524261
v 0.030566 -0.142739 0.528919
v 0.036955 -0.121665 0.515204
v 0.024177 -0.149109 0.527932
v 0.037323 -0.136818 0.518690
v 0.032108 -0.146140 0.525131
v 0.039231 -0.125525 0.508452
v 0.024985 -0.150993 0.526047
v 0.038018 -0.141009 0.512900
v 0.032603 -0.149475 0.521366
v 0.040000 -0.129444 0.501335
v 0.025205 -0.152574 0.524465
v 0.037323 -0.146799 0.508709
v 0.032108 -0.153240 0.518031
v 0.039231 -0.136561 0.497416
v 0.024985 -0.154156 0.522884
v 0.035243 -0.152370 0.504584
v 0.030566 -0.157028 0.514629
v 0.036955 -0.143313 0.493556
v 0.024176 -0.156040 0.521000
v 0.031816 -0.157453 0.500599
v 0.027873 -0.160737 0.511215
v 0.033259 -0.149301 0.489764
v 0.022488 -0.158274 0.518766
v 0.027138 -0.161904 0.496989
v 0.024005 -0.164183 0.507994
v 0.028284 -0.154427 0.486318
v 0.019726 -0.160654 0.516386
v 0.021374 -0.165562 0.493957
v 0.019056 -0.167139 0.505206
v 0.022223 -0.158571 0.483427
v 0.015889 -0.162880 0.514159
v 0.014749 -0.168283 0.491671
v 0.013224 -0.169401 0.503060
v 0.015307 -0.161620 0.481248
v 0.011140 -0.164675 0.512364
v 0.007527 -0.169961 0.490250
v 0.006771 -0.170820 0.501710
v 0.007804 -0.163486 0.479896
v 0.005738 -0.165834 0.511206
v 0.000000 -0.170527 0.489768
v -0.000000 -0.171303 0.501250
v 0.000000 -0.164114 0.479437
v -0.000000 -0.166234 0.510806
v 0.009538 0.013593 0.392579
v 0.009321 0.008664 0.400158
v 0.009104 0.003735 0.407737
v 0.008887 -0.001194 0.415316
v 0.008671 -0.006123 0.422895
v 0.008454 -0.011052 0.430474
v 0.008237 -0.015981 0.438053
v 0.008020 -0.020910 0.445632
v 0.015733 -0.022657 0.444201
v 0.016158 -0.017865 0.436801
v 0.016583 -0.013073 0.429401
v 0.017008 -0.008282 0.422001
v 0.017433 -0.003490 0.414601
v 0.017859 0.001301 0.407200
v 0.018284 0.006093 0.399800
v 0.018709 0.010885 0.392400
v 0.022840 -0.025493 0.441878
v 0.023457 -0.020925 0.434768
v 0.024075 -0.016356 0.427659
v 0.024692 -0.011787 0.420549
v 0.025309 -0.007219 0.413439
v 0.025927 -0.002650 0.406329
v 0.026544 0.001919 0.399219
v 0.027161 0.006487 0.392110
v 0.029070 -0.029311 0.438751
v 0.029856 -0.025042 0.432032
v 0.030641 -0.020774 0.425314
v 0.031427 -0.016505 0.418595
v 0.032213 -0.012237 0.411876
v 0.032998 -0.007968 0.405157
v 0.033784 -0.003699 0.398438
v 0.034570 0.000569 0.391719
v 0.034183 -0.033963 0.434942
v 0.035106 -0.030060 0.428699
v 0.036030 -0.026157 0.422456
v 0.036954 -0.022254 0.416213
v 0.037878 -0.018351 0.409971
v 0.038802 -0.014448 0.403728
v 0.039726 -0.010545 0.397485
v 0.040650 -0.006642 0.391243
v 0.037982 -0.039270 0.430595
v 0.039008 -0.035784 0.424895
v 0.040035 -0.032298 0.419196
v 0.041061 -0.028812 0.413497
v 0.042088 -0.025327 0.407797
v 0.043114 -0.021841 0.402098
v 0.044141 -0.018355 0.396399
v 0.045167 -0.014869 0.390699
v 0.040321 -0.045028 0.425879
v 0.041411 -0.041995 0.420769
v 0.042501 -0.038962 0.415659
v 0.043590 -0.035929 0.410549
v 0.044680 -0.032896 0.405439
v 0.045770 -0.029863 0.400329
v 0.046860 -0.026829 0.395220
v 0.047950 -0.023796 0.390110
v 0.041111 -0.051017 0.420974
v 0.042222 -0.048455 0.416477
v 0.043333 -0.045892 0.411980
v 0.044444 -0.043330 0.407483
v 0.045556 -0.040767 0.402987
v 0.046667 -0.038205 0.398490
v 0.047778 -0.035643 0.393993
v 0.048889 -0.033080 0.389497
v 0.040321 -0.057006 0.416069
v 0.041411 -0.054914 0.412185
v 0.042501 -0.052822 0.408302
v 0.043590 -0.050731 0.404418
v 0.044680 -0.048639 0.400534
v 0.045770 -0.046547 0.396651
v 0.046860 -0.044456 0.392767
v 0.047950 -0.042364 0.388884
v 0.037982 -0.062764 0.411352
v 0.039008 -0.061125 0.408058
v 0.040035 -0.059486 0.404764
v 0.041061 -0.057847 0.401470
v 0.042088 -0.056208 0.398176
v 0.043114 -0.054569 0.394882
v 0.044141 -0.052930 0.391588
v 0.045167 -0.051291 0.388294
v 0.034183 -0.068071 0.407006
v 0.035106 -0.066850 0.404255
v 0.036030 -0.065628 0.401504
v 0.036954 -0.064406 0.398754
v 0.037878 -0.063184 0.396003
v 0.038802 -0.061962 0.393252
v 0.039726 -0.060740 0.390501
v 0.040650 -0.059518 0.387751
v 0.029070 -0.072723 0.403196
v 0.029856 -0.071867 0.400921
v 0.030641 -0.071011 0.398647
v 0.031427 -0.070154 0.396372
v 0.032213 -0.069298 0.394098
v 0.032998 -0.068442 0.391823
v 0.033784 -0.067586 0.389549
v 0.034570 -0.066729 0.387274
v 0.022840 -0.076541 0.400069
v 0.023457 -0.075985 0.398186
v 0.024075 -0.075428 0.396302
v 0.024692 -0.074872 0.394418
v 0.025309 -0.074316 0.392535
v 0.025927 -0.073760 0.390651
v 0.026544 -0.073204 0.388767
v 0.027161 -0.072647 0.386884
v 0.015733 -0.079377 0.397746
v 0.016158 -0.079044 0.396153
v 0.016583 -0.078711 0.394559
v 0.017008 -0.078378 0.392966
v 0.017433 -0.078045 0.391373
v 0.017859 -0.077711 0.389780
v 0.018284 -0.077378 0.388186
v 0.018709 -0.077045 0.386593
v 0.008020 -0.081124 0.396315
v 0.008237 -0.080928 0.394901
v 0.008454 -0.080732 0.393486
v 0.008671 -0.080537 0.392072
v 0.008887 -0.080341 0.390658
v 0.009104 -0.080145 0.389243
v 0.009321 -0.079949 0.387829
v 0.009538 -0.079753 0.386414
v 0.000000 -0.081714 0.395832
v 0.000000 -0.081565 0.394478
v 0.000000 -0.081415 0.393124
v 0.000000 -0.081265 0.391770
v 0.000000 -0.081116 0.390416
v 0.000000 -0.080966 0.389062
v 0.000000 -0.080817 0.387708
v 0.000000 -0.080667 0.386354
v -0.008020 -0.081124 0.396315
v -0.008237 -0.080928 0.394901
v -0.008454 -0.080732 0.393486
v -0.008671 -0.080537 0.392072
v -0.008887 -0.080341 0.390658
v -0.009104 -0.080145 0.389243
v -0.009321 -0.079949 0.387829
v -0.009538 -0.079753 0.386414
v -0.015733 -0.079377 0.397746
v -0.016158 -0.079044 0.396153
v -0.016583 -0.078711 0.394559
v -0.017008 -0.078378 0.392966
v -0.017433 -0.078045 0.391373
v -0.017859 -0.077711 0.389780
v -0.018284 -0.077378 0.388186
v -0.018709 -0.077045 0.386593
v -0.022840 -0.076541 0.400069
v -0.023457 -0.075985 0.398186
v -0.024075 -0.075428 0.396302
v -0.024692 -0.074872 0.394418
v -0.025309 -0.074316 0.392535
v -0.025927 -0.073760 0.390651
v -0.026544 -0.073204 0.388767
v -0.027161 -0.072647 0.386884
v -0.029070 -0.072723 0.403196
v -0.029856 -0.071867 0.400921
v -0.030641 -0.071011 0.398647
v -0.031427 -0.070154 0.396372
v -0.032213 -0.069298 0.394098
v -0.032998 -0.068442 0.391823
v -0.033784 -0.067586 0.389549
v -0.034570 -0.066729 0.387274
v -0.034183 -0.068071 0.407006
v -0.035106 -0.066850 0.404255
v -0.036030 -0.065628 0.401504
v -0.036954 -0.064406 0.398754
v -0.037878 -0.063184 0.396003
v -0.038802 -0.061962 0.393252
v -0.039726 -0.060740 0.390501
v -0.040650 -0.059518 0.387751
v -0.037982 -0.062764 0.411352
v -0.039008 -0.061125 0.408058
v -0.040035 -0.059486 0.404764
v -0.041061 -0.057847 0.401470
v -0.042088 -0.056208 0.398176
v -0.043114 -0.054569 0.394882
v -0.044141 -0.052930 0.391588
v -0.045167 -0.051291 0.388294
v -0.040321 -0.057006 0.416069
v -0.041411 -0.054914 0.412185
v -0.042501 -0.052822 0.408302
v -0.043590 -0.050731 0.404418
v -0.044680 -0.048639 0.400534
v -0.045770 -0.046547 0.396651
v -0.046860 -0.044456 0.392767
v -0.047950 -0.042364 0.388884
v -0.041111 -0.051017 0.420974
v -0.042222 -0.048455 0.416477
v -0.043333 -0.045892 0.411980
v -0.044444 -0.043330 0.407483
v -0.045556 -0.040767 0.402987
v -0.046667 -0.038205 0.398490
v -0.047778 -0.035643 0.393993
v -0.048889 -0.033080 0.389497
v -0.040321 -0.045028 0.425879
v -0.041411 -0.041995 0.420769
v -0.042501 -0.038962 0.415659
v -0.043590 -0.035929 0.410549
v -0.044680 -0.032896 0.405439
v -0.045770 -0.029863 0.400329
v -0.046860 -0.026829 0.395220
v -0.047950 -0.023796 0.390110
v -0.037982 -0.039270 0.430595
v -0.039008 -0.035784 0.424895
v -0.040035 -0.032298 0.419196
v -0.041061 -0.028812 0.413497
v -0.042088 -0.025327 0.407797
v -0.043114 -0.021841 0.402098
v -0.044141 -0.018355 0.396399
v -0.045167 -0.014869 0.390699
v -0.034183 -0.033963 0.434942
v -0.035106 -0.030060 0.428699
v -0.036030 -0.026157 0.422456
v -0.036954 -0.022254 0.416213
v -0.037878 -0.018351 0.409971
v -0.038802 -0.014448 0.403728
v -0.039726 -0.010545 0.397485
v -0.040650 -0.006642 0.391243
v -0.029070 -0.029311 0.438751
v -0.029856 -0.025042 0.432032
v -0.030641 -0.020774 0.425314
v -0.031427 -0.016505 0.418595
v -0.032213 -0.012237 0.411876
v -0.032998 -0.007968 0.405157
v -0.033784 -0.003699 0.398438
v -0.034570 0.000569 0.391719
v -0.022840 -0.025493 0.441878
v -0.023457 -0.020925 0.434768
v -0.024075 -0.016356 0.427659
v -0.024692 -0.011787 0.420549
v -0.025309 -0.007219 0.413439
v -0.025927 -0.002650 0.406329
v -0.026544 0.001919 0.399219
v -0.027161 0.006487 0.392110
v -0.015733 -0.022657 0.444201
v -0.016158 -0.017865 0.436801
v -0.016583 -0.013073 0.429401
v -0.017008 -0.008282 0.422001
v -0.017433 -0.003490 0.414601
v -0.017859 0.001301 0.407200
v -0.018284 0.006093 0.399800
v -0.018709 0.010885 0.392400
v -0.008020 -0.020910 0.445632
v -0.008237 -0.015981 0.438053
v -0.008454 -0.011052 0.430474
v -0.008671 -0.006123 0.422895
v -0.008887 -0.001194 0.415316
v -0.009104 0.003735 0.407737
v -0.009321 0.008664 0.400158
v -0.009538 0.013593 0.392579
v 0.000000 -0.020320 0.446115
v 0.000000 -0.015345 0.438476
v 0.000000 -0.010369 0.430836
v 0.000000 -0.005394 0.423197
v 0.000000 -0.000419 0.415558
v 0.000000 0.004556 0.407918
v 0.000000 0.009532 0.400279
v 0.000000 0.014507 0.392639
v -0.007804 -0.081320 0.397730
v -0.015307 -0.079711 0.399339
v -0.022223 -0.077097 0.401953
v -0.028284 -0.073579 0.405470
v -0.033259 -0.069293 0.409756
v -0.036955 -0.064403 0.414646
v -0.039231 -0.059097 0.419952
v -0.040000 -0.053579 0.425470
v -0.039231 -0.048061 0.430988
v -0.036955 -0.042756 0.436294
v -0.033259 -0.037866 0.441184
v -0.028284 -0.033579 0.445470
v -0.022223 -0.030062 0.448988
v -0.015307 -0.027448 0.451602
v -0.007804 -0.025839 0.453211
v 0.000000 -0.025295 0.453755
v 0.007804 -0.025839 0.453211
v 0.015307 -0.027448 0.451602
v 0.022223 -0.030062 0.448988
v 0.028284 -0.033579 0.445470
v 0.033259 -0.037866 0.441184
v 0.036955 -0.042756 0.436294
v 0.039231 -0.048061 0.430988
v 0.040000 -0.053579 0.425470
v 0.039231 -0.059097 0.419952
v 0.036955 -0.064403 0.414646
v 0.033259 -0.069293 0.409756
v 0.028284 -0.073579 0.405470
v 0.022223 -0.077097 0.401953
v 0.015307 -0.079711 0.399339
v 0.007804 -0.081320 0.397730
v 0.000000 -0.081864 0.397186
v -0.041469 -0.003868 -0.351228
v -0.040490 -0.002404 -0.351228
v -0.041573 -0.002739 -0.335314
v -0.039318 -0.005306 -0.378408
v -0.037642 -0.005366 -0.385000
v -0.038339 -0.003841 -0.378408
v -0.045871 -0.012471 -0.351228
v -0.045197 -0.010843 -0.351228
v -0.046194 -0.011384 -0.335314
v -0.043481 -0.013461 -0.378408
v -0.041825 -0.013193 -0.385000
v -0.042807 -0.011833 -0.378408
v -0.048511 -0.021766 -0.351228
v -0.048167 -0.020039 -0.351228
v -0.049039 -0.020763 -0.335314
v -0.045974 -0.022271 -0.378408
v -0.044401 -0.021686 -0.385000
v -0.045630 -0.020543 -0.378408
v -0.049286 -0.031399 -0.351228
v -0.049286 -0.029637 -0.351228
v -0.050000 -0.030518 -0.335314
v -0.046699 -0.031399 -0.378408
v -0.045271 -0.030518 -0.385000
v -0.046699 -0.029637 -0.378408
v -0.048167 -0.040997 -0.351228
v -0.048511 -0.039269 -0.351228
v -0.049039 -0.040272 -0.335314
v -0.045630 -0.040492 -0.378408
v -0.044401 -0.039350 -0.385000
v -0.045974 -0.038764 -0.378408
v -0.045197 -0.050192 -0.351228
v -0.045871 -0.048565 -0.351228
v -0.046194 -0.049652 -0.335314
v -0.042807 -0.049202 -0.378408
v -0.041825 -0.047842 -0.385000
v -0.043481 -0.047575 -0.378408
v -0.040490 -0.058632 -0.351228
v -0.041469 -0.057167 -0.351228
v -0.041573 -0.058296 -0.335314
v -0.038339 -0.057195 -0.378408
v -0.037642 -0.055669 -0.385000
v -0.039318 -0.055730 -0.378408
v -0.034228 -0.065991 -0.351228
v -0.035473 -0.064745 -0.351228
v -0.035355 -0.065873 -0.335314
v -0.032398 -0.064162 -0.378408
v -0.032012 -0.062529 -0.385000
v -0.033644 -0.062916 -0.378408
v -0.026649 -0.071987 -0.351228
v -0.028114 -0.071008 -0.351228
v -0.027779 -0.072091 -0.335314
v -0.025212 -0.069836 -0.378408
v -0.025151 -0.068159 -0.385000
v -0.026677 -0.068857 -0.378408
v -0.018047 -0.076389 -0.351228
v -0.019675 -0.075715 -0.351228
v -0.019134 -0.076712 -0.335314
v -0.017057 -0.073999 -0.378408
v -0.017325 -0.072343 -0.385000
v -0.006035 0.062408 0.420125
v -0.007044 0.060360 0.420198
v -0.018685 -0.073325 -0.378408
v -0.004658 0.064171 0.416025
v -0.008751 -0.079028 -0.351228
v -0.007413 0.058574 0.416225
v -0.010479 -0.078685 -0.351228
v 0.000000 0.061764 0.421549
v -0.009755 -0.079557 -0.335314
v -0.000900 0.060854 0.420311
v -0.008247 -0.076491 -0.378408
v 0.000900 0.060854 0.420311
v -0.008832 -0.074919 -0.385000
v -0.000612 0.062882 0.420417
v -0.009974 -0.076148 -0.378408
v -0.001008 0.064338 0.416520
v 0.000881 -0.079804 -0.351228
v -0.001907 0.062737 0.420124
v -0.000881 -0.079804 -0.351228
v 0.000612 0.062882 0.420417
v 0.000000 -0.080518 -0.335314
v 0.001907 0.062737 0.420124
v 0.000881 -0.077217 -0.378408
v 0.001008 0.064338 0.416520
v 0.000000 -0.075789 -0.385000
v -0.000881 -0.077217 -0.378408
v 0.000000 0.059172 0.416691
v 0.010479 -0.078685 -0.351228
v -0.002755 0.064325 0.416193
v 0.008751 -0.079028 -0.351228
v 0.002755 0.064325 0.416193
v 0.007044 0.060360 0.420198
v 0.009755 -0.079557 -0.335314
v 0.006035 0.062408 0.420125
v 0.009974 -0.076148 -0.378408
v 0.008832 -0.074919 -0.385000
v 0.007413 0.058574 0.416225
v 0.008247 -0.076491 -0.378408
v 0.004658 0.064171 0.416025
v 0.019675 -0.075715 -0.351228
v -0.006035 0.067082 0.399461
v -0.007044 0.066881 0.391323
v 0.018047 -0.076389 -0.351228
v -0.004658 0.066321 0.406577
v 0.019134 -0.076712 -0.335314
v -0.007413 0.065772 0.384345
v 0.018685 -0.073325 -0.378408
v 0.000670 0.067493 0.400018
v 0.017325 -0.072343 -0.385000
v 0.017057 -0.073999 -0.378408
v 0.001008 0.066520 0.406867
v 0.002105 0.067405 0.399386
v 0.028114 -0.071008 -0.351228
v -0.000670 0.067493 0.400018
v 0.026649 -0.071987 -0.351228
v -0.002105 0.067405 0.399386
v 0.027779 -0.072091 -0.335314
v -0.001008 0.066520 0.406867
v 0.026677 -0.068857 -0.378408
v 0.025151 -0.068159 -0.385000
v 0.000000 0.067755 0.395300
v 0.025212 -0.069836 -0.378408
v 0.001134 0.067415 0.391561
v -0.001134 0.067415 0.391561
v 0.035473 -0.064745 -0.351228
v 0.002755 0.066506 0.406519
v 0.034228 -0.065991 -0.351228
v -0.002754 0.066506 0.406519
v 0.035355 -0.065873 -0.335314
v 0.000000 0.066510 0.384379
v 0.033644 -0.062916 -0.378408
v 0.032012 -0.062529 -0.385000
v 0.007044 0.066881 0.391323
v 0.006035 0.067082 0.399461
v 0.032398 -0.064162 -0.378408
v 0.041469 -0.057167 -0.351228
v 0.007413 0.065772 0.384345
v 0.040490 -0.058632 -0.351228
v 0.004658 0.066321 0.406577
v 0.041573 -0.058296 -0.335314
v -0.007413 0.051846 0.390246
v 0.039318 -0.055730 -0.378408
v 0.000000 0.052435 0.390678
v 0.037642 -0.055669 -0.385000
v 0.007413 0.051846 0.390246
v 0.038339 -0.057195 -0.378408
v -0.007413 0.059044 0.358368
v 0.045871 -0.048565 -0.351228
v 0.000000 0.059774 0.358368
v 0.045197 -0.050192 -0.351228
v 0.007413 0.059044 0.358368
v 0.046194 -0.049652 -0.335314
v 0.007413 0.030068 0.395106
v 0.000000 0.030657 0.395537
v 0.043481 -0.047575 -0.378408
v 0.014541 0.028324 0.393829
v 0.041825 -0.047842 -0.385000
v 0.021110 0.025491 0.391754
v 0.042807 -0.049202 -0.378408
v 0.026867 0.021678 0.388963
v 0.048511 -0.039269 -0.351228
v 0.048167 -0.040997 -0.351228
v 0.031593 0.017032 0.385561
v 0.035104 0.011732 0.381681
v 0.049039 -0.040272 -0.335314
v 0.045974 -0.038764 -0.378408
v 0.037266 0.005981 0.377470
v 0.044401 -0.039350 -0.385000
v 0.045630 -0.040492 -0.378408
v 0.049286 -0.029637 -0.351228
v 0.049286 -0.031399 -0.351228
v 0.050000 -0.030518 -0.335314
v 0.046699 -0.029637 -0.378408
v 0.045271 -0.030518 -0.385000
v 0.046699 -0.031399 -0.378408
v 0.048167 -0.020039 -0.351228
v 0.048511 -0.021766 -0.351228
v 0.049039 -0.020763 -0.335314
v 0.045630 -0.020543 -0.378408
v 0.044401 -0.021686 -0.385000
v 0.045974 -0.022271 -0.378408
v 0.045197 -0.010843 -0.351228
v 0.045871 -0.012471 -0.351228
v 0.046194 -0.011384 -0.335314
v -0.037266 0.005981 0.377470
v 0.042807 -0.011833 -0.378408
v 0.041825 -0.013193 -0.385000
v -0.035104 0.011732 0.381681
v -0.031593 0.017032 0.385561
v 0.043481 -0.013461 -0.378408
v -0.026867 0.021678 0.388963
v 0.040490 -0.002404 -0.351228
v -0.021110 0.025491 0.391754
v 0.041469 -0.003868 -0.351228
v -0.014541 0.028324 0.393829
v 0.041573 -0.002739 -0.335314
v 0.038339 -0.003841 -0.378408
v -0.007413 0.030068 0.395106
v -0.007413 0.037266 0.363227
v 0.037642 -0.005366 -0.385000
v -0.007413 0.037266 -0.401152
v 0.039318 -0.005306 -0.378408
v -0.014541 0.035104 0.363227
v -0.014541 0.035104 -0.401152
v -0.021110 0.031593 0.363227
v -0.021110 0.031593 -0.401152
v -0.026867 0.026867 0.363227
v -0.026867 0.026867 -0.401152
v -0.031593 0.021110 0.363227
v -0.031593 0.021110 -0.401152
v -0.035104 0.014541 0.363227
v -0.035104 0.014541 -0.401152
v -0.037266 0.007413 0.363227
v -0.037266 0.007413 -0.401152
v -0.037996 0.000000 -0.401152
v -0.037266 -0.007413 -0.401152
v -0.035104 -0.014541 -0.401152
v -0.031593 -0.021110 -0.401152
v -0.026867 -0.026867 -0.401152
v -0.021110 -0.031593 -0.401152
v -0.014541 -0.035104 -0.401152
v -0.007413 -0.037266 -0.401152
v 0.000000 -0.037996 -0.401152
v -0.019134 0.015676 0.385000
v 0.007413 -0.037266 -0.401152
v -0.027779 0.011056 0.385000
v 0.014541 -0.035104 -0.401152
v -0.035355 0.004838 0.385000
v -0.041573 -0.002739 0.385000
v 0.021110 -0.031593 -0.401152
v -0.046194 -0.011384 0.385000
v -0.049039 -0.020763 0.385000
v 0.026867 -0.026867 -0.401152
v -0.050000 -0.030518 0.385000
v -0.049039 -0.040272 0.385000
v 0.031593 -0.021110 -0.401152
v -0.046194 -0.049652 0.385000
v -0.041573 -0.058296 0.385000
v -0.035355 -0.065873 0.385000
v 0.035104 -0.014541 -0.401152
v -0.027779 -0.072091 0.385000
v 0.037266 -0.007413 -0.401152
v -0.019134 -0.076712 0.385000
v -0.009755 -0.079557 0.385000
v 0.000000 -0.080518 0.385000
v 0.037996 0.000000 -0.401152
v 0.009755 -0.079557 0.385000
v 0.037266 0.007413 0.363227
v 0.019134 -0.076712 0.385000
v 0.037266 0.007413 -0.401152
v 0.027779 -0.072091 0.385000
v 0.035104 0.014541 0.363227
v 0.035355 -0.065873 0.385000
v 0.035104 0.014541 -0.401152
v 0.041573 -0.058296 0.385000
v 0.031593 0.021110 0.363227
v 0.046194 -0.049652 0.385000
v 0.031593 0.021110 -0.401152
v 0.049039 -0.040272 0.385000
v 0.026867 0.026867 0.363227
v 0.050000 -0.030518 0.385000
v 0.026867 0.026867 -0.401152
v 0.021110 0.031593 0.363227
v 0.049039 -0.020763 0.385000
v 0.021110 0.031593 -0.401152
v 0.046194 -0.011384 0.385000
v 0.041573 -0.002739 0.385000
v 0.014541 0.035104 0.363227
v 0.035355 0.004838 0.385000
v 0.014541 0.035104 -0.401152
v 0.027779 0.011056 0.385000
v 0.007413 0.037266 0.363227
v 0.019134 0.015676 0.385000
v 0.007413 0.037266 -0.401152
v 0.000000 0.037996 0.363227
v 0.000000 0.037996 -0.401152
vn -0.5899 -0.8015 -0.0980
vn -0.5991 -0.7953 -0.0925
vn -0.6079 -0.7892 -0.0871
vn -0.6165 -0.7831 -0.0819
vn -0.6248 -0.7770 -0.0767
vn -0.6328 -0.7710 -0.0717
vn -0.4139 -0.9009 -0.1304
vn -0.4226 -0.8974 -0.1265
vn -0.4310 -0.8940 -0.1227
vn -0.4391 -0.8905 -0.1190
vn -0.4469 -0.8871 -0.1155
vn -0.4545 -0.8837 -0.1120
vn -0.4618 -0.8803 -0.1086
vn -0.4688 -0.8770 -0.1053
vn -0.2493 -0.9591 -0.1340
vn -0.2556 -0.9577 -0.1321
vn -0.2616 -0.9564 -0.1302
vn -0.2673 -0.9550 -0.1284
vn -0.2729 -0.9537 -0.1266
vn -0.2781 -0.9524 -0.1250
vn -0.2832 -0.9511 -0.1233
vn -0.2881 -0.9498 -0.1218
vn -0.0827 -0.9888 -0.1243
vn -0.0851 -0.9886 -0.1239
vn -0.0874 -0.9885 -0.1235
vn -0.0896 -0.9883 -0.1232
vn -0.0916 -0.9882 -0.1228
vn -0.0936 -0.9880 -0.1225
vn -0.0955 -0.9879 -0.1222
vn -0.0973 -0.9878 -0.1219
vn 0.0795 -0.9908 -0.1094
vn 0.0821 -0.9906 -0.1094
vn 0.0847 -0.9904 -0.1094
vn 0.0870 -0.9902 -0.1094
vn 0.0893 -0.9900 -0.1093
vn 0.0915 -0.9898 -0.1093
vn 0.0936 -0.9896 -0.1093
vn 0.0955 -0.9894 -0.1093
vn 0.2370 -0.9666 -0.0976
vn 0.2447 -0.9648 -0.0961
vn 0.2520 -0.9631 -0.0948
vn 0.2589 -0.9614 -0.0935
vn 0.2656 -0.9597 -0.0922
vn 0.2719 -0.9580 -0.0910
vn 0.2779 -0.9564 -0.0899
vn 0.2837 -0.9548 -0.0888
vn 0.3935 -0.9152 -0.0864
vn 0.4047 -0.9107 -0.0825
vn 0.4154 -0.9062 -0.0787
vn 0.4256 -0.9018 -0.0750
vn 0.4354 -0.8974 -0.0715
vn 0.4448 -0.8931 -0.0681
vn 0.4537 -0.8888 -0.0648
vn 0.4623 -0.8846 -0.0616
vn 0.5458 -0.8352 -0.0677
vn 0.5585 -0.8272 -0.0612
vn 0.5708 -0.8193 -0.0549
vn 0.5825 -0.8114 -0.0487
vn 0.5937 -0.8035 -0.0427
vn 0.6045 -0.7957 -0.0368
vn 0.6148 -0.7880 -0.0312
vn 0.6248 -0.7804 -0.0257
vn 0.6870 -0.7257 -0.0359
vn 0.6996 -0.7141 -0.0272
vn 0.7115 -0.7024 -0.0187
vn 0.7229 -0.6908 -0.0103
vn 0.7339 -0.6793 -0.0022
vn 0.7443 -0.6679 0.0057
vn 0.7542 -0.6565 0.0134
vn 0.7637 -0.6453 0.0209
vn 0.8090 -0.5878 0.0106
vn 0.8196 -0.5726 0.0209
vn 0.8296 -0.5574 0.0310
vn 0.8391 -0.5424 0.0409
vn 0.8480 -0.5275 0.0505
vn 0.8564 -0.5128 0.0599
vn 0.8643 -0.4982 0.0690
vn 0.8717 -0.4838 0.0779
vn 0.9028 -0.4243 0.0702
vn 0.9101 -0.4062 0.0815
vn 0.9169 -0.3884 0.0925
vn 0.9230 -0.3707 0.1032
vn 0.9286 -0.3534 0.1135
vn 0.9336 -0.3363 0.1236
vn 0.9381 -0.3195 0.1334
vn 0.9422 -0.3031 0.1428
vn 0.9604 -0.2411 0.1397
vn 0.9634 -0.2214 0.1511
vn 0.9658 -0.2021 0.1622
vn 0.9677 -0.1833 0.1729
vn 0.9692 -0.1648 0.1832
vn 0.9701 -0.1469 0.1931
vn 0.9707 -0.1293 0.2027
vn 0.9708 -0.1122 0.2120
vn 0.9756 -0.0469 0.2144
vn 0.9739 -0.0273 0.2251
vn 0.9719 -0.0082 0.2355
vn 0.9694 0.0102 0.2454
vn 0.9666 0.0281 0.2548
vn 0.9635 0.0454 0.2639
vn 0.9601 0.0621 0.2726
vn 0.9565 0.0782 0.2809
vn 0.9459 0.1474 0.2892
vn 0.9400 0.1652 0.2986
vn 0.9339 0.1824 0.3074
vn 0.9277 0.1989 0.3159
vn 0.9214 0.2147 0.3239
vn 0.9150 0.2298 0.3316
vn 0.9086 0.2444 0.3388
vn 0.9021 0.2583 0.3457
vn 0.8727 0.3305 0.3593
vn 0.8639 0.3452 0.3667
vn 0.8552 0.3592 0.3737
vn 0.8465 0.3726 0.3803
vn 0.8379 0.3853 0.3866
vn 0.8295 0.3974 0.3924
vn 0.8212 0.4089 0.3980
vn 0.8131 0.4199 0.4032
vn 0.7618 0.4927 0.4207
vn 0.7516 0.5035 0.4260
vn 0.7418 0.5138 0.4310
vn 0.7322 0.5235 0.4357
vn 0.7229 0.5327 0.4400
vn 0.7139 0.5414 0.4441
vn 0.7051 0.5497 0.4480
vn 0.6966 0.5575 0.4516
vn 0.6206 0.6270 0.4709
vn 0.6108 0.6340 0.4742
vn 0.6015 0.6406 0.4773
vn 0.5924 0.6468 0.4802
vn 0.5838 0.6527 0.4829
vn 0.5754 0.6582 0.4854
vn 0.5674 0.6634 0.4878
vn 0.5597 0.6683 0.4900
vn 0.4574 0.7295 0.5085
vn 0.4494 0.7333 0.5102
vn 0.4419 0.7368 0.5118
vn 0.4346 0.7400 0.5133
vn 0.4277 0.7431 0.5146
vn 0.4211 0.7460 0.5159
vn 0.4147 0.7487 0.5171
vn 0.4087 0.7513 0.5182
vn 0.2798 0.7985 0.5331
vn 0.2746 0.7999 0.5337
vn 0.2697 0.8011 0.5342
vn 0.2651 0.8023 0.5348
vn 0.2607 0.8035 0.5352
vn 0.2565 0.8045 0.5357
vn 0.2524 0.8055 0.5361
vn 0.2455 0.8094 0.5334
vn 0.2486 0.8065 0.5365
vn 0.0941 0.8334 0.5447
vn 0.0923 0.8335 0.5447
vn 0.0906 0.8337 0.5448
vn 0.0891 0.8338 0.5448
vn 0.0876 0.8339 0.5449
vn 0.0861 0.8341 0.5449
vn 0.0847 0.8342 0.5449
vn 0.0834 0.8343 0.5450
vn 0.0989 -0.8449 -0.5257
vn 0.0793 -0.9944 -0.0693
vn 0.0313 -0.8835 0.4673
vn 0.2929 -0.8126 -0.5038
vn 0.2376 -0.9693 -0.0634
vn 0.0953 -0.8787 0.4677
vn 0.4755 -0.7501 -0.4596
vn 0.3936 -0.9181 -0.0476
vn 0.1634 -0.8672 0.4703
vn 0.6393 -0.6603 -0.3940
vn 0.5430 -0.8395 -0.0193
vn 0.2369 -0.8465 0.4768
vn 0.7779 -0.5476 -0.3084
vn 0.6788 -0.7339 0.0251
vn 0.3156 -0.8125 0.4902
vn 0.8856 -0.4169 -0.2049
vn 0.7922 -0.6038 0.0889
vn 0.3954 -0.7608 0.5146
vn 0.9580 -0.2737 -0.0862
vn 0.8733 -0.4550 0.1742
vn 0.4668 -0.6884 0.5552
vn 0.9908 -0.1293 0.0405
vn 0.9109 -0.3081 0.2745
vn 0.5097 -0.6071 0.6096
vn 0.9900 -0.0470 0.1328
vn 0.9041 -0.2872 0.3164
vn 0.4979 -0.6155 0.6109
vn 0.9575 0.0792 0.2775
vn 0.8661 -0.1886 0.4629
vn 0.4545 -0.5629 0.6903
vn 0.8852 0.1986 0.4207
vn 0.7855 -0.1029 0.6103
vn 0.3848 -0.5227 0.7607
vn 0.7776 0.3026 0.5512
vn 0.6730 -0.0386 0.7386
vn 0.3079 -0.4979 0.8108
vn 0.6391 0.3890 0.6635
vn 0.5385 0.0072 0.8426
vn 0.2317 -0.4835 0.8441
vn 0.4753 0.4557 0.7526
vn 0.3909 0.0379 0.9197
vn 0.1606 -0.4754 0.8650
vn 0.2929 0.5013 0.8142
vn 0.2365 0.0571 0.9699
vn 0.0944 -0.4709 0.8772
vn 0.0989 0.5248 0.8455
vn 0.0792 0.0672 0.9946
vn 0.0312 -0.4684 0.8830
vn -0.0973 0.5258 0.8450
vn -0.0757 0.0696 0.9947
vn -0.0290 -0.4672 0.8837
vn -0.2883 0.5048 0.8137
vn -0.2272 0.0650 0.9717
vn -0.0886 -0.4668 0.8799
vn -0.4687 0.4620 0.7529
vn -0.3777 0.0518 0.9245
vn -0.1522 -0.4679 0.8706
vn -0.6316 0.3982 0.6652
vn -0.5238 0.0273 0.8514
vn -0.2213 -0.4717 0.8535
vn -0.7704 0.3146 0.5545
vn -0.6594 -0.0124 0.7517
vn -0.2969 -0.4810 0.8249
vn -0.8793 0.2132 0.4258
vn -0.7754 -0.0700 0.6275
vn -0.3753 -0.4977 0.7819
vn -0.9538 0.0967 0.2845
vn -0.8625 -0.1481 0.4840
vn -0.4515 -0.5267 0.7202
vn -0.9897 -0.0295 0.1402
vn -0.9092 -0.2450 0.3365
vn -0.5090 -0.5722 0.6430
vn -0.9888 -0.1447 0.0359
vn -0.8996 -0.3499 0.2615
vn -0.4824 -0.6520 0.5850
vn -0.9530 -0.2894 -0.0897
vn -0.8520 -0.4963 0.1665
vn -0.4273 -0.7244 0.5410
vn -0.8787 -0.4304 -0.2068
vn -0.7661 -0.6367 0.0875
vn -0.3584 -0.7816 0.5106
vn -0.7698 -0.5587 -0.3087
vn -0.6515 -0.7581 0.0285
vn -0.2854 -0.8227 0.4915
vn -0.6311 -0.6687 -0.3930
vn -0.5182 -0.8552 -0.0131
vn -0.2146 -0.8504 0.4804
vn -0.4684 -0.7556 -0.4579
vn -0.3744 -0.9264 -0.0408
vn -0.1488 -0.8678 0.4741
vn -0.2882 -0.8154 -0.5021
vn -0.2259 -0.9724 -0.0580
vn -0.0874 -0.8780 0.4706
vn -0.0972 -0.8456 -0.5249
vn -0.0755 -0.9949 -0.0672
vn -0.0289 -0.8830 0.4684
vn -0.0000 -0.7071 0.7071
vn 0.0001 -0.7073 0.7069
vn 0.0005 -0.7073 0.7069
vn -0.0008 -0.7070 0.7073
vn 0.0002 -0.7072 0.7070
vn 0.0027 -0.7059 0.7083
vn 0.0003 -0.7066 0.7076
vn -0.0003 -0.7066 0.7076
vn -0.0027 -0.7059 0.7083
vn -0.0003 -0.7072 0.7070
vn 0.0009 -0.7069 0.7073
vn -0.0005 -0.7073 0.7069
vn -0.0001 -0.7073 0.7069
vn -0.0001 -0.7071 0.7072
vn 0.0005 -0.7071 0.7071
vn -0.0002 -0.7073 0.7070
vn 0.0002 -0.7073 0.7070
vn -0.0005 -0.7071 0.7071
vn 0.0001 -0.7071 0.7072
vn -0.5804 -0.8077 -0.1036
vn 0.0972 -0.8456 -0.5249
vn -0.5706 -0.8139 -0.1093
vn -0.7728 -0.6342 -0.0222
vn -0.7651 -0.6432 -0.0287
vn -0.7572 -0.6523 -0.0354
vn -0.7489 -0.6614 -0.0423
vn -0.7402 -0.6705 -0.0492
vn -0.7313 -0.6798 -0.0564
vn -0.7220 -0.6890 -0.0636
vn -0.7123 -0.6983 -0.0710
vn -0.8812 -0.4710 0.0402
vn -0.8752 -0.4827 0.0325
vn -0.8688 -0.4946 0.0247
vn -0.8621 -0.5065 0.0166
vn -0.8550 -0.5186 0.0084
vn -0.8475 -0.5307 -0.0000
vn -0.8397 -0.5430 -0.0085
vn -0.8315 -0.5553 -0.0172
vn -0.9510 -0.2885 0.1115
vn -0.9477 -0.3021 0.1032
vn -0.9440 -0.3160 0.0947
vn -0.9400 -0.3301 0.0860
vn -0.9356 -0.3444 0.0770
vn -0.9309 -0.3589 0.0679
vn -0.9257 -0.3736 0.0585
vn -0.9202 -0.3885 0.0490
vn -0.9777 -0.0963 0.1867
vn -0.9777 -0.1107 0.1785
vn -0.9774 -0.1255 0.1700
vn -0.9768 -0.1406 0.1613
vn -0.9760 -0.1560 0.1523
vn -0.9747 -0.1717 0.1430
vn -0.9731 -0.1878 0.1335
vn -0.9711 -0.2041 0.1236
vn -0.9607 0.0946 0.2610
vn -0.9639 0.0808 0.2535
vn -0.9670 0.0665 0.2457
vn -0.9700 0.0519 0.2376
vn -0.9727 0.0367 0.2292
vn -0.9751 0.0212 0.2205
vn -0.9774 0.0052 0.2115
vn -0.9793 -0.0113 0.2021
vn -0.9032 0.2740 0.3303
vn -0.9091 0.2619 0.3239
vn -0.9149 0.2494 0.3173
vn -0.9207 0.2364 0.3104
vn -0.9265 0.2229 0.3032
vn -0.9322 0.2088 0.2956
vn -0.9378 0.1943 0.2877
vn -0.9433 0.1792 0.2795
vn -0.8116 0.4338 0.3913
vn -0.8190 0.4242 0.3864
vn -0.8265 0.4142 0.3813
vn -0.8341 0.4037 0.3758
vn -0.8419 0.3927 0.3701
vn -0.8497 0.3813 0.3641
vn -0.8577 0.3693 0.3578
vn -0.8657 0.3568 0.3512
vn -0.6932 0.5689 0.4425
vn -0.7010 0.5620 0.4390
vn -0.7090 0.5548 0.4354
vn -0.7172 0.5472 0.4315
vn -0.7256 0.5392 0.4274
vn -0.7343 0.5308 0.4231
vn -0.7433 0.5219 0.4185
vn -0.7524 0.5126 0.4136
vn -0.5554 0.6768 0.4831
vn -0.5626 0.6725 0.4810
vn -0.5699 0.6679 0.4787
vn -0.5776 0.6630 0.4762
vn -0.5855 0.6579 0.4736
vn -0.5937 0.6525 0.4709
vn -0.6022 0.6468 0.4679
vn -0.6111 0.6407 0.4648
vn -0.4046 0.7569 0.5133
vn -0.4102 0.7546 0.5122
vn -0.4161 0.7522 0.5110
vn -0.4222 0.7497 0.5097
vn -0.4286 0.7470 0.5083
vn -0.4353 0.7441 0.5068
vn -0.4422 0.7411 0.5052
vn -0.4495 0.7378 0.5036
vn -0.2491 0.8086 0.5330
vn -0.2449 0.8074 0.5368
vn -0.2492 0.8086 0.5330
vn -0.2529 0.8077 0.5325
vn -0.2569 0.8068 0.5320
vn -0.2610 0.8058 0.5315
vn -0.2653 0.8048 0.5310
vn -0.2699 0.8037 0.5304
vn -0.2746 0.8025 0.5297
vn -0.0824 0.8351 0.5439
vn -0.0835 0.8350 0.5438
vn -0.0848 0.8349 0.5438
vn -0.0862 0.8348 0.5437
vn -0.0876 0.8347 0.5436
vn -0.0891 0.8346 0.5436
vn -0.0907 0.8345 0.5435
vn -0.0923 0.8344 0.5434
vn 0.0960 0.8332 0.5446
vn -0.0941 0.8342 0.5433
vn -0.2796 0.8012 0.5290
vn -0.4571 0.7344 0.5018
vn -0.6203 0.6343 0.4614
vn -0.7618 0.5028 0.4085
vn -0.8738 0.3436 0.3441
vn -0.9486 0.1635 0.2709
vn -0.9809 -0.0282 0.1924
vn -0.9687 -0.2208 0.1135
vn -0.9141 -0.4035 0.0392
vn -0.8228 -0.5677 -0.0260
vn -0.7023 -0.7076 -0.0785
vn -0.5604 -0.8202 -0.1152
vn -0.4049 -0.9044 -0.1344
vn -0.2428 -0.9605 -0.1361
vn -0.0802 -0.9889 -0.1247
vn 0.0766 -0.9910 -0.1095
vn 0.2290 -0.9684 -0.0990
vn 0.3818 -0.9198 -0.0905
vn 0.5325 -0.8432 -0.0745
vn 0.6740 -0.7374 -0.0448
vn 0.7977 -0.6030 -0.0000
vn 0.8948 -0.4425 0.0587
vn 0.9568 -0.2611 0.1278
vn 0.9768 -0.0671 0.2031
vn 0.9515 0.1288 0.2794
vn 0.8816 0.3150 0.3514
vn 0.7722 0.4811 0.4151
vn 0.6307 0.6195 0.4673
vn 0.4657 0.7255 0.5067
vn 0.2852 0.7970 0.5324
vn 0.0980 -0.7037 -0.7037
vn 0.2903 -0.6767 -0.6767
vn -0.2903 -0.6767 -0.6767
vn -0.4714 -0.6236 -0.6236
vn -0.6344 -0.5466 -0.5466
vn -0.7730 -0.4486 -0.4486
vn -0.8819 -0.3333 -0.3333
vn -0.9569 -0.2053 -0.2053
vn -0.9952 -0.0693 -0.0693
vn -0.9952 0.0693 0.0693
vn -0.9569 0.2053 0.2053
vn -0.8819 0.3333 0.3333
vn -0.7730 0.4486 0.4486
vn -0.6344 0.5466 0.5466
vn -0.4714 0.6236 0.6236
vn -0.2903 0.6767 0.6767
vn -0.0980 0.7037 0.7037
vn 0.0980 0.7037 0.7037
vn 0.2903 0.6767 0.6767
vn 0.4714 0.6236 0.6236
vn 0.6344 0.5466 0.5466
vn 0.7730 0.4486 0.4486
vn 0.8819 0.3333 0.3333
vn 0.9569 0.2053 0.2053
vn 0.9952 0.0693 0.0693
vn 0.9952 -0.0693 -0.0693
vn 0.9569 -0.2053 -0.2053
vn 0.8819 -0.3333 -0.3333
vn 0.7730 -0.4486 -0.4486
vn 0.6344 -0.5466 -0.5466
vn 0.4714 -0.6236 -0.6236
vn -0.0980 -0.7037 -0.7037
vn -0.7536 0.6184 -0.2229
vn -0.7724 0.6339 -0.0392
vn -0.8597 0.4595 -0.2229
vn -0.8277 0.5531 -0.0947
vn -0.8812 0.4710 -0.0392
vn -0.9329 0.2830 -0.2229
vn -0.9197 0.3810 -0.0947
vn -0.9562 0.2901 -0.0392
vn -0.9701 0.0956 -0.2229
vn -0.9764 0.1942 -0.0947
vn -0.9944 0.0979 -0.0392
vn -0.9701 -0.0955 -0.2229
vn -0.9955 -0.0000 -0.0947
vn -0.9944 -0.0979 -0.0392
vn -0.9329 -0.2830 -0.2229
vn -0.9764 -0.1942 -0.0947
vn -0.9562 -0.2901 -0.0392
vn -0.8597 -0.4595 -0.2229
vn -0.9197 -0.3810 -0.0947
vn -0.8812 -0.4710 -0.0392
vn -0.7536 -0.6184 -0.2229
vn -0.8277 -0.5531 -0.0947
vn -0.7724 -0.6339 -0.0392
vn -0.6184 -0.7536 -0.2229
vn -0.7039 -0.7039 -0.0947
vn -0.6339 -0.7724 -0.0392
vn -0.4595 -0.8597 -0.2229
vn -0.5531 -0.8277 -0.0947
vn -0.4710 -0.8812 -0.0392
vn -0.2830 -0.9329 -0.2229
vn -0.3810 -0.9197 -0.0947
vn -0.2901 -0.9562 -0.0392
vn -0.0955 -0.9701 -0.2229
vn -0.1942 -0.9764 -0.0947
vn -0.0979 -0.9944 -0.0392
vn 0.0955 -0.9701 -0.2229
vn -0.0000 -0.9955 -0.0947
vn 0.0979 -0.9944 -0.0392
vn 0.2830 -0.9329 -0.2229
vn 0.1942 -0.9764 -0.0947
vn 0.2901 -0.9562 -0.0392
vn 0.4595 -0.8597 -0.2229
vn 0.3810 -0.9197 -0.0947
vn 0.4710 -0.8812 -0.0392
vn 0.6184 -0.7536 -0.2229
vn 0.5531 -0.8277 -0.0947
vn 0.6339 -0.7724 -0.0392
vn 0.7536 -0.6184 -0.2229
vn 0.7039 -0.7039 -0.0947
vn 0.7724 -0.6339 -0.0392
vn 0.8597 -0.4595 -0.2229
vn 0.8277 -0.5531 -0.0947
vn 0.8812 -0.4710 -0.0392
vn 0.9329 -0.2830 -0.2229
vn 0.9197 -0.3810 -0.0947
vn 0.9562 -0.2901 -0.0392
vn 0.9701 -0.0956 -0.2229
vn 0.9764 -0.1942 -0.0947
vn 0.9944 -0.0979 -0.0392
vn 0.9701 0.0956 -0.2229
vn 0.9955 -0.0000 -0.0947
vn 0.9944 0.0979 -0.0392
vn 0.9329 0.2830 -0.2229
vn 0.9764 0.1942 -0.0947
vn 0.9562 0.2901 -0.0392
vn 0.8597 0.4595 -0.2229
vn 0.9197 0.3810 -0.0947
vn 0.8812 0.4710 -0.0392
vn 0.7535 0.6185 -0.2229
vn 0.8277 0.5531 -0.0947
vn 0.7724 0.6339 -0.0392
vn -0.4714 0.8819 -0.0000
vn -0.6344 0.7730 -0.0000
vn -0.7730 0.6344 -0.0000
vn -0.8819 0.4714 -0.0000
vn -0.9569 0.2903 -0.0000
vn -0.9952 0.0980 -0.0000
vn -0.9952 -0.0980 -0.0000
vn -0.9569 -0.2903 -0.0000
vn -0.8819 -0.4714 -0.0000
vn -0.7730 -0.6344 -0.0000
vn -0.6344 -0.7730 -0.0000
vn -0.4714 -0.8819 -0.0000
vn -0.2903 -0.9569 -0.0000
vn -0.0980 -0.9952 -0.0000
vn 0.0980 -0.9952 -0.0000
vn 0.2903 -0.9569 -0.0000
vn 0.4714 -0.8819 -0.0000
vn 0.6344 -0.7730 -0.0000
vn 0.7730 -0.6344 -0.0000
vn 0.8819 -0.4714 -0.0000
vn 0.9569 -0.2903 -0.0000
vn 0.9952 -0.0980 -0.0000
vn 0.9952 0.0980 -0.0000
vn 0.9569 0.2903 -0.0000
vn 0.8819 0.4714 -0.0000
vn 0.7730 0.6344 -0.0000
vn 0.6344 0.7730 -0.0000
vn 0.4714 0.8819 -0.0000
vn -0.0000 -0.0000 -1.0000
vn 0.0001 -0.0000 -1.0000
vn -0.0001 -0.0000 -1.0000
vn -0.7696 0.6316 -0.0943
vn -0.8780 0.4693 -0.0943
vn -0.9527 0.2890 -0.0943
vn -0.9908 0.0976 -0.0943
vn -0.9908 -0.0976 -0.0943
vn -0.9527 -0.2890 -0.0943
vn -0.8780 -0.4693 -0.0943
vn -0.7696 -0.6316 -0.0943
vn -0.6316 -0.7696 -0.0943
vn -0.4693 -0.8780 -0.0943
vn -0.2890 -0.9527 -0.0943
vn -0.0976 -0.9908 -0.0943
vn 0.0976 -0.9908 -0.0943
vn 0.2890 -0.9527 -0.0943
vn 0.4693 -0.8780 -0.0943
vn 0.6316 -0.7696 -0.0943
vn 0.7696 -0.6316 -0.0943
vn 0.8780 -0.4693 -0.0943
vn 0.9527 -0.2890 -0.0943
vn 0.9908 -0.0976 -0.0943
vn 0.9908 0.0976 -0.0943
vn 0.9527 0.2890 -0.0943
vn 0.8780 0.4693 -0.0943
vn 0.7696 0.6316 -0.0943
vn 1.0000 -0.0000 -0.0000
vn -0.0457 -0.9015 0.4303
vn 0.0074 0.0951 0.9954
vn 0.1083 0.9135 0.3922
vn 0.0660 -0.9124 0.4040
vn -0.0222 0.0466 0.9987
vn -0.0736 0.9249 0.3730
vn -0.9902 0.1361 0.0307
vn -0.8922 0.4406 0.0997
vn -0.5190 0.8335 0.1896
vn 0.0483 0.9744 0.2197
vn -0.0000 0.9754 0.2205
vn -0.0483 0.9744 0.2197
vn 0.5190 0.8335 0.1896
vn 0.8922 0.4406 0.0997
vn 0.9902 0.1361 0.0307
vn -0.0790 0.9895 0.1212
vn -0.0894 0.9959 -0.0135
vn -0.0828 0.9849 -0.1522
vn 0.0927 0.9889 0.1162
vn 0.0821 0.9966 -0.0090
vn 0.0976 0.9854 -0.1395
vn 0.2184 -0.0197 0.9757
vn -0.0000 -0.8057 0.5923
vn -0.8358 0.0907 0.5415
vn -0.1836 0.9146 0.3603
vn -0.0000 0.9368 0.3500
vn 0.1836 0.9146 0.3603
vn 0.3125 0.9499 0.0083
vn 0.1192 0.9838 0.1339
vn -0.0000 0.9901 0.1407
vn -0.1192 0.9838 0.1339
vn -0.0585 0.9983 -0.0060
vn 0.0749 0.9908 -0.1129
vn -0.0622 -0.9662 0.2502
vn 0.0622 -0.9662 0.2502
vn -0.0977 0.9704 0.2208
vn -1.0000 -0.0000 -0.0000
vn -0.0949 0.9637 -0.2496
vn 0.0214 -0.2177 -0.9758
vn -0.0739 0.2172 0.9733
vn 0.0739 0.2172 0.9733
vn 0.0949 0.9637 -0.2496
vn 0.0880 0.9717 0.2191
vn -0.9935 0.1130 0.0114
vn 0.9560 0.2900 0.0441
vn -0.5974 0.7861 0.1585
vn 0.2837 0.9354 0.2112
vn 0.8787 0.4697 0.0857
vn -0.7389 0.6629 0.1210
vn -0.0214 -0.2177 -0.9758
vn 0.7668 0.6293 0.1269
vn -0.8564 0.5104 0.0777
vn -0.2676 0.9407 0.2084
vn 0.6259 0.7627 0.1631
vn -0.9433 0.3303 0.0332
vn 0.9926 0.1212 -0.0000
vn 0.9951 0.0980 0.0099
vn -0.4384 0.8789 0.1880
vn -0.0000 -0.5907 0.8069
vn -0.0000 -0.5908 0.8068
vn 0.0001 -0.5907 0.8069
vn -0.0000 -0.5908 0.8069
vn -0.0001 -0.5907 0.8069
vn -0.2589 -0.9614 -0.0935
vn -0.2656 -0.9597 -0.0922
vn -0.2719 -0.9580 -0.0910
vn -0.2779 -0.9564 -0.0899
vn -0.2837 -0.9548 -0.0888
vn -0.0795 -0.9908 -0.1094
vn -0.0821 -0.9906 -0.1094
vn -0.0847 -0.9904 -0.1094
vn -0.0870 -0.9902 -0.1094
vn -0.0893 -0.9900 -0.1093
vn -0.0915 -0.9898 -0.1093
vn -0.0936 -0.9896 -0.1093
vn -0.0955 -0.9894 -0.1093
vn 0.0827 -0.9888 -0.1243
vn 0.0851 -0.9886 -0.1239
vn 0.0874 -0.9885 -0.1235
vn 0.0896 -0.9883 -0.1232
vn 0.0916 -0.9882 -0.1228
vn 0.0936 -0.9880 -0.1225
vn 0.0955 -0.9879 -0.1222
vn 0.0973 -0.9878 -0.1219
vn 0.2493 -0.9591 -0.1340
vn 0.2556 -0.9577 -0.1321
vn 0.2616 -0.9564 -0.1302
vn 0.2673 -0.9550 -0.1284
vn 0.2729 -0.9537 -0.1266
vn 0.2781 -0.9524 -0.1250
vn 0.2832 -0.9511 -0.1233
vn 0.2881 -0.9498 -0.1218
vn 0.4139 -0.9009 -0.1304
vn 0.4226 -0.8974 -0.1265
vn 0.4310 -0.8940 -0.1227
vn 0.4391 -0.8905 -0.1190
vn 0.4469 -0.8871 -0.1155
vn 0.4545 -0.8837 -0.1120
vn 0.4618 -0.8803 -0.1086
vn 0.4688 -0.8770 -0.1053
vn 0.5706 -0.8139 -0.1093
vn 0.5804 -0.8077 -0.1036
vn 0.5899 -0.8015 -0.0980
vn 0.5991 -0.7953 -0.0925
vn 0.6079 -0.7892 -0.0871
vn 0.6165 -0.7831 -0.0819
vn 0.6248 -0.7770 -0.0767
vn 0.6328 -0.7710 -0.0717
vn 0.7123 -0.6983 -0.0710
vn 0.7220 -0.6890 -0.0636
vn 0.7313 -0.6798 -0.0564
vn 0.7402 -0.6705 -0.0492
vn 0.7489 -0.6614 -0.0423
vn 0.7572 -0.6523 -0.0354
vn 0.7651 -0.6432 -0.0287
vn 0.7728 -0.6342 -0.0222
vn 0.8315 -0.5553 -0.0172
vn 0.8397 -0.5430 -0.0085
vn 0.8475 -0.5307 -0.0000
vn 0.8550 -0.5186 0.0084
vn 0.8621 -0.5065 0.0166
vn 0.8688 -0.4946 0.0247
vn 0.8752 -0.4827 0.0325
vn 0.8812 -0.4710 0.0402
vn 0.9202 -0.3885 0.0490
vn 0.9257 -0.3736 0.0585
vn 0.9309 -0.3589 0.0679
vn 0.9356 -0.3444 0.0770
vn 0.9400 -0.3301 0.0860
vn 0.9440 -0.3160 0.0947
vn 0.9477 -0.3021 0.1032
vn 0.9510 -0.2885 0.1115
vn 0.9711 -0.2041 0.1236
vn 0.9731 -0.1878 0.1335
vn 0.9747 -0.1717 0.1430
vn 0.9760 -0.1560 0.1523
vn 0.9768 -0.1406 0.1613
vn 0.9774 -0.1255 0.1700
vn 0.9777 -0.1107 0.1785
vn 0.9777 -0.0963 0.1867
vn 0.9793 -0.0113 0.2021
vn 0.9774 0.0052 0.2115
vn 0.9751 0.0212 0.2205
vn 0.9727 0.0367 0.2292
vn 0.9700 0.0519 0.2376
vn 0.9670 0.0665 0.2457
vn 0.9639 0.0808 0.2535
vn 0.9607 0.0946 0.2610
vn 0.9433 0.1792 0.2795
vn 0.9378 0.1943 0.2877
vn 0.9322 0.2088 0.2956
vn 0.9265 0.2229 0.3032
vn 0.9207 0.2364 0.3104
vn 0.9149 0.2494 0.3173
vn 0.9091 0.2619 0.3239
vn 0.9032 0.2740 0.3303
vn 0.8657 0.3568 0.3512
vn 0.8577 0.3693 0.3578
vn 0.8497 0.3813 0.3641
vn 0.8419 0.3927 0.3701
vn 0.8341 0.4037 0.3758
vn 0.8265 0.4142 0.3813
vn 0.8190 0.4242 0.3864
vn 0.8116 0.4338 0.3913
vn 0.7524 0.5126 0.4136
vn 0.7433 0.5219 0.4185
vn 0.7343 0.5308 0.4231
vn 0.7256 0.5392 0.4274
vn 0.7172 0.5472 0.4315
vn 0.7090 0.5548 0.4354
vn 0.7010 0.5620 0.4390
vn 0.6932 0.5689 0.4425
vn 0.6111 0.6407 0.4648
vn 0.6022 0.6468 0.4679
vn 0.5937 0.6525 0.4709
vn 0.5855 0.6579 0.4736
vn 0.5776 0.6630 0.4762
vn 0.5699 0.6679 0.4787
vn 0.5626 0.6725 0.4810
vn 0.5554 0.6768 0.4831
vn 0.4495 0.7378 0.5036
vn 0.4422 0.7411 0.5052
vn 0.4353 0.7441 0.5068
vn 0.4286 0.7470 0.5083
vn 0.4222 0.7497 0.5097
vn 0.4161 0.7522 0.5110
vn 0.4102 0.7546 0.5122
vn 0.4046 0.7569 0.5133
vn 0.2746 0.8025 0.5297
vn 0.2699 0.8037 0.5304
vn 0.2653 0.8048 0.5310
vn 0.2610 0.8058 0.5315
vn 0.2569 0.8068 0.5320
vn 0.2529 0.8077 0.5325
vn 0.2492 0.8086 0.5330
vn 0.0923 0.8344 0.5434
vn 0.0907 0.8345 0.5435
vn 0.0891 0.8346 0.5436
vn 0.0876 0.8347 0.5436
vn 0.0862 0.8348 0.5437
vn 0.0848 0.8349 0.5438
vn 0.0835 0.8350 0.5438
vn 0.0824 0.8351 0.5439
vn -0.2520 -0.9631 -0.0948
vn 0.0755 -0.9949 -0.0672
vn 0.0289 -0.8830 0.4684
vn 0.2882 -0.8154 -0.5021
vn 0.2259 -0.9724 -0.0580
vn 0.0874 -0.8780 0.4706
vn 0.4684 -0.7556 -0.4579
vn 0.3744 -0.9264 -0.0408
vn 0.1488 -0.8678 0.4741
vn 0.6311 -0.6687 -0.3931
vn 0.5182 -0.8552 -0.0131
vn 0.2147 -0.8504 0.4804
vn 0.7698 -0.5587 -0.3087
vn 0.6515 -0.7581 0.0285
vn 0.2854 -0.8227 0.4915
vn 0.8787 -0.4304 -0.2068
vn 0.7661 -0.6367 0.0875
vn 0.3584 -0.7816 0.5106
vn 0.9530 -0.2894 -0.0897
vn 0.8520 -0.4963 0.1665
vn 0.4274 -0.7243 0.5410
vn 0.9888 -0.1447 0.0359
vn 0.8996 -0.3499 0.2615
vn 0.4824 -0.6520 0.5850
vn 0.9897 -0.0295 0.1402
vn 0.9092 -0.2450 0.3366
vn 0.5091 -0.5722 0.6430
vn 0.9538 0.0967 0.2845
vn 0.8625 -0.1481 0.4840
vn 0.4515 -0.5267 0.7202
vn 0.8793 0.2132 0.4258
vn 0.7754 -0.0700 0.6275
vn 0.3753 -0.4977 0.7819
vn 0.7704 0.3146 0.5545
vn 0.6594 -0.0124 0.7517
vn 0.2969 -0.4810 0.8249
vn 0.6316 0.3982 0.6652
vn 0.5238 0.0273 0.8514
vn 0.2213 -0.4717 0.8535
vn 0.4687 0.4620 0.7529
vn 0.3777 0.0518 0.9245
vn 0.1522 -0.4679 0.8706
vn 0.2883 0.5048 0.8137
vn 0.2272 0.0650 0.9717
vn 0.0886 -0.4668 0.8799
vn 0.0973 0.5258 0.8450
vn 0.0757 0.0696 0.9947
vn 0.0290 -0.4672 0.8837
vn -0.0989 0.5248 0.8455
vn -0.0792 0.0672 0.9946
vn -0.0312 -0.4684 0.8830
vn -0.2929 0.5013 0.8142
vn -0.2365 0.0571 0.9699
vn -0.0944 -0.4709 0.8772
vn -0.4753 0.4557 0.7526
vn -0.3909 0.0379 0.9197
vn -0.1606 -0.4754 0.8650
vn -0.6391 0.3890 0.6635
vn -0.5385 0.0072 0.8426
vn -0.2317 -0.4835 0.8441
vn -0.7776 0.3026 0.5512
vn -0.6730 -0.0386 0.7386
vn -0.3078 -0.4979 0.8108
vn -0.8852 0.1986 0.4207
vn -0.7855 -0.1029 0.6103
vn -0.3848 -0.5227 0.7607
vn -0.9575 0.0792 0.2775
vn -0.8661 -0.1886 0.4629
vn -0.4545 -0.5629 0.6903
vn -0.9900 -0.0470 0.1328
vn -0.9041 -0.2872 0.3164
vn -0.4979 -0.6156 0.6109
vn -0.9908 -0.1293 0.0405
vn -0.9109 -0.3081 0.2745
vn -0.5097 -0.6071 0.6096
vn -0.9580 -0.2737 -0.0862
vn -0.8733 -0.4550 0.1742
vn -0.4668 -0.6884 0.5552
vn -0.8856 -0.4169 -0.2049
vn -0.7922 -0.6038 0.0889
vn -0.3954 -0.7608 0.5146
vn -0.7779 -0.5476 -0.3084
vn -0.6788 -0.7339 0.0251
vn -0.3156 -0.8125 0.4902
vn -0.6393 -0.6603 -0.3940
vn -0.5430 -0.8395 -0.0193
vn -0.2370 -0.8465 0.4768
vn -0.4755 -0.7501 -0.4596
vn -0.3936 -0.9181 -0.0476
vn -0.1634 -0.8672 0.4703
vn -0.2929 -0.8126 -0.5038
vn -0.2376 -0.9693 -0.0634
vn -0.0953 -0.8787 0.4677
vn -0.0989 -0.8449 -0.5257
vn -0.0793 -0.9944 -0.0693
vn -0.0313 -0.8835 0.4673
vn 0.0980 0.9952 -0.0000
vn 0.2903 0.9569 -0.0000
vn 0.4626 0.8656 0.1918
vn -0.2903 0.9569 -0.0000
vn -0.0980 0.9952 -0.0000
vn -0.2447 -0.9648 -0.0961
vn -0.2370 -0.9666 -0.0976
vn -0.4623 -0.8846 -0.0616
vn -0.4537 -0.8888 -0.0648
vn -0.4448 -0.8931 -0.0681
vn -0.4354 -0.8974 -0.0715
vn -0.4256 -0.9018 -0.0750
vn -0.4154 -0.9062 -0.0787
vn -0.4047 -0.9107 -0.0825
vn -0.3935 -0.9152 -0.0864
vn -0.6248 -0.7804 -0.0257
vn -0.6148 -0.7880 -0.0312
vn -0.6045 -0.7957 -0.0368
vn -0.5937 -0.8035 -0.0427
vn -0.5825 -0.8114 -0.0487
vn -0.5708 -0.8193 -0.0549
vn -0.5585 -0.8272 -0.0612
vn -0.5458 -0.8352 -0.0677
vn -0.7637 -0.6453 0.0209
vn -0.7542 -0.6565 0.0134
vn -0.7443 -0.6679 0.0057
vn -0.7339 -0.6793 -0.0022
vn -0.7229 -0.6908 -0.0103
vn -0.7115 -0.7024 -0.0187
vn -0.6996 -0.7141 -0.0272
vn -0.6870 -0.7257 -0.0359
vn -0.8717 -0.4838 0.0779
vn -0.8643 -0.4982 0.0690
vn -0.8564 -0.5128 0.0599
vn -0.8480 -0.5275 0.0505
vn -0.8391 -0.5424 0.0409
vn -0.8296 -0.5574 0.0310
vn -0.8196 -0.5726 0.0209
vn -0.8090 -0.5878 0.0106
vn -0.9422 -0.3031 0.1428
vn -0.9381 -0.3195 0.1334
vn -0.9336 -0.3363 0.1236
vn -0.9286 -0.3534 0.1135
vn -0.9230 -0.3707 0.1032
vn -0.9169 -0.3884 0.0925
vn -0.9101 -0.4062 0.0815
vn -0.9028 -0.4243 0.0702
vn -0.9708 -0.1122 0.2120
vn -0.9707 -0.1293 0.2027
vn -0.9701 -0.1469 0.1931
vn -0.9692 -0.1648 0.1832
vn -0.9677 -0.1833 0.1729
vn -0.9658 -0.2021 0.1622
vn -0.9634 -0.2214 0.1511
vn -0.9604 -0.2411 0.1397
vn -0.9565 0.0782 0.2809
vn -0.9601 0.0621 0.2726
vn -0.9635 0.0454 0.2639
vn -0.9666 0.0281 0.2548
vn -0.9694 0.0102 0.2454
vn -0.9719 -0.0082 0.2355
vn -0.9739 -0.0273 0.2251
vn -0.9756 -0.0469 0.2144
vn -0.9021 0.2583 0.3457
vn -0.9086 0.2444 0.3388
vn -0.9150 0.2298 0.3316
vn -0.9214 0.2147 0.3239
vn -0.9277 0.1989 0.3159
vn -0.9339 0.1824 0.3074
vn -0.9400 0.1652 0.2986
vn -0.9459 0.1474 0.2892
vn -0.8131 0.4199 0.4032
vn -0.8212 0.4089 0.3980
vn -0.8295 0.3974 0.3924
vn -0.8379 0.3853 0.3866
vn -0.8465 0.3726 0.3803
vn -0.8552 0.3592 0.3737
vn -0.8639 0.3452 0.3667
vn -0.8727 0.3305 0.3593
vn -0.6966 0.5575 0.4516
vn -0.7051 0.5497 0.4480
vn -0.7139 0.5414 0.4441
vn -0.7229 0.5327 0.4400
vn -0.7322 0.5235 0.4357
vn -0.7418 0.5138 0.4310
vn -0.7516 0.5035 0.4260
vn -0.7618 0.4927 0.4207
vn -0.5597 0.6683 0.4900
vn -0.5674 0.6634 0.4878
vn -0.5754 0.6582 0.4854
vn -0.5838 0.6527 0.4829
vn -0.5924 0.6468 0.4802
vn -0.6015 0.6406 0.4773
vn -0.6108 0.6340 0.4742
vn -0.6206 0.6270 0.4709
vn -0.4087 0.7513 0.5182
vn -0.4147 0.7487 0.5171
vn -0.4211 0.7460 0.5159
vn -0.4277 0.7431 0.5146
vn -0.4346 0.7400 0.5133
vn -0.4419 0.7368 0.5118
vn -0.4494 0.7333 0.5102
vn -0.4574 0.7295 0.5085
vn -0.2456 0.8073 0.5366
vn -0.2524 0.8055 0.5361
vn -0.2565 0.8045 0.5357
vn -0.2607 0.8035 0.5352
vn -0.2651 0.8023 0.5348
vn -0.2697 0.8011 0.5342
vn -0.2746 0.7999 0.5337
vn -0.2798 0.7985 0.5331
vn -0.0834 0.8343 0.5450
vn -0.0847 0.8342 0.5449
vn -0.0861 0.8341 0.5449
vn -0.0876 0.8339 0.5449
vn -0.0891 0.8338 0.5448
vn -0.0907 0.8337 0.5448
vn -0.0923 0.8335 0.5447
vn -0.0941 0.8334 0.5447
vn 0.0941 0.8342 0.5433
vn -0.0960 0.8332 0.5446
vn -0.2852 0.7970 0.5324
vn -0.4657 0.7255 0.5067
vn -0.6307 0.6195 0.4673
vn -0.7722 0.4811 0.4151
vn -0.8816 0.3150 0.3514
vn -0.9515 0.1288 0.2794
vn -0.9768 -0.0671 0.2031
vn -0.9568 -0.2611 0.1278
vn -0.8948 -0.4425 0.0587
vn -0.7977 -0.6030 -0.0000
vn -0.6740 -0.7374 -0.0448
vn -0.5325 -0.8432 -0.0745
vn -0.3818 -0.9198 -0.0905
vn -0.2290 -0.9684 -0.0990
vn -0.0766 -0.9910 -0.1095
vn 0.0802 -0.9889 -0.1247
vn 0.2428 -0.9605 -0.1361
vn 0.4049 -0.9044 -0.1344
vn 0.5604 -0.8202 -0.1152
vn 0.7023 -0.7076 -0.0785
vn 0.8228 -0.5677 -0.0260
vn 0.9141 -0.4035 0.0392
vn 0.9687 -0.2208 0.1135
vn 0.9809 -0.0282 0.1924
vn 0.9486 0.1635 0.2709
vn 0.8738 0.3436 0.3441
vn 0.7618 0.5028 0.4085
vn 0.6203 0.6343 0.4614
vn 0.4571 0.7344 0.5018
vn 0.2796 0.8012 0.5290
vn -0.7535 0.6185 -0.2229
vn -0.9701 -0.0956 -0.2229
vn -0.0956 -0.9701 -0.2229
vn 0.7536 0.6184 -0.2229
vn -0.8306 0.5550 -0.0448
vn -0.8126 0.5430 -0.2117
vn -0.9230 0.3823 -0.0448
vn -0.9029 0.3740 -0.2117
vn -0.9798 0.1949 -0.0448
vn -0.9586 0.1907 -0.2117
vn -0.9990 -0.0000 -0.0448
vn -0.9773 -0.0000 -0.2117
vn -0.9798 -0.1949 -0.0448
vn -0.9586 -0.1907 -0.2117
vn -0.9230 -0.3823 -0.0448
vn -0.9029 -0.3740 -0.2117
vn -0.8306 -0.5550 -0.0448
vn -0.8126 -0.5430 -0.2117
vn -0.7064 -0.7064 -0.0448
vn -0.6911 -0.6911 -0.2117
vn -0.5550 -0.8306 -0.0448
vn -0.5430 -0.8126 -0.2117
vn -0.3823 -0.9229 -0.0448
vn -0.3740 -0.9029 -0.2117
vn -0.1949 -0.9798 -0.0448
vn -0.1907 -0.9586 -0.2117
vn -0.0000 -0.9990 -0.0448
vn -0.0000 -0.9773 -0.2117
vn 0.1949 -0.9798 -0.0448
vn 0.1907 -0.9586 -0.2117
vn 0.3823 -0.9230 -0.0448
vn 0.3740 -0.9029 -0.2117
vn 0.5550 -0.8306 -0.0448
vn 0.5430 -0.8126 -0.2117
vn 0.7064 -0.7064 -0.0448
vn 0.6911 -0.6911 -0.2117
vn 0.8306 -0.5550 -0.0448
vn 0.8126 -0.5430 -0.2117
vn 0.9230 -0.3823 -0.0448
vn 0.9029 -0.3740 -0.2117
vn 0.9798 -0.1949 -0.0448
vn 0.9586 -0.1907 -0.2117
vn 0.9990 -0.0000 -0.0448
vn 0.9773 -0.0000 -0.2117
vn 0.9798 0.1949 -0.0448
vn 0.9586 0.1907 -0.2117
vn 0.9230 0.3823 -0.0448
vn 0.9029 0.3740 -0.2117
vn 0.8306 0.5550 -0.0448
vn 0.8126 0.5430 -0.2117
vn -0.0660 -0.9124 0.4040
vn 0.0222 0.0465 0.9987
vn 0.0736 0.9249 0.3730
vn 0.0457 -0.9015 0.4303
vn -0.0075 0.0950 0.9954
vn -0.1083 0.9135 0.3922
vn -0.9902 0.1362 0.0308
vn -0.8913 0.4422 0.0999
vn -0.5093 0.8394 0.1899
vn 0.0515 0.9741 0.2202
vn -0.0515 0.9741 0.2202
vn 0.5092 0.8394 0.1899
vn 0.8913 0.4422 0.0999
vn 0.9902 0.1362 0.0308
vn -0.0927 0.9889 0.1162
vn -0.0821 0.9966 -0.0090
vn -0.0976 0.9854 -0.1395
vn 0.0790 0.9895 0.1212
vn 0.0894 0.9959 -0.0135
vn 0.0828 0.9849 -0.1522
vn -0.0000 0.7115 0.7026
vn 0.8358 0.0907 0.5415
vn -0.0000 -0.9069 0.4214
vn -0.2184 -0.0197 0.9757
vn -0.0794 0.9183 0.3879
vn 0.0794 0.9183 0.3880
vn -0.0000 0.9985 0.0554
vn 0.0585 0.9983 -0.0060
vn 0.0321 0.9920 0.1221
vn -0.0321 0.9920 0.1221
vn -0.3125 0.9499 0.0083
vn -0.0749 0.9908 -0.1129
vn -0.0880 0.9717 0.2191
vn 0.0977 0.9704 0.2208
vn 0.9433 0.3303 0.0332
vn -0.6259 0.7627 0.1631
vn 0.2676 0.9407 0.2084
vn 0.8564 0.5104 0.0777
vn -0.7668 0.6293 0.1269
vn 0.7389 0.6629 0.1210
vn -0.8787 0.4697 0.0857
vn -0.2837 0.9354 0.2112
vn 0.5974 0.7861 0.1585
vn -0.9560 0.2900 0.0441
vn -0.4626 0.8656 0.1918
vn 0.4384 0.8789 0.1880
vt 0.373834 0.471636
vt 0.370545 0.475220
vt 0.398737 0.455472
vt 0.367256 0.478804
vt 0.396153 0.457800
vt 0.363967 0.482389
vt 0.393569 0.460128
vt 0.360679 0.485973
vt 0.390985 0.462457
vt 0.357390 0.489557
vt 0.388401 0.464785
vt 0.357390 0.559728
vt 0.354101 0.558826
vt 0.385817 0.558826
vt 0.406489 0.448488
vt 0.403905 0.450816
vt 0.434460 0.438008
vt 0.401321 0.453144
vt 0.432680 0.439403
vt 0.430900 0.440798
vt 0.429121 0.442193
vt 0.427341 0.443588
vt 0.425561 0.444982
vt 0.423781 0.446377
vt 0.385817 0.467113
vt 0.422001 0.447772
vt 0.436240 0.436613
vt 0.467615 0.430121
vt 0.466708 0.430942
vt 0.465800 0.431762
vt 0.464893 0.432582
vt 0.463985 0.433402
vt 0.463078 0.434222
vt 0.462171 0.435042
vt 0.461263 0.435862
vt 0.468522 0.429301
vt 0.502095 0.427458
vt 0.502095 0.428084
vt 0.502095 0.428710
vt 0.502095 0.429336
vt 0.502095 0.429962
vt 0.502095 0.430588
vt 0.502095 0.431214
vt 0.502095 0.431840
vt 0.535667 0.429301
vt 0.502095 0.426832
vt 0.536574 0.430121
vt 0.537482 0.430942
vt 0.538389 0.431762
vt 0.539297 0.432582
vt 0.540204 0.433402
vt 0.541111 0.434222
vt 0.542019 0.435042
vt 0.567949 0.436613
vt 0.569729 0.438008
vt 0.571509 0.439403
vt 0.573289 0.440798
vt 0.575069 0.442193
vt 0.576849 0.443588
vt 0.578628 0.560089
vt 0.541111 0.559948
vt 0.542019 0.559387
vt 0.580408 0.559458
vt 0.542926 0.558826
vt 0.597701 0.564801
vt 0.567949 0.563879
vt 0.569729 0.563248
vt 0.600285 0.564054
vt 0.571509 0.562616
vt 0.602869 0.563307
vt 0.573289 0.561984
vt 0.605453 0.562560
vt 0.575069 0.561353
vt 0.608037 0.561813
vt 0.576849 0.560721
vt 0.610620 0.561067
vt 0.613204 0.560320
vt 0.615788 0.559573
vt 0.582188 0.558826
vt 0.623778 0.566040
vt 0.627067 0.565139
vt 0.630356 0.564237
vt 0.633644 0.563335
vt 0.636933 0.562433
vt 0.640222 0.561531
vt 0.643511 0.560630
vt 0.646799 0.559728
vt 0.618372 0.558826
vt 0.645179 0.567551
vt 0.649046 0.566460
vt 0.494169 0.565370
vt 0.471636 0.564237
vt 0.475220 0.563335
vt 0.499283 0.564279
vt 0.478804 0.562433
vt 0.504398 0.563188
vt 0.482389 0.561531
vt 0.509513 0.562098
vt 0.485973 0.560630
vt 0.514628 0.561007
vt 0.489557 0.559728
vt 0.519742 0.559917
vt 0.493141 0.558826
vt 0.506154 0.569274
vt 0.483939 0.567551
vt 0.489054 0.566460
vt 0.513015 0.567968
vt 0.519876 0.566662
vt 0.526737 0.565356
vt 0.533598 0.564050
vt 0.540459 0.562744
vt 0.547320 0.561438
vt 0.554180 0.560132
vt 0.524857 0.558826
vt 0.530259 0.571144
vt 0.539015 0.569604
vt 0.679998 0.547770
vt 0.669676 0.519876
vt 0.673973 0.526737
vt 0.684559 0.556526
vt 0.678270 0.533598
vt 0.689121 0.565281
vt 0.682567 0.540459
vt 0.693683 0.574037
vt 0.686864 0.547320
vt 0.698244 0.582792
vt 0.691161 0.554180
vt 0.702806 0.591548
vt 0.695457 0.561041
vt 0.674181 0.555327
vt 0.670874 0.530259
vt 0.675436 0.539015
vt 0.678832 0.566053
vt 0.683483 0.576779
vt 0.688134 0.587505
vt 0.692785 0.598231
vt 0.697436 0.608957
vt 0.702087 0.619683
vt 0.706738 0.630409
vt 0.707367 0.600303
vt 0.670874 0.580395
vt 0.675436 0.593092
vt 0.679998 0.605788
vt 0.684559 0.618484
vt 0.689121 0.631181
vt 0.693683 0.643877
vt 0.698244 0.656573
vt 0.702806 0.669270
vt 0.711389 0.641135
vt 0.661082 0.604500
vt 0.665379 0.619091
vt 0.669676 0.633682
vt 0.673973 0.648273
vt 0.678270 0.662864
vt 0.682567 0.677455
vt 0.686864 0.692046
vt 0.691161 0.706637
vt 0.707367 0.681966
vt 0.645179 0.626715
vt 0.649046 0.643052
vt 0.652914 0.659389
vt 0.656781 0.675727
vt 0.660648 0.692064
vt 0.664515 0.708401
vt 0.668382 0.724738
vt 0.672249 0.741075
vt 0.695457 0.721228
vt 0.623778 0.646187
vt 0.627067 0.664054
vt 0.630356 0.681922
vt 0.633644 0.699790
vt 0.636933 0.717657
vt 0.640222 0.735525
vt 0.643511 0.753393
vt 0.646799 0.771260
vt 0.676117 0.757413
vt 0.597701 0.662167
vt 0.600285 0.681290
vt 0.602869 0.700414
vt 0.605453 0.719538
vt 0.608037 0.738662
vt 0.610620 0.757785
vt 0.613204 0.776909
vt 0.615788 0.796033
vt 0.650088 0.789128
vt 0.567949 0.674041
vt 0.569729 0.694098
vt 0.571509 0.714155
vt 0.573289 0.734212
vt 0.575069 0.754269
vt 0.576849 0.774326
vt 0.578628 0.794383
vt 0.580408 0.814440
vt 0.618372 0.815157
vt 0.535667 0.681353
vt 0.536574 0.701985
vt 0.537482 0.722617
vt 0.538389 0.743248
vt 0.539297 0.763880
vt 0.540204 0.784512
vt 0.541111 0.805144
vt 0.574060 0.836963
vt 0.542792 0.843361
vt 0.542019 0.825776
vt 0.582188 0.834498
vt 0.502095 0.683822
vt 0.502095 0.704648
vt 0.502095 0.725474
vt 0.502095 0.746300
vt 0.502095 0.767125
vt 0.502095 0.787951
vt 0.502095 0.808777
vt 0.502095 0.829603
vt 0.502095 0.081914
vt 0.534760 0.084544
vt 0.533602 0.057443
vt 0.502095 0.600364
vt 0.533602 0.600555
vt 0.530437 0.605099
vt 0.502095 0.051825
vt 0.530437 0.053846
vt 0.526115 0.074717
vt 0.566169 0.092355
vt 0.563832 0.064465
vt 0.563832 0.601119
vt 0.557447 0.605634
vt 0.557447 0.059783
vt 0.548725 0.079566
vt 0.595117 0.105118
vt 0.591565 0.075857
vt 0.591565 0.602025
vt 0.581861 0.606485
vt 0.581861 0.069255
vt 0.568605 0.087080
vt 0.620489 0.122463
vt 0.615690 0.091168
vt 0.615690 0.603227
vt 0.602577 0.607591
vt 0.602577 0.081628
vt 0.584664 0.096399
vt 0.641312 0.143922
vt 0.635272 0.109798
vt 0.635272 0.604659
vt 0.618770 0.608867
vt 0.618770 0.096051
vt 0.596227 0.106363
vt 0.656785 0.168987
vt 0.649619 0.131076
vt 0.630040 0.111576
vt 0.603295 0.115712
vt 0.168987 0.601866
vt 0.197251 0.603396
vt 0.154394 0.607874
vt 0.658323 0.154394
vt 0.636495 0.127435
vt 0.606678 0.123599
vt 0.227041 0.604950
vt 0.178630 0.609536
vt 0.661233 0.178630
vt 0.638565 0.143191
vt 0.607600 0.130220
vt 0.669530 0.227041
vt 0.666313 0.243446
vt 0.658323 0.196174
vt 0.636495 0.157154
vt 0.606678 0.136841
vt 0.656785 0.259603
vt 0.649619 0.213439
vt 0.630040 0.171391
vt 0.603295 0.144727
vt 0.641312 0.275475
vt 0.635272 0.230119
vt 0.618770 0.185685
vt 0.596227 0.154077
vt 0.620489 0.289899
vt 0.615690 0.245233
vt 0.602577 0.199165
vt 0.584664 0.164040
vt 0.595117 0.302001
vt 0.591565 0.257922
vt 0.581861 0.210836
vt 0.568605 0.173359
vt 0.566169 0.311120
vt 0.563832 0.267493
vt 0.557447 0.219819
vt 0.548724 0.180873
vt 0.534760 0.316784
vt 0.533602 0.273440
vt 0.530437 0.225469
vt 0.526115 0.185722
vt 0.502095 0.318704
vt 0.502095 0.275457
vt 0.502095 0.227395
vt 0.502095 0.187395
vt 0.469430 0.316784
vt 0.470588 0.273440
vt 0.473752 0.225469
vt 0.478074 0.185722
vt 0.438020 0.311120
vt 0.440357 0.267493
vt 0.446742 0.219819
vt 0.455465 0.180873
vt 0.409073 0.302001
vt 0.412624 0.257922
vt 0.422329 0.210836
vt 0.435585 0.173359
vt 0.383700 0.289899
vt 0.388500 0.245233
vt 0.401613 0.199165
vt 0.419526 0.164040
vt 0.362877 0.275475
vt 0.368917 0.230119
vt 0.385420 0.185684
vt 0.407962 0.154077
vt 0.347404 0.259603
vt 0.354571 0.213439
vt 0.374150 0.171391
vt 0.400895 0.144727
vt 0.337876 0.243446
vt 0.345866 0.196174
vt 0.367694 0.157154
vt 0.397511 0.136841
vt 0.334659 0.227041
vt 0.342956 0.178630
vt 0.365624 0.143191
vt 0.396589 0.130220
vt 0.154394 0.607874
vt 0.178630 0.609536
vt 0.345866 0.154394
vt 0.367694 0.127435
vt 0.397511 0.123599
vt 0.131076 0.606239
vt 0.354571 0.131076
vt 0.374150 0.111576
vt 0.400895 0.115712
vt 0.362877 0.143922
vt 0.368917 0.109798
vt 0.385420 0.096051
vt 0.407962 0.106363
vt 0.383700 0.122463
vt 0.388500 0.091168
vt 0.388500 0.603227
vt 0.401613 0.607591
vt 0.385420 0.608867
vt 0.401613 0.081628
vt 0.419526 0.096399
vt 0.409073 0.105117
vt 0.412624 0.075857
vt 0.412624 0.602025
vt 0.422329 0.606485
vt 0.422329 0.069255
vt 0.435585 0.087080
vt 0.438020 0.092355
vt 0.440357 0.064465
vt 0.440357 0.601119
vt 0.446742 0.605634
vt 0.446742 0.059783
vt 0.455465 0.079566
vt 0.469430 0.084544
vt 0.470588 0.057443
vt 0.470588 0.600555
vt 0.473752 0.605099
vt 0.473752 0.053846
vt 0.478074 0.074717
vt 0.502095 0.055071
vt 0.502095 0.604917
vt 0.502095 0.073044
vt 0.377122 0.468052
vt 0.380411 0.464468
vt 0.359010 0.483939
vt 0.355143 0.489054
vt 0.561041 0.558826
vt 0.301383 0.591548
vt 0.296822 0.600303
vt 0.308732 0.561041
vt 0.305945 0.582792
vt 0.313029 0.554180
vt 0.310507 0.574037
vt 0.317326 0.547320
vt 0.565281 0.564985
vt 0.574037 0.563445
vt 0.556526 0.566525
vt 0.547770 0.568065
vt 0.297451 0.630409
vt 0.292800 0.641135
vt 0.302102 0.619683
vt 0.306753 0.608957
vt 0.311404 0.598231
vt 0.316055 0.587505
vt 0.315068 0.565281
vt 0.320706 0.576779
vt 0.319630 0.556526
vt 0.325357 0.566053
vt 0.324192 0.547770
vt 0.330008 0.555327
vt 0.328753 0.539015
vt 0.301383 0.669270
vt 0.296822 0.681966
vt 0.305945 0.656573
vt 0.310507 0.643877
vt 0.315068 0.631181
vt 0.319630 0.618484
vt 0.324192 0.605788
vt 0.328753 0.593092
vt 0.333315 0.580395
vt 0.313029 0.706637
vt 0.308732 0.721228
vt 0.317326 0.692046
vt 0.321623 0.677455
vt 0.325920 0.662864
vt 0.330217 0.648273
vt 0.334514 0.633682
vt 0.338811 0.619091
vt 0.343108 0.604500
vt 0.331940 0.741075
vt 0.328073 0.757413
vt 0.335807 0.724738
vt 0.339674 0.708401
vt 0.343541 0.692064
vt 0.347409 0.675727
vt 0.351276 0.659389
vt 0.355143 0.643052
vt 0.359010 0.626715
vt 0.357390 0.771260
vt 0.354101 0.789128
vt 0.360679 0.753393
vt 0.363967 0.735525
vt 0.367256 0.717657
vt 0.370545 0.699790
vt 0.373834 0.681922
vt 0.377122 0.664054
vt 0.380411 0.646187
vt 0.388401 0.796033
vt 0.385817 0.815157
vt 0.390985 0.776909
vt 0.393569 0.757785
vt 0.396153 0.738662
vt 0.398737 0.719538
vt 0.401321 0.700414
vt 0.403905 0.681290
vt 0.406489 0.662167
vt 0.423781 0.814440
vt 0.422001 0.834498
vt 0.425561 0.794383
vt 0.427341 0.774326
vt 0.429121 0.754269
vt 0.430900 0.734212
vt 0.432680 0.714155
vt 0.434460 0.694098
vt 0.436240 0.674041
vt 0.462171 0.825776
vt 0.461397 0.843361
vt 0.430129 0.836963
vt 0.463078 0.805144
vt 0.463985 0.784512
vt 0.464893 0.763880
vt 0.465800 0.743248
vt 0.466708 0.722616
vt 0.467615 0.701985
vt 0.468522 0.681353
vt 0.502095 0.846081
vt 0.502095 0.662996
vt 0.534760 0.660721
vt 0.469430 0.660721
vt 0.438020 0.653984
vt 0.409073 0.643043
vt 0.383700 0.628319
vt 0.362877 0.610378
vt 0.347404 0.589909
vt 0.337876 0.567699
vt 0.334659 0.544601
vt 0.333315 0.530259
vt 0.521504 0.572684
vt 0.499293 0.570580
vt 0.362877 0.478825
vt 0.383700 0.460883
vt 0.409073 0.446160
vt 0.438020 0.435219
vt 0.469430 0.428481
vt 0.534760 0.428481
vt 0.502095 0.426206
vt 0.566169 0.435219
vt 0.595117 0.446160
vt 0.620489 0.566942
vt 0.595117 0.565547
vt 0.641312 0.568641
vt 0.478825 0.568641
vt 0.669530 0.544601
vt 0.666313 0.521504
vt 0.666313 0.567699
vt 0.656785 0.589909
vt 0.641312 0.610378
vt 0.620489 0.628319
vt 0.595117 0.643043
vt 0.566169 0.653984
vt 0.347404 0.168987
vt 0.347404 0.499293
vt 0.337876 0.197251
vt 0.337876 0.521504
vt 0.544601 0.574872
vt 0.243446 0.607772
vt 0.567699 0.577059
vt 0.243446 0.607772
vt 0.656785 0.499293
vt 0.666313 0.197251
vt 0.641312 0.478825
vt 0.620489 0.460883
vt 0.341610 0.752801
vt 0.344306 0.756087
vt 0.345181 0.747207
vt 0.776583 0.273237
vt 0.771901 0.266927
vt 0.758817 0.266927
vt 0.327020 0.713653
vt 0.322909 0.719347
vt 0.337513 0.746670
vt 0.332607 0.758817
vt 0.757413 0.273237
vt 0.752686 0.266927
vt 0.723491 0.266927
vt 0.316236 0.678104
vt 0.311093 0.682887
vt 0.320087 0.712534
vt 0.312905 0.723491
vt 0.721228 0.273237
vt 0.716678 0.266927
vt 0.684999 0.266927
vt 0.312595 0.641135
vt 0.306618 0.644822
vt 0.309655 0.675654
vt 0.299034 0.677767
vt 0.641135 0.273237
vt 0.681966 0.273237
vt 0.677767 0.266927
vt 0.316236 0.604165
vt 0.309655 0.606615
vt 0.306618 0.637448
vt 0.295789 0.637448
vt 0.637448 0.266927
vt 0.604503 0.266927
vt 0.327020 0.568616
vt 0.320087 0.569735
vt 0.299034 0.604503
vt 0.311093 0.599383
vt 0.600303 0.273237
vt 0.597270 0.266927
vt 0.565592 0.266927
vt 0.344531 0.535854
vt 0.337513 0.535599
vt 0.322909 0.562923
vt 0.312905 0.558779
vt 0.524857 0.273237
vt 0.561041 0.273237
vt 0.558779 0.266927
vt 0.368098 0.507138
vt 0.361265 0.505519
vt 0.341610 0.529468
vt 0.332607 0.523452
vt 0.523452 0.266927
vt 0.497862 0.266927
vt 0.396814 0.483571
vt 0.390428 0.480650
vt 0.353608 0.497862
vt 0.366479 0.500305
vt 0.385817 0.273237
vt 0.354101 0.273237
vt 0.358822 0.266927
vt 0.429576 0.466060
vt 0.423883 0.461949
vt 0.396559 0.476554
vt 0.390543 0.467550
vt 0.390543 0.266927
vt 0.419739 0.266927
vt 0.465125 0.455276
vt 0.460343 0.450134
vt 0.419739 0.451945
vt 0.430695 0.459127
vt 0.422001 0.273237
vt 0.426551 0.266927
vt 0.458230 0.266927
vt 0.502095 0.451635
vt 0.498408 0.445658
vt 0.467575 0.448695
vt 0.465463 0.438074
vt 0.461263 0.273237
vt 0.465463 0.266927
vt 0.498408 0.266927
vt 0.539064 0.455276
vt 0.536614 0.448695
vt 0.505782 0.445658
vt 0.498408 0.434830
vt 0.502095 0.273237
vt 0.505782 0.266927
vt 0.538727 0.266927
vt 0.574613 0.466060
vt 0.573494 0.459127
vt 0.538727 0.438074
vt 0.543846 0.450133
vt 0.542926 0.273237
vt 0.545959 0.266927
vt 0.577638 0.266927
vt 0.607375 0.483571
vt 0.607630 0.476554
vt 0.580307 0.461949
vt 0.584451 0.451945
vt 0.618372 0.273237
vt 0.582188 0.273237
vt 0.584451 0.266927
vt 0.636091 0.507138
vt 0.637710 0.500305
vt 0.613761 0.480650
vt 0.613646 0.467550
vt 0.619777 0.266927
vt 0.645367 0.266927
vt 0.659658 0.535854
vt 0.662579 0.529468
vt 0.642925 0.505519
vt 0.650582 0.497862
vt 0.493141 0.273237
vt 0.677170 0.568616
vt 0.681280 0.562923
vt 0.666676 0.535599
vt 0.675680 0.529583
vt 0.529583 0.266927
vt 0.687953 0.604165
vt 0.693096 0.599383
vt 0.684102 0.569735
vt 0.691285 0.558779
vt 0.691594 0.641135
vt 0.697571 0.637448
vt 0.694535 0.606615
vt 0.703716 0.597270
vt 0.687953 0.678104
vt 0.694535 0.675654
vt 0.708400 0.637448
vt 0.697571 0.644822
vt 0.644822 0.266927
vt 0.677170 0.713653
vt 0.684102 0.712534
vt 0.705155 0.677767
vt 0.693096 0.682887
vt 0.716678 0.266927
vt 0.659658 0.746415
vt 0.666676 0.746670
vt 0.681280 0.719347
vt 0.691285 0.723491
vt 0.662579 0.752801
vt 0.659008 0.747207
vt 0.671583 0.758817
vt 0.000000 0.000000
vt 1.000000 0.000000
vt 1.000000 1.000000
vt 0.422001 0.558826
vt 0.422001 0.558655
vt 0.385817 0.557314
vt 0.757413 0.558826
vt 0.776843 0.554657
vt 0.776583 0.553133
vt 0.776583 0.550193
vt 0.789128 0.555509
vt 0.789128 0.558826
vt 0.721228 0.558826
vt 0.681966 0.558826
vt 0.641135 0.558826
vt 0.600303 0.558826
vt 0.461263 0.558826
vt 0.502095 0.558826
vt 0.650088 0.558826
vt 0.776843 0.554657
vt 0.354347 0.590300
vt 0.373517 0.304711
vt 0.373517 0.581668
vt 0.373777 0.583464
vt 0.373777 0.586131
vt 0.618372 0.557314
vt 0.582188 0.558655
vt 0.533123 0.612886
vt 0.562960 0.621937
vt 0.471066 0.612886
vt 0.502095 0.609830
vt 0.441230 0.621937
vt 0.590457 0.636635
vt 0.614559 0.656414
vt 0.413732 0.636635
vt 0.389631 0.656414
vt 0.634338 0.680516
vt 0.369851 0.680516
vt 0.649036 0.708013
vt 0.658087 0.737850
vt 0.355153 0.708013
vt 0.346103 0.737850
vt 0.344531 0.746415
vt 0.343047 0.768878
vt 0.343344 0.771901
vt 0.328510 0.752686
vt 0.300473 0.684999
vt 0.310083 0.716678
vt 0.295789 0.644822
vt 0.310083 0.565592
vt 0.300473 0.597270
vt 0.328510 0.529583
vt 0.358822 0.492648
vt 0.426551 0.449123
vt 0.505782 0.434830
vt 0.577638 0.449123
vt 0.545959 0.439513
vt 0.619777 0.471647
vt 0.671583 0.523452
vt 0.694107 0.565592
vt 0.705155 0.604503
vt 0.708400 0.644822
vt 0.694107 0.716678
vt 0.703716 0.684999
vt 0.675680 0.752686
vt 0.659883 0.756087
vt 0.648306 0.365813
vt 0.648008 0.368836
vt 0.658746 0.355752
vt 0.612963 0.579741
vt 0.641125 0.590040
vt 0.610997 0.602680
vt 0.493027 0.620542
vt 0.489258 0.613501
vt 0.520287 0.610997
vt 0.514521 0.627047
vt 0.497241 0.628424
vt 0.508756 0.634426
vt 0.500789 0.635069
vt 0.485489 0.620542
vt 0.459774 0.618472
vt 0.458229 0.610997
vt 0.463995 0.627047
vt 0.469760 0.634426
vt 0.481275 0.628424
vt 0.618472 0.604255
vt 0.645769 0.592807
vt 0.463994 0.646611
vt 0.459774 0.645769
vt 0.469759 0.643424
vt 0.493479 0.635123
vt 0.500788 0.644199
vt 0.485038 0.644257
vt 0.485037 0.635123
vt 0.477728 0.644199
vt 0.477727 0.635069
vt 0.514522 0.646611
vt 0.508757 0.643424
vt 0.518742 0.645769
vt 0.480445 0.647963
vt 0.484511 0.592901
vt 0.459774 0.592807
vt 0.463994 0.596033
vt 0.458229 0.641125
vt 0.484511 0.648003
vt 0.498071 0.647963
vt 0.494005 0.592901
vt 0.498071 0.596004
vt 0.514522 0.596033
vt 0.520287 0.641125
vt 0.489258 0.644218
vt 0.494005 0.648003
vt 0.491820 0.629029
vt 0.489258 0.624350
vt 0.486696 0.629029
vt 0.489258 0.594384
vt 0.492062 0.596254
vt 0.492062 0.648331
vt 0.493478 0.644257
vt 0.486454 0.648331
vt 0.480445 0.596004
vt 0.486454 0.596254
vt 0.489258 0.649427
vt 0.489258 0.585299
vt 0.520287 0.582833
vt 0.582833 0.592380
vt 0.489258 0.616019
vt 0.458229 0.612963
vt 0.489258 0.524861
vt 0.458229 0.521805
vt 0.489258 0.494142
vt 0.458229 0.582833
vt 0.521805 0.581668
vt 0.491676 0.594307
vt 0.520287 0.491676
vt 0.373778 0.586131
vt 0.390848 0.587315
vt 0.396842 0.581668
vt 0.426678 0.581668
vt 0.414922 0.588984
vt 0.376794 0.478277
vt 0.376794 0.456555
vt 0.400896 0.472514
vt 0.550123 0.512754
vt 0.520287 0.521805
vt 0.636199 0.426678
vt 0.621502 0.454175
vt 0.621502 0.437108
vt 0.357014 0.454175
vt 0.357014 0.437108
vt 0.520287 0.612963
vt 0.601722 0.478277
vt 0.601722 0.456555
vt 0.437108 0.590523
vt 0.428393 0.512754
vt 0.428393 0.484373
vt 0.458229 0.491676
vt 0.577620 0.498057
vt 0.577620 0.472514
vt 0.400896 0.498057
vt 0.561224 0.433898
vt 0.333266 0.390848
vt 0.372980 0.412091
vt 0.605536 0.412091
vt 0.637251 0.386063
vt 0.645250 0.390848
vt 0.342317 0.414922
vt 0.550123 0.484373
vt 0.636199 0.414922
vt 0.647334 0.373777
vt 0.550123 0.218872
vt 0.342317 0.304948
vt 0.342317 0.426678
vt 0.428393 0.218872
vt 0.636199 0.304948
vt 0.330210 0.365813
vt 0.376794 0.253349
vt 0.489258 0.206765
vt 0.601722 0.253349
vt 0.489258 0.524861
vt 0.400896 0.498057
vt 0.357014 0.454175
vt 0.333266 0.334784
vt 0.357014 0.277451
vt 0.400896 0.233569
vt 0.458229 0.209821
vt 0.520287 0.209821
vt 0.577620 0.233569
vt 0.621502 0.277451
vt 0.645250 0.334784
vt 0.645250 0.396842
vt 0.621502 0.454175
vt 0.577620 0.498057
vt 0.425561 0.560089
vt 0.462171 0.559387
vt 0.463078 0.559948
vt 0.423781 0.559458
vt 0.542926 0.435862
vt 0.578628 0.444982
vt 0.580408 0.446377
vt 0.582188 0.447772
vt 0.597701 0.448488
vt 0.600285 0.450816
vt 0.602869 0.453144
vt 0.605453 0.455472
vt 0.608037 0.457800
vt 0.610620 0.460128
vt 0.613204 0.462457
vt 0.615788 0.464785
vt 0.618372 0.467113
vt 0.623778 0.464468
vt 0.627067 0.468052
vt 0.630356 0.471636
vt 0.633644 0.475220
vt 0.636933 0.478804
vt 0.640222 0.482389
vt 0.643511 0.485973
vt 0.646799 0.489557
vt 0.645179 0.483939
vt 0.649046 0.489054
vt 0.368917 0.604659
vt 0.489258 0.581668
vt 0.520287 0.581668
vt 0.520287 0.278608
vt 0.550123 0.581668
vt 0.550123 0.278608
vt 0.577620 0.581668
vt 0.577620 0.278608
vt 0.601722 0.581668
vt 0.601722 0.278608
vt 0.478277 0.581668
vt 0.454175 0.581668
vt 0.454175 0.278608
vt 0.426678 0.278608
vt 0.396842 0.278608
vt 0.365813 0.296714
vt 0.365813 0.278608
vt 0.368836 0.298401
vt 0.334784 0.285012
vt 0.334784 0.278608
vt 0.353021 0.287625
vt 0.304948 0.278608
vt 0.277451 0.278608
vt 0.304948 0.285012
vt 0.601722 0.285012
vt 0.577620 0.285012
vt 0.550123 0.285012
vt 0.489258 0.278608
vt 0.520287 0.285012
vt 0.458229 0.278608
vt 0.489258 0.285012
vt 0.428393 0.278608
vt 0.458229 0.285012
vt 0.400896 0.278608
vt 0.428393 0.285012
vt 0.376794 0.278608
vt 0.400896 0.285012
vt 0.756087 0.256151
vt 0.768878 0.265240
vt 0.768878 0.247134
vt 0.799907 0.247134
vt 0.478277 0.278608
vt 0.376794 0.581668
vt 0.400896 0.581668
vt 0.428393 0.581668
vt 0.458229 0.581668
vt 0.388401 0.559573
vt 0.390985 0.560320
vt 0.393569 0.561067
vt 0.427341 0.560721
vt 0.396153 0.561813
vt 0.429121 0.561353
vt 0.398737 0.562560
vt 0.430900 0.561984
vt 0.401321 0.563307
vt 0.432680 0.562616
vt 0.403905 0.564054
vt 0.434460 0.563248
vt 0.406489 0.564801
vt 0.436240 0.563879
vt 0.360679 0.560630
vt 0.363967 0.561531
vt 0.367256 0.562433
vt 0.370545 0.563335
vt 0.373834 0.564237
vt 0.377122 0.565139
vt 0.380411 0.566040
vt 0.355143 0.566460
vt 0.359010 0.567551
vt 0.321623 0.540459
vt 0.325920 0.533598
vt 0.330217 0.526737
vt 0.334514 0.519876
vt 0.362877 0.568641
vt 0.383700 0.566942
vt 0.409073 0.565547
vt 0.384412 0.266927
vt 0.384412 0.471647
vt 0.458230 0.439513
vt 0.613646 0.266927
vt 0.650088 0.273237
vt 0.645367 0.492648
vt 0.355752 0.298401
vt 0.492648 0.266927
vt 0.430129 0.558826
vt 0.354101 0.555509
vt 0.574060 0.558826
vt 0.518742 0.618472
vt 0.518742 0.592807
vt 0.253349 0.278608
vt 0.277451 0.285012
vt 0.253349 0.285012
s 0
usemtl Old_Gold.002
f 42/672/535 2/673/535 14/674/535
f 608/719/565 594/720/565 554/721/565
f 529/722/566 544/723/566 554/724/566
f 551/725/567 539/726/567 529/722/567
f 556/727/568 548/728/568 539/726/568
f 527/729/569 519/730/569 523/731/569
f 518/732/570 519/730/570 527/729/570
f 521/733/571 518/732/571 535/734/571
f 519/735/572 559/736/572 563/720/572
f 518/732/573 558/737/573 559/738/573
f 521/733/574 561/739/574 558/737/574
f 541/740/575 548/728/575 583/741/575
f 575/742/576 533/743/576 541/740/576
f 585/744/577 546/745/577 533/743/577
f 591/746/578 596/747/578 556/727/578
f 590/748/579 591/746/579 551/725/579
f 594/720/580 590/736/580 549/735/580
f 573/749/581 558/737/581 561/739/581
f 581/750/582 559/751/582 558/752/582
f 563/753/583 559/738/583 581/754/583
f 569/755/584 583/741/584 596/747/584
f 580/756/585 569/757/585 591/758/585
f 594/759/586 587/760/586 580/761/586
f 529/722/587 539/726/587 537/762/587
f 529/722/588 525/763/588 527/729/588
f 527/729/589 525/763/589 531/764/589
f 535/734/590 531/764/590 533/743/590
f 533/743/591 531/764/591 537/762/591
f 541/740/592 537/762/592 539/726/592
f 580/756/593 578/765/593 565/766/593
f 569/755/594 565/767/594 568/768/594
f 575/742/595 568/768/595 565/767/595
f 575/742/596 571/769/596 573/749/596
f 581/750/597 573/770/597 571/771/597
f 587/760/598 581/754/598 578/772/598
f 600/773/599 602/774/599 554/724/599
f 600/773/600 544/723/600 523/731/600
f 561/739/601 521/733/601 546/745/601
f 604/719/602 598/775/602 523/721/602
f 606/776/603 604/777/603 563/753/603
f 732/778/604 656/779/604 604/777/604
f 611/780/605 600/773/605 598/781/605
f 656/782/602 655/783/602 598/775/602
f 611/780/606 610/784/606 602/774/606
f 606/776/607 587/760/607 594/759/607
f 596/747/608 583/741/608 548/728/608
f 15/785/609 642/786/609 670/787/609
f 705/787/610 709/788/610 621/789/610
f 664/790/611 648/791/611 650/792/611
f 725/793/612 729/794/612 610/784/612
f 709/795/613 713/796/613 620/797/613
f 666/798/614 646/799/614 648/791/614
f 732/778/615 606/776/615 608/800/615
f 729/782/565 608/719/565 602/775/565
f 713/796/616 717/801/616 617/802/616
f 668/788/617 645/789/617 646/803/617
f 660/804/618 652/805/618 655/806/618
f 717/801/619 720/807/619 615/808/619
f 670/787/620 642/786/620 645/789/620
f 624/786/621 14/674/621 2/673/621
f 42/672/622 705/787/622 624/786/622
f 662/809/623 650/792/623 652/805/623
f 4/810/624 620/797/624 650/792/624
f 650/792/624 642/811/624 8/812/624
f 620/797/624 610/784/624 650/792/624
f 11/813/624 12/814/624 620/797/624
f 12/814/624 624/815/624 620/797/624
f 620/797/624 615/808/624 610/784/624
f 610/784/624 655/806/624 650/792/624
f 650/792/624 646/799/624 642/811/624
f 646/799/626 645/816/626 642/811/626
f 650/792/627 648/791/627 646/799/627
f 655/806/625 652/805/625 650/792/625
f 610/784/624 611/780/624 655/806/624
f 615/808/625 613/817/625 610/784/625
f 620/797/627 617/802/627 615/808/627
f 624/815/628 621/818/628 620/797/628
f 12/814/624 14/819/624 624/815/624
f 720/807/867 725/793/867 613/817/867
f 608/719/565 554/721/565 602/775/565
f 529/722/1066 554/724/1066 549/957/1066
f 551/725/1067 529/722/1067 549/957/1067
f 556/727/1068 539/726/1068 551/725/1068
f 527/729/1069 523/731/1069 544/723/1069
f 518/732/1070 527/729/1070 535/734/1070
f 521/733/1071 535/734/1071 546/745/1071
f 519/735/1072 563/720/1072 523/721/1072
f 518/732/1073 559/738/1073 519/730/1073
f 521/733/1074 558/737/1074 518/732/1074
f 541/740/1075 583/741/1075 568/768/1075
f 575/742/576 541/740/576 568/768/576
f 585/744/1076 533/743/1076 575/742/1076
f 591/746/1077 556/727/1077 551/725/1077
f 590/748/1078 551/725/1078 549/957/1078
f 594/720/1079 549/735/1079 554/721/1079
f 573/749/1080 561/739/1080 585/744/1080
f 581/750/1081 558/752/1081 573/770/1081
f 563/753/1082 581/754/1082 587/760/1082
f 569/755/1083 596/747/1083 591/746/1083
f 580/756/1084 591/758/1084 590/958/1084
f 594/759/1085 580/761/1085 590/748/1085
f 537/762/1086 531/764/1086 525/763/1086
f 529/722/1087 537/762/1087 525/763/1087
f 529/722/1088 527/729/1088 544/723/1088
f 527/729/1089 531/764/1089 535/734/1089
f 535/734/1090 533/743/1090 546/745/1090
f 533/743/591 537/762/591 541/740/591
f 541/740/1091 539/726/1091 548/728/1091
f 578/765/1092 571/771/1092 565/766/1092
f 580/756/1093 565/766/1093 569/757/1093
f 569/755/1094 568/768/1094 583/741/1094
f 575/742/595 565/767/595 571/769/595
f 575/742/1095 573/749/1095 585/744/1095
f 581/750/1096 571/771/1096 578/765/1096
f 587/760/1097 578/772/1097 580/761/1097
f 600/773/599 554/724/599 544/723/599
f 600/773/600 523/731/600 598/781/600
f 561/739/1098 546/745/1098 585/744/1098
f 604/719/602 523/721/602 563/720/602
f 606/776/603 563/753/603 587/760/603
f 732/778/604 604/777/604 606/776/604
f 611/780/605 598/781/605 655/806/605
f 656/782/602 598/775/602 604/719/602
f 611/780/606 602/774/606 600/773/606
f 606/776/607 594/759/607 608/800/607
f 596/747/1099 548/728/1099 556/727/1099
f 705/787/1100 621/789/1100 624/786/1100
f 664/790/1101 650/792/1101 662/809/1101
f 725/793/1102 610/784/1102 613/817/1102
f 709/788/1103 620/803/1103 621/789/1103
f 666/798/1104 648/791/1104 664/790/1104
f 732/778/615 608/800/615 729/794/615
f 729/782/565 602/775/565 610/783/565
f 713/796/1105 617/802/1105 620/797/1105
f 668/822/1106 646/799/1106 666/798/1106
f 660/804/1107 655/806/1107 656/779/1107
f 717/801/1108 615/808/1108 617/802/1108
f 670/787/1109 645/789/1109 668/788/1109
f 624/786/622 2/673/622 42/672/622
f 662/809/1110 652/805/1110 660/804/1110
f 720/807/1111 613/817/1111 615/808/1111
usemtl Wood.001
f 325/1/1 326/2/1 318/3/1
f 326/2/2 327/4/2 319/5/2
f 327/4/3 328/6/3 320/7/3
f 328/6/4 329/8/4 321/9/4
f 329/8/5 330/10/5 322/11/5
f 330/12/6 696/13/6 698/14/6
f 315/15/7 316/16/7 308/17/7
f 316/16/8 317/18/8 309/19/8
f 317/18/9 318/3/9 310/20/9
f 318/3/10 319/5/10 311/21/10
f 319/5/11 320/7/11 312/22/11
f 320/7/12 321/9/12 313/23/12
f 321/9/13 322/11/13 314/24/13
f 322/11/14 698/25/14 700/26/14
f 307/27/15 308/17/15 300/28/15
f 308/17/16 309/19/16 301/29/16
f 309/19/17 310/20/17 302/30/17
f 310/20/18 311/21/18 303/31/18
f 311/21/19 312/22/19 304/32/19
f 312/22/20 313/23/20 305/33/20
f 313/23/21 314/24/21 306/34/21
f 314/24/22 700/26/22 701/35/22
f 299/36/23 300/28/23 292/37/23
f 300/28/24 301/29/24 293/38/24
f 301/29/25 302/30/25 294/39/25
f 302/30/26 303/31/26 295/40/26
f 303/31/27 304/32/27 296/41/27
f 304/32/28 305/33/28 297/42/28
f 305/33/29 306/34/29 298/43/29
f 306/34/30 701/35/30 702/44/30
f 283/45/31 291/46/31 292/37/31
f 284/47/32 292/37/32 293/38/32
f 285/48/33 293/38/33 294/39/33
f 286/49/34 294/39/34 295/40/34
f 287/50/35 295/40/35 296/41/35
f 288/51/36 296/41/36 297/42/36
f 289/52/37 297/42/37 298/43/37
f 290/53/38 298/43/38 702/44/38
f 275/54/39 283/45/39 284/47/39
f 276/55/40 284/47/40 285/48/40
f 277/56/41 285/48/41 286/49/41
f 278/57/42 286/49/42 287/50/42
f 279/58/43 287/50/43 288/51/43
f 280/59/44 288/51/44 289/52/44
f 281/60/45 289/61/45 290/62/45
f 282/63/46 290/62/46 704/64/46
f 267/65/47 275/66/47 276/67/47
f 268/68/48 276/67/48 277/69/48
f 269/70/49 277/69/49 278/71/49
f 270/72/50 278/71/50 279/73/50
f 271/74/51 279/73/51 280/75/51
f 272/76/52 280/75/52 281/60/52
f 273/77/53 281/60/53 282/63/53
f 274/78/54 282/63/54 706/79/54
f 259/80/55 267/65/55 268/68/55
f 260/81/56 268/68/56 269/70/56
f 261/82/57 269/70/57 270/72/57
f 262/83/58 270/72/58 271/74/58
f 263/84/59 271/74/59 272/76/59
f 264/85/60 272/76/60 273/77/60
f 265/86/61 273/77/61 274/78/61
f 266/87/62 274/78/62 708/88/62
f 251/89/63 259/80/63 260/81/63
f 252/90/64 260/81/64 261/82/64
f 253/91/65 261/92/65 262/93/65
f 254/94/66 262/93/66 263/95/66
f 255/96/67 263/95/67 264/97/67
f 256/98/68 264/97/68 265/99/68
f 257/100/69 265/99/69 266/101/69
f 258/102/70 266/101/70 710/103/70
f 243/104/71 251/105/71 252/106/71
f 244/107/72 252/106/72 253/91/72
f 245/108/73 253/91/73 254/94/73
f 246/109/74 254/94/74 255/96/74
f 247/110/75 255/96/75 256/98/75
f 248/111/76 256/98/76 257/100/76
f 249/112/77 257/100/77 258/102/77
f 250/113/78 258/102/78 712/114/78
f 235/115/79 243/104/79 244/107/79
f 236/116/80 244/107/80 245/108/80
f 237/117/81 245/118/81 246/119/81
f 238/120/82 246/119/82 247/121/82
f 239/122/83 247/121/83 248/123/83
f 240/124/84 248/123/84 249/125/84
f 241/126/85 249/125/85 250/127/85
f 242/128/86 250/127/86 714/129/86
f 227/130/87 235/131/87 236/132/87
f 228/133/88 236/132/88 237/117/88
f 229/134/89 237/117/89 238/120/89
f 230/135/90 238/120/90 239/122/90
f 231/136/91 239/122/91 240/124/91
f 232/137/92 240/124/92 241/126/92
f 233/138/93 241/126/93 242/128/93
f 234/139/94 242/128/94 716/140/94
f 219/141/95 227/130/95 228/133/95
f 220/142/96 228/133/96 229/134/96
f 221/143/97 229/134/97 230/135/97
f 222/144/98 230/135/98 231/136/98
f 223/145/99 231/136/99 232/137/99
f 224/146/100 232/137/100 233/138/100
f 225/147/101 233/138/101 234/139/101
f 226/148/102 234/139/102 718/149/102
f 211/150/103 219/141/103 220/142/103
f 212/151/104 220/142/104 221/143/104
f 213/152/105 221/143/105 222/144/105
f 214/153/106 222/144/106 223/145/106
f 215/154/107 223/145/107 224/146/107
f 216/155/108 224/146/108 225/147/108
f 217/156/109 225/147/109 226/148/109
f 218/157/110 226/148/110 721/158/110
f 203/159/111 211/150/111 212/151/111
f 204/160/112 212/151/112 213/152/112
f 205/161/113 213/152/113 214/153/113
f 206/162/114 214/153/114 215/154/114
f 207/163/115 215/154/115 216/155/115
f 208/164/116 216/155/116 217/156/116
f 209/165/117 217/156/117 218/157/117
f 210/166/118 218/157/118 723/167/118
f 195/168/119 203/159/119 204/160/119
f 196/169/120 204/160/120 205/161/120
f 197/170/121 205/161/121 206/162/121
f 198/171/122 206/162/122 207/163/122
f 199/172/123 207/163/123 208/164/123
f 200/173/124 208/164/124 209/165/124
f 201/174/125 209/165/125 210/166/125
f 202/175/126 210/166/126 724/176/126
f 187/177/127 195/168/127 196/169/127
f 188/178/128 196/169/128 197/170/128
f 189/179/129 197/170/129 198/171/129
f 190/180/130 198/171/130 199/172/130
f 191/181/131 199/172/131 200/173/131
f 192/182/132 200/173/132 201/174/132
f 193/183/133 201/174/133 202/175/133
f 194/184/134 202/175/134 726/185/134
f 179/186/135 187/177/135 188/178/135
f 180/187/136 188/178/136 189/179/136
f 181/188/137 189/179/137 190/180/137
f 182/189/138 190/180/138 191/181/138
f 183/190/139 191/181/139 192/182/139
f 184/191/140 192/182/140 193/183/140
f 185/192/141 193/183/141 194/184/141
f 186/193/142 194/184/142 728/194/142
f 178/195/143 179/186/143 180/187/143
f 177/196/144 180/187/144 181/188/144
f 176/197/145 181/188/145 182/189/145
f 175/198/146 182/189/146 183/190/146
f 174/199/147 183/190/147 184/191/147
f 173/200/148 184/191/148 185/192/148
f 172/201/149 185/192/149 186/193/149
f 4/202/150 5/203/150 171/204/150
f 171/204/151 186/193/151 730/205/151
f 419/206/152 178/195/152 177/196/152
f 420/207/153 177/196/153 176/197/153
f 421/208/154 176/197/154 175/198/154
f 422/209/155 175/198/155 174/199/155
f 423/210/156 174/199/156 173/200/156
f 424/211/157 173/200/157 172/201/157
f 425/212/158 172/201/158 171/204/158
f 426/213/159 171/204/159 5/203/159
f 169/214/160 165/215/160 163/216/160
f 167/217/161 163/218/161 164/219/161
f 168/220/162 164/221/162 166/222/162
f 165/215/163 161/223/163 159/224/163
f 163/218/164 159/225/164 160/226/164
f 164/221/165 160/227/165 162/228/165
f 161/223/166 157/229/166 155/230/166
f 159/225/167 155/231/167 156/232/167
f 160/227/168 156/233/168 158/234/168
f 157/229/169 153/235/169 151/236/169
f 155/231/170 151/237/170 152/238/170
f 156/233/171 152/239/171 154/240/171
f 153/235/172 149/241/172 147/242/172
f 151/237/173 147/243/173 148/244/173
f 152/239/174 148/245/174 150/246/174
f 149/241/175 145/247/175 143/248/175
f 147/242/176 143/248/176 144/249/176
f 148/245/177 144/249/177 146/250/177
f 145/251/178 141/252/178 139/253/178
f 143/248/179 139/254/179 140/255/179
f 144/249/180 140/255/180 142/256/180
f 141/252/181 137/257/181 135/258/181
f 139/254/182 135/259/182 136/260/182
f 140/255/183 136/260/183 138/261/183
f 137/262/184 133/263/184 131/264/184
f 135/259/185 131/264/185 132/265/185
f 136/260/186 132/265/186 134/266/186
f 133/263/187 129/267/187 127/268/187
f 131/264/188 127/268/188 128/269/188
f 132/265/189 128/269/189 130/270/189
f 129/267/190 125/271/190 123/272/190
f 127/268/191 123/272/191 124/273/191
f 128/269/192 124/273/192 126/274/192
f 125/271/193 121/275/193 119/276/193
f 123/272/194 119/276/194 120/277/194
f 124/273/195 120/277/195 122/278/195
f 121/275/196 117/279/196 115/280/196
f 119/276/197 115/280/197 116/281/197
f 120/277/198 116/281/198 118/282/198
f 117/279/199 113/283/199 111/284/199
f 115/280/200 111/284/200 112/285/200
f 116/281/201 112/285/201 114/286/201
f 113/283/202 109/287/202 107/288/202
f 111/284/203 107/288/203 108/289/203
f 112/285/204 108/289/204 110/290/204
f 109/287/205 105/291/205 103/292/205
f 107/288/206 103/292/206 104/293/206
f 108/289/207 104/293/207 106/294/207
f 101/295/208 99/296/208 103/292/208
f 99/296/209 100/297/209 104/293/209
f 100/297/210 102/298/210 106/294/210
f 97/299/211 95/300/211 99/296/211
f 95/300/212 96/301/212 100/297/212
f 96/301/213 98/302/213 102/298/213
f 93/303/214 91/304/214 95/300/214
f 91/304/215 92/305/215 96/301/215
f 92/305/216 94/306/216 98/302/216
f 89/307/217 87/308/217 91/304/217
f 87/308/218 88/309/218 92/305/218
f 88/309/219 90/310/219 94/306/219
f 85/311/220 83/312/220 87/308/220
f 83/312/221 84/313/221 88/309/221
f 84/313/222 86/314/222 90/310/222
f 81/315/223 79/316/223 83/312/223
f 79/316/224 80/317/224 84/313/224
f 80/317/225 82/318/225 86/314/225
f 77/319/226 75/320/226 79/316/226
f 75/320/227 76/321/227 80/317/227
f 76/321/228 78/322/228 82/318/228
f 73/323/229 71/324/229 75/320/229
f 71/324/230 72/325/230 76/321/230
f 72/325/231 74/326/231 78/322/231
f 69/252/232 67/327/232 71/328/232
f 67/329/233 68/330/233 72/325/233
f 68/330/234 70/331/234 74/326/234
f 65/251/235 63/332/235 67/327/235
f 63/333/236 64/334/236 68/330/236
f 64/334/237 66/335/237 70/331/237
f 61/336/238 59/337/238 63/333/238
f 59/337/239 60/338/239 64/334/239
f 60/338/240 62/339/240 66/335/240
f 57/340/241 55/341/241 59/337/241
f 55/342/242 56/343/242 60/344/242
f 56/345/243 58/346/243 62/339/243
f 53/347/244 51/348/244 55/341/244
f 51/349/245 52/350/245 56/343/245
f 52/351/246 54/352/246 58/346/246
f 49/353/247 47/354/247 51/348/247
f 47/355/248 48/356/248 52/350/248
f 48/357/249 50/358/249 54/352/249
f 45/359/250 43/360/250 47/354/250
f 43/361/251 44/362/251 48/356/251
f 44/363/252 46/364/252 50/358/252
f 169/214/253 167/365/253 43/360/253
f 167/217/254 168/366/254 44/362/254
f 168/220/255 170/367/255 46/364/255
f 50/358/256 46/364/256 170/367/256
f 170/367/256 166/222/256 162/228/256
f 162/228/257 158/234/257 154/240/257
f 154/240/258 150/246/258 146/250/258
f 146/250/259 142/256/259 138/261/259
f 138/261/260 134/266/260 130/270/260
f 130/270/261 126/274/261 122/278/261
f 122/278/262 118/282/262 114/286/262
f 114/286/256 110/290/256 106/294/256
f 106/294/256 102/298/256 98/302/256
f 98/302/263 94/306/263 90/310/263
f 90/310/264 86/314/264 82/318/264
f 82/318/265 78/322/265 74/326/265
f 74/326/266 70/331/266 66/335/266
f 66/335/267 62/339/267 58/346/267
f 58/346/268 54/352/268 50/358/268
f 50/358/256 170/367/256 162/228/256
f 162/228/269 154/240/269 146/250/269
f 146/250/270 138/261/270 130/270/270
f 130/270/271 122/278/271 114/286/271
f 114/286/256 106/294/256 98/302/256
f 98/302/272 90/310/272 82/318/272
f 82/318/273 74/326/273 66/335/273
f 66/335/274 58/346/274 50/358/274
f 50/358/256 162/228/256 146/250/256
f 146/250/256 130/270/256 114/286/256
f 114/286/256 98/302/256 82/318/256
f 82/318/256 66/335/256 50/358/256
f 50/358/256 146/250/256 114/286/256
f 324/368/275 325/1/275 317/18/275
f 169/214/276 163/216/276 167/365/276
f 323/369/277 324/368/277 316/16/277
f 338/102/278 695/114/278 696/103/278
f 337/100/279 338/102/279 330/101/279
f 336/98/280 337/100/280 329/99/280
f 335/96/281 336/98/281 328/97/281
f 334/94/282 335/96/282 327/95/282
f 333/91/283 334/94/283 326/93/283
f 332/106/284 333/91/284 325/92/284
f 331/370/285 332/371/285 324/368/285
f 346/113/286 694/372/286 695/114/286
f 345/112/287 346/113/287 338/102/287
f 344/111/288 345/112/288 337/100/288
f 343/110/289 344/111/289 336/98/289
f 342/109/290 343/110/290 335/96/290
f 341/108/291 342/109/291 334/94/291
f 340/107/292 341/108/292 333/91/292
f 339/104/293 340/107/293 332/106/293
f 354/373/294 692/374/294 694/375/294
f 353/376/295 354/373/295 346/377/295
f 352/378/296 353/376/296 345/379/296
f 351/380/297 352/381/297 344/111/297
f 350/382/298 351/380/298 343/110/298
f 349/383/299 350/382/299 342/109/299
f 348/116/300 349/383/300 341/108/300
f 347/115/301 348/116/301 340/107/301
f 362/384/302 691/385/302 692/374/302
f 361/386/303 362/384/303 354/373/303
f 360/387/304 361/386/304 353/376/304
f 359/388/305 360/387/305 352/378/305
f 358/389/306 359/388/306 351/390/306
f 357/391/307 358/389/307 350/392/307
f 356/393/308 357/391/308 349/394/308
f 355/395/309 356/393/309 348/396/309
f 370/397/310 689/398/310 691/385/310
f 369/399/311 370/397/311 362/384/311
f 368/400/312 369/399/312 361/386/312
f 367/401/313 368/400/313 360/387/313
f 366/402/314 367/401/314 359/388/314
f 365/403/315 366/402/315 358/389/315
f 364/404/316 365/403/316 357/391/316
f 363/405/317 364/404/317 356/393/317
f 378/406/318 688/407/318 689/398/318
f 377/408/319 378/406/319 370/397/319
f 376/409/320 377/408/320 369/399/320
f 375/410/321 376/409/321 368/400/321
f 374/411/322 375/410/322 367/401/322
f 373/412/323 374/411/323 366/402/323
f 372/413/324 373/412/324 365/403/324
f 371/414/325 372/413/325 364/404/325
f 386/415/326 686/416/326 688/407/326
f 385/417/327 386/415/327 378/406/327
f 384/418/328 385/417/328 377/408/328
f 383/419/329 384/418/329 376/409/329
f 382/420/330 383/419/330 375/410/330
f 381/421/331 382/420/331 374/411/331
f 380/422/332 381/421/332 373/412/332
f 379/423/333 380/422/333 372/413/333
f 394/424/334 685/425/334 686/416/334
f 393/426/335 394/424/335 386/415/335
f 392/427/336 393/426/336 385/417/336
f 391/428/337 392/427/337 384/418/337
f 390/429/338 391/428/338 383/419/338
f 389/430/339 390/429/339 382/420/339
f 388/431/340 389/430/340 381/421/340
f 387/432/341 388/431/341 380/422/341
f 402/433/342 683/434/342 685/425/342
f 401/435/343 402/433/343 394/424/343
f 400/436/344 401/435/344 393/426/344
f 399/437/345 400/436/345 392/427/345
f 398/438/346 399/437/346 391/428/346
f 397/439/347 398/438/347 390/429/347
f 396/440/348 397/439/348 389/430/348
f 395/441/349 396/440/349 388/431/349
f 410/442/350 681/443/350 683/434/350
f 409/444/351 410/442/351 402/433/351
f 408/445/352 409/444/352 401/435/352
f 407/446/353 408/445/353 400/436/353
f 406/447/354 407/446/354 399/437/354
f 405/448/355 406/447/355 398/438/355
f 404/449/356 405/448/356 397/439/356
f 403/450/357 404/449/357 396/440/357
f 410/442/358 418/451/358 7/452/358
f 10/453/359 681/443/359 410/442/359
f 417/454/360 418/451/360 410/442/360
f 416/455/361 417/454/361 409/444/361
f 415/456/362 416/455/362 408/445/362
f 414/457/363 415/456/363 407/446/363
f 413/458/364 414/457/364 406/447/364
f 412/459/365 413/458/365 405/448/365
f 411/460/366 412/459/366 404/449/366
f 426/213/367 6/461/367 7/452/367
f 425/212/368 426/213/368 418/451/368
f 424/211/369 425/212/369 417/454/369
f 423/210/370 424/211/370 416/455/370
f 422/209/371 423/210/371 415/456/371
f 421/208/372 422/209/372 414/457/372
f 420/207/373 421/208/373 413/458/373
f 419/206/374 420/207/374 412/459/374
f 442/462/375 443/463/375 178/195/375
f 442/462/376 419/206/376 411/460/376
f 441/464/377 411/460/377 403/450/377
f 440/465/378 403/450/378 395/441/378
f 439/466/379 395/441/379 387/432/379
f 438/467/380 387/432/380 379/423/380
f 437/468/381 379/423/381 371/414/381
f 436/469/382 371/414/382 363/405/382
f 435/470/383 363/405/383 355/395/383
f 434/471/384 355/395/384 347/472/384
f 433/473/385 347/115/385 339/104/385
f 432/474/386 339/104/386 331/105/386
f 431/475/387 331/370/387 323/369/387
f 430/476/388 323/369/388 315/15/388
f 429/477/389 315/15/389 307/27/389
f 428/478/390 307/27/390 299/36/390
f 427/479/391 299/36/391 291/46/391
f 457/480/392 458/481/392 291/46/392
f 456/482/393 457/480/393 283/45/393
f 455/483/394 456/482/394 275/54/394
f 454/484/395 455/485/395 267/65/395
f 453/486/396 454/484/396 259/80/396
f 452/474/397 453/487/397 251/105/397
f 451/473/398 452/474/398 243/104/398
f 450/488/399 451/489/399 235/131/399
f 449/490/400 450/488/400 227/130/400
f 448/491/401 449/490/401 219/141/401
f 447/492/402 448/491/402 211/150/402
f 446/493/403 447/492/403 203/159/403
f 445/494/404 446/493/404 195/168/404
f 444/495/405 445/494/405 187/177/405
f 443/463/406 444/495/406 179/186/406
f 458/481/407 457/480/407 165/215/407
f 457/480/408 456/482/408 161/223/408
f 49/353/409 428/478/409 427/479/409
f 53/347/410 429/477/410 428/478/410
f 57/340/411 430/476/411 429/477/411
f 61/336/412 431/475/412 430/476/412
f 65/496/413 432/497/413 431/475/413
f 69/498/414 433/499/414 432/497/414
f 73/257/415 434/500/415 433/473/415
f 77/501/416 435/502/416 434/500/416
f 81/315/417 436/469/417 435/470/417
f 85/311/418 437/468/418 436/469/418
f 89/307/419 438/467/419 437/468/419
f 93/303/420 439/466/420 438/467/420
f 97/299/421 440/465/421 439/466/421
f 101/295/422 441/464/422 440/465/422
f 105/291/423 442/462/423 441/464/423
f 443/463/424 442/462/424 105/291/424
f 444/495/425 443/463/425 109/287/425
f 445/494/426 444/495/426 113/283/426
f 446/493/427 445/494/427 117/279/427
f 447/492/428 446/493/428 121/275/428
f 448/491/429 447/492/429 125/271/429
f 449/490/430 448/491/430 129/267/430
f 450/500/431 449/502/431 133/503/431
f 451/473/432 450/500/432 137/257/432
f 452/504/433 451/489/433 141/505/433
f 453/506/434 452/504/434 145/247/434
f 454/507/435 453/506/435 149/241/435
f 455/483/436 454/507/436 153/235/436
f 456/482/437 455/483/437 157/229/437
f 45/359/438 427/479/438 458/481/438
f 464/508/439 20/509/439 21/510/439
f 16/511/440 17/512/440 460/513/440
f 469/514/441 470/515/441 462/516/441
f 460/517/442 464/508/442 462/516/442
f 461/518/443 459/519/443 466/520/443
f 475/521/444 476/522/444 468/523/444
f 466/524/445 470/515/445 468/523/445
f 467/525/446 465/526/446 472/527/446
f 481/528/447 482/529/447 474/530/447
f 476/522/448 474/530/448 471/531/448
f 479/532/449 473/533/449 471/534/449
f 487/535/450 488/536/450 480/537/450
f 482/529/451 480/537/451 477/538/451
f 479/532/452 477/539/452 484/540/452
f 487/535/453 493/541/453 494/542/453
f 484/543/454 488/536/454 486/544/454
f 485/545/455 483/546/455 490/547/455
f 493/541/456 499/548/456 500/549/456
f 494/542/457 492/550/457 489/551/457
f 497/552/458 491/553/458 489/554/458
f 505/555/459 506/556/459 498/557/459
f 500/549/460 498/557/460 495/558/460
f 497/552/461 495/559/461 502/560/461
f 505/555/462 511/561/462 512/562/462
f 502/563/463 506/556/463 504/564/463
f 509/565/464 503/566/464 501/567/464
f 517/568/465 520/569/465 510/570/465
f 512/562/466 510/570/466 507/571/466
f 509/565/467 507/572/467 514/573/467
f 517/568/468 530/574/468 532/575/468
f 514/576/469 520/569/469 516/577/469
f 515/578/470 513/579/470 524/580/470
f 530/574/471 542/581/471 543/582/471
f 532/575/472 528/583/472 522/584/472
f 526/585/473 522/586/473 536/587/473
f 553/588/474 555/589/474 540/590/474
f 536/591/475 543/582/475 540/590/475
f 538/592/476 534/593/476 547/594/476
f 553/588/477 566/595/477 567/596/477
f 547/597/478 555/589/478 552/598/478
f 550/599/479 545/600/479 560/601/479
f 577/602/480 579/603/480 564/604/480
f 567/596/481 564/604/481 557/605/481
f 574/606/482 562/607/482 557/608/482
f 589/609/483 592/610/483 576/611/483
f 572/612/484 579/603/484 576/611/484
f 574/606/485 570/613/485 584/614/485
f 601/615/486 603/616/486 588/617/486
f 592/610/487 588/617/487 582/618/487
f 597/552/488 586/619/488 582/560/488
f 614/620/489 616/621/489 599/622/489
f 603/616/490 599/622/490 593/623/490
f 597/552/491 593/624/491 607/554/491
f 625/625/492 626/626/492 612/627/492
f 607/628/493 616/621/493 612/627/493
f 622/545/494 609/553/494 605/547/494
f 631/629/495 632/630/495 623/631/495
f 619/632/496 626/626/496 623/631/496
f 629/532/497 622/545/497 618/540/497
f 631/629/498 637/633/498 638/634/498
f 628/635/499 632/630/499 630/636/499
f 629/532/500 627/637/500 634/534/500
f 637/633/501 644/638/501 647/639/501
f 634/640/502 638/634/502 636/641/502
f 635/533/503 633/527/503 640/642/503
f 644/638/504 657/643/504 659/644/504
f 647/639/505 643/645/505 639/646/505
f 653/518/506 641/525/506 639/520/506
f 654/647/507 657/643/507 38/648/507
f 659/644/508 654/647/508 649/649/508
f 39/650/509 653/651/509 649/652/509
f 683/14/510 681/653/510 9/654/510
f 685/13/511 683/14/511 8/655/511
f 686/656/512 15/657/512 1/658/512
f 18/659/512 16/511/512 686/656/512
f 686/656/512 13/660/512 15/657/512
f 686/656/512 685/661/512 13/660/512
f 16/511/512 461/518/512 686/656/512
f 688/662/513 686/656/513 461/518/513
f 689/663/514 688/662/514 467/525/514
f 691/664/515 689/663/515 473/533/515
f 692/665/516 691/664/516 479/532/516
f 694/372/517 692/665/517 485/545/517
f 695/114/518 694/372/518 491/553/518
f 696/103/519 695/114/519 497/552/519
f 698/14/520 696/13/520 503/566/520
f 700/653/521 698/14/521 509/565/521
f 701/666/522 700/653/522 515/578/522
f 702/667/523 701/666/523 526/585/523
f 704/64/524 702/667/524 538/592/524
f 706/79/525 704/64/525 550/599/525
f 708/88/526 706/79/526 562/607/526
f 710/668/527 708/88/527 574/606/527
f 712/114/528 710/103/528 586/619/528
f 714/372/529 712/114/529 597/552/529
f 716/665/530 714/372/530 609/553/530
f 718/664/531 716/665/531 622/545/531
f 721/663/532 718/664/532 629/532/532
f 723/662/533 721/663/533 635/533/533
f 724/656/534 723/662/534 641/525/534
f 14/669/535 726/661/535 724/656/535
f 724/650/535 653/651/535 39/652/535
f 14/650/535 12/651/535 726/652/535
f 726/650/536 12/651/536 11/652/536
f 728/88/537 11/675/537 3/676/537
f 30/677/538 31/678/538 530/574/538
f 530/574/538 28/679/538 29/680/538
f 530/574/538 27/681/538 28/679/538
f 31/678/538 32/682/538 530/574/538
f 32/682/538 33/683/538 530/574/538
f 530/574/538 26/684/538 27/681/538
f 530/574/538 25/685/538 26/684/538
f 33/683/538 34/686/538 530/574/538
f 34/686/538 625/625/538 530/574/538
f 530/574/538 24/687/538 25/685/538
f 530/574/538 475/521/538 24/687/538
f 34/686/538 35/688/538 625/625/538
f 35/688/538 37/689/538 625/625/538
f 475/521/538 23/690/538 24/687/538
f 475/521/538 22/691/538 23/690/538
f 530/574/538 499/548/538 475/521/538
f 625/625/538 577/602/538 530/574/538
f 37/689/539 657/643/539 625/625/539
f 657/643/538 637/633/538 625/625/538
f 625/625/538 601/615/538 577/602/538
f 577/602/538 553/588/538 530/574/538
f 530/574/538 511/561/538 499/548/538
f 499/548/538 487/535/538 475/521/538
f 475/521/538 463/692/538 22/691/538
f 463/692/538 21/510/538 22/691/538
f 475/521/538 469/514/538 463/692/538
f 487/535/538 481/528/538 475/521/538
f 499/548/538 493/541/538 487/535/538
f 511/561/538 505/555/538 499/548/538
f 530/574/538 517/568/538 511/561/538
f 553/588/538 542/581/538 530/574/538
f 577/602/538 566/595/538 553/588/538
f 601/615/538 589/609/538 577/602/538
f 625/625/538 614/620/538 601/615/538
f 637/633/538 631/629/538 625/625/538
f 657/643/538 644/638/538 637/633/538
f 37/689/540 38/648/540 657/643/540
f 19/693/541 20/509/541 464/508/541
f 460/517/541 17/694/541 19/693/541
f 459/695/542 462/516/542 470/515/542
f 472/696/543 465/697/543 468/523/543
f 478/698/544 471/531/544 474/530/544
f 477/538/545 480/537/545 488/536/545
f 490/699/546 483/700/546 486/544/546
f 496/701/547 489/551/547 492/550/547
f 502/563/548 495/558/548 498/557/548
f 501/702/549 504/564/549 512/562/549
f 507/571/550 510/570/550 520/569/550
f 513/703/551 516/577/551 532/575/551
f 536/591/552 522/584/552 528/583/552
f 534/704/553 540/590/553 555/589/553
f 560/705/554 545/706/554 552/598/554
f 572/612/555 557/605/555 564/604/555
f 570/707/556 576/611/556 592/610/556
f 595/708/557 582/618/557 588/617/557
f 593/623/558 599/622/558 616/621/558
f 605/709/559 612/627/559 626/626/559
f 618/710/560 623/631/560 632/630/560
f 627/711/561 630/636/561 638/634/561
f 640/712/562 633/713/562 636/641/562
f 651/714/563 639/646/563 643/645/563
f 649/649/564 654/647/564 36/715/564
f 670/650/515 18/651/515 1/652/515
f 650/650/624 7/651/624 6/652/624
f 5/650/624 4/651/624 650/652/624
f 650/650/624 10/651/624 7/652/624
f 650/650/624 9/651/624 10/652/624
f 4/650/625 3/651/625 620/652/625
f 3/650/624 11/651/624 620/652/624
f 650/650/624 8/651/624 9/652/624
f 642/650/624 13/651/624 8/652/624
f 642/650/624 15/651/624 13/652/624
f 672/650/538 671/651/538 669/652/538
f 310/20/629 303/31/629 302/30/629
f 311/21/630 304/32/630 303/31/630
f 312/22/631 305/33/631 304/32/631
f 313/843/632 306/844/632 305/845/632
f 314/846/633 701/666/633 306/844/633
f 299/36/634 292/37/634 291/46/634
f 300/28/635 293/38/635 292/37/635
f 301/29/636 294/39/636 293/38/636
f 302/30/637 295/40/637 294/39/637
f 303/31/638 296/41/638 295/40/638
f 304/32/639 297/42/639 296/41/639
f 305/33/640 298/43/640 297/42/640
f 306/34/641 702/44/641 298/43/641
f 283/45/642 292/37/642 284/47/642
f 284/47/643 293/38/643 285/48/643
f 285/48/644 294/39/644 286/49/644
f 286/49/645 295/40/645 287/50/645
f 287/50/646 296/41/646 288/51/646
f 288/51/647 297/42/647 289/52/647
f 289/52/648 298/43/648 290/53/648
f 290/53/649 702/44/649 704/847/649
f 275/54/650 284/47/650 276/55/650
f 276/55/651 285/48/651 277/56/651
f 277/56/652 286/49/652 278/57/652
f 278/57/653 287/50/653 279/58/653
f 279/58/654 288/51/654 280/59/654
f 280/59/655 289/52/655 281/848/655
f 281/848/656 290/53/656 282/849/656
f 282/849/657 704/847/657 706/850/657
f 267/851/658 276/55/658 268/852/658
f 268/852/659 277/56/659 269/853/659
f 269/853/660 278/57/660 270/854/660
f 270/854/661 279/58/661 271/855/661
f 271/855/662 280/59/662 272/856/662
f 272/856/663 281/848/663 273/857/663
f 273/857/664 282/849/664 274/858/664
f 274/858/665 706/850/665 708/859/665
f 259/860/666 268/852/666 260/861/666
f 260/861/667 269/853/667 261/862/667
f 261/862/668 270/854/668 262/863/668
f 262/863/669 271/855/669 263/864/669
f 263/864/670 272/856/670 264/865/670
f 264/865/671 273/857/671 265/866/671
f 265/866/672 274/858/672 266/867/672
f 266/87/673 708/88/673 710/668/673
f 251/868/674 260/861/674 252/869/674
f 252/106/675 261/92/675 253/91/675
f 253/91/676 262/93/676 254/94/676
f 254/94/677 263/95/677 255/96/677
f 255/96/678 264/97/678 256/98/678
f 256/98/679 265/99/679 257/100/679
f 257/100/680 266/101/680 258/102/680
f 258/102/681 710/103/681 712/114/681
f 243/104/682 252/106/682 244/107/682
f 244/107/683 253/91/683 245/108/683
f 245/108/684 254/94/684 246/109/684
f 246/109/685 255/96/685 247/110/685
f 247/110/686 256/98/686 248/111/686
f 248/111/687 257/100/687 249/112/687
f 249/112/688 258/102/688 250/113/688
f 250/113/689 712/114/689 714/372/689
f 235/115/690 244/107/690 236/116/690
f 236/116/691 245/108/691 237/383/691
f 237/383/692 246/109/692 238/382/692
f 238/382/693 247/110/693 239/380/693
f 239/380/694 248/111/694 240/381/694
f 240/124/695 249/125/695 241/126/695
f 241/126/696 250/127/696 242/128/696
f 242/128/697 714/129/697 716/140/697
f 227/130/698 236/132/698 228/133/698
f 228/133/699 237/117/699 229/134/699
f 229/134/700 238/120/700 230/135/700
f 230/135/701 239/122/701 231/136/701
f 231/136/702 240/124/702 232/137/702
f 232/137/703 241/126/703 233/138/703
f 233/138/704 242/128/704 234/139/704
f 234/139/705 716/140/705 718/149/705
f 219/141/706 228/133/706 220/142/706
f 220/142/707 229/134/707 221/143/707
f 221/143/708 230/135/708 222/144/708
f 222/144/709 231/136/709 223/145/709
f 223/145/710 232/137/710 224/146/710
f 224/146/711 233/138/711 225/147/711
f 225/147/712 234/139/712 226/148/712
f 226/148/713 718/149/713 721/158/713
f 211/150/714 220/142/714 212/151/714
f 212/151/715 221/143/715 213/152/715
f 213/152/716 222/144/716 214/153/716
f 214/153/717 223/145/717 215/154/717
f 215/154/718 224/146/718 216/155/718
f 216/155/719 225/147/719 217/156/719
f 217/156/720 226/148/720 218/157/720
f 218/157/721 721/158/721 723/167/721
f 203/159/722 212/151/722 204/160/722
f 204/160/723 213/152/723 205/161/723
f 205/161/724 214/153/724 206/162/724
f 206/162/725 215/154/725 207/163/725
f 207/163/726 216/155/726 208/164/726
f 208/164/727 217/156/727 209/165/727
f 209/165/728 218/157/728 210/166/728
f 210/166/729 723/167/729 724/176/729
f 195/168/730 204/160/730 196/169/730
f 196/169/731 205/161/731 197/170/731
f 197/170/732 206/162/732 198/171/732
f 198/171/733 207/163/733 199/172/733
f 199/172/734 208/164/734 200/173/734
f 200/173/735 209/165/735 201/174/735
f 201/174/736 210/166/736 202/175/736
f 202/175/737 724/176/737 726/185/737
f 187/177/738 196/169/738 188/178/738
f 188/178/739 197/170/739 189/179/739
f 189/179/740 198/171/740 190/180/740
f 190/180/741 199/172/741 191/181/741
f 191/181/742 200/173/742 192/182/742
f 192/182/743 201/174/743 193/183/743
f 193/183/744 202/175/744 194/184/744
f 194/184/745 726/185/745 728/194/745
f 179/186/746 188/178/746 180/187/746
f 180/187/747 189/179/747 181/188/747
f 181/188/748 190/180/748 182/189/748
f 182/189/749 191/181/749 183/190/749
f 183/190/750 192/182/750 184/191/750
f 184/191/751 193/183/751 185/192/751
f 185/192/752 194/184/752 186/193/752
f 186/193/753 728/194/753 730/205/753
f 178/195/754 180/187/754 177/196/754
f 177/196/755 181/188/755 176/197/755
f 176/197/756 182/189/756 175/198/756
f 175/198/757 183/190/757 174/199/757
f 174/199/758 184/191/758 173/200/758
f 173/200/759 185/192/759 172/201/759
f 172/201/760 186/193/760 171/204/760
f 171/204/150 730/205/150 4/202/150
f 419/206/761 177/196/761 420/207/761
f 420/207/762 176/197/762 421/208/762
f 421/208/763 175/198/763 422/209/763
f 422/209/764 174/199/764 423/210/764
f 423/210/765 173/200/765 424/211/765
f 424/211/766 172/201/766 425/212/766
f 425/212/767 171/204/767 426/213/767
f 426/213/768 5/203/768 6/461/768
f 309/19/769 302/30/769 301/29/769
f 167/217/770 164/219/770 168/366/770
f 168/220/771 166/222/771 170/367/771
f 165/215/772 159/224/772 163/216/772
f 163/218/773 160/226/773 164/219/773
f 164/221/774 162/228/774 166/222/774
f 161/223/775 155/230/775 159/224/775
f 159/225/776 156/232/776 160/226/776
f 160/227/777 158/234/777 162/228/777
f 157/229/778 151/236/778 155/230/778
f 155/231/779 152/238/779 156/232/779
f 156/233/780 154/240/780 158/234/780
f 153/235/781 147/242/781 151/236/781
f 151/237/782 148/244/782 152/238/782
f 152/239/783 150/246/783 154/240/783
f 149/241/784 143/248/784 147/242/784
f 147/242/785 144/249/785 148/245/785
f 148/245/786 146/250/786 150/246/786
f 145/251/787 139/253/787 143/332/787
f 143/248/788 140/255/788 144/249/788
f 144/249/789 142/256/789 146/250/789
f 141/252/790 135/258/790 139/253/790
f 139/254/791 136/260/791 140/255/791
f 140/255/792 138/261/792 142/256/792
f 137/262/793 131/264/793 135/259/793
f 135/259/794 132/265/794 136/260/794
f 136/260/795 134/266/795 138/261/795
f 133/263/796 127/268/796 131/264/796
f 131/264/797 128/269/797 132/265/797
f 132/265/798 130/270/798 134/266/798
f 129/267/799 123/272/799 127/268/799
f 127/268/800 124/273/800 128/269/800
f 128/269/801 126/274/801 130/270/801
f 125/271/802 119/276/802 123/272/802
f 123/272/803 120/277/803 124/273/803
f 124/273/804 122/278/804 126/274/804
f 121/275/805 115/280/805 119/276/805
f 119/276/806 116/281/806 120/277/806
f 120/277/807 118/282/807 122/278/807
f 117/279/808 111/284/808 115/280/808
f 115/280/809 112/285/809 116/281/809
f 116/281/810 114/286/810 118/282/810
f 113/283/811 107/288/811 111/284/811
f 111/284/812 108/289/812 112/285/812
f 112/285/813 110/290/813 114/286/813
f 109/287/814 103/292/814 107/288/814
f 107/288/815 104/293/815 108/289/815
f 108/289/816 106/294/816 110/290/816
f 101/295/817 103/292/817 105/291/817
f 99/296/818 104/293/818 103/292/818
f 100/297/819 106/294/819 104/293/819
f 97/299/820 99/296/820 101/295/820
f 95/300/821 100/297/821 99/296/821
f 96/301/822 102/298/822 100/297/822
f 93/303/823 95/300/823 97/299/823
f 91/304/824 96/301/824 95/300/824
f 92/305/825 98/302/825 96/301/825
f 89/307/826 91/304/826 93/303/826
f 87/308/827 92/305/827 91/304/827
f 88/309/828 94/306/828 92/305/828
f 85/311/829 87/308/829 89/307/829
f 83/312/830 88/309/830 87/308/830
f 84/313/831 90/310/831 88/309/831
f 81/315/832 83/312/832 85/311/832
f 79/316/833 84/313/833 83/312/833
f 80/317/834 86/314/834 84/313/834
f 77/319/835 79/316/835 81/315/835
f 75/320/836 80/317/836 79/316/836
f 76/321/837 82/318/837 80/317/837
f 73/323/838 75/320/838 77/319/838
f 71/324/839 76/321/839 75/320/839
f 72/325/840 78/322/840 76/321/840
f 69/252/841 71/328/841 73/257/841
f 67/329/842 72/325/842 71/324/842
f 68/330/843 74/326/843 72/325/843
f 65/251/844 67/327/844 69/252/844
f 63/333/845 68/330/845 67/329/845
f 64/334/846 70/331/846 68/330/846
f 61/336/847 63/333/847 65/496/847
f 59/337/848 64/334/848 63/333/848
f 60/338/849 66/335/849 64/334/849
f 57/340/850 59/337/850 61/336/850
f 55/342/851 60/344/851 59/870/851
f 56/345/852 62/339/852 60/338/852
f 53/347/853 55/341/853 57/340/853
f 51/349/854 56/343/854 55/342/854
f 52/351/855 58/346/855 56/345/855
f 49/353/856 51/348/856 53/347/856
f 47/355/857 52/350/857 51/349/857
f 48/357/858 54/352/858 52/351/858
f 45/359/859 47/354/859 49/353/859
f 43/361/860 48/356/860 47/355/860
f 44/363/861 50/358/861 48/357/861
f 169/214/862 43/360/862 45/359/862
f 167/217/863 44/362/863 43/361/863
f 168/220/864 46/364/864 44/363/864
f 114/286/256 82/318/256 50/358/256
f 20/907/516 19/908/516 672/909/516
f 18/650/515 670/651/515 671/652/515
f 671/910/515 19/908/515 17/512/515
f 16/511/515 18/659/515 671/910/515
f 589/609/483 576/611/483 577/602/483
f 308/17/870 301/29/870 300/28/870
f 307/27/871 300/28/871 299/36/871
f 322/916/872 700/653/872 314/846/872
f 321/917/873 314/846/873 313/843/873
f 320/918/874 313/843/874 312/919/874
f 319/920/875 312/919/875 311/921/875
f 318/922/876 311/921/876 310/923/876
f 317/924/877 310/923/877 309/925/877
f 316/926/878 309/925/878 308/927/878
f 315/928/879 308/927/879 307/929/879
f 330/12/880 698/14/880 322/916/880
f 329/930/881 322/916/881 321/917/881
f 328/931/882 321/917/882 320/918/882
f 327/932/883 320/918/883 319/920/883
f 326/933/884 319/920/884 318/922/884
f 325/934/885 318/922/885 317/924/885
f 324/935/886 317/924/886 316/926/886
f 323/936/887 316/926/887 315/928/887
f 338/102/888 696/103/888 330/101/888
f 337/100/889 330/101/889 329/99/889
f 336/98/890 329/99/890 328/97/890
f 335/96/891 328/97/891 327/95/891
f 334/94/892 327/95/892 326/93/892
f 333/91/893 326/93/893 325/92/893
f 332/937/894 325/934/894 324/935/894
f 331/938/895 324/935/895 323/936/895
f 346/113/896 695/114/896 338/102/896
f 345/112/897 338/102/897 337/100/897
f 344/111/898 337/100/898 336/98/898
f 343/110/899 336/98/899 335/96/899
f 342/109/900 335/96/900 334/94/900
f 341/108/901 334/94/901 333/91/901
f 340/107/902 333/91/902 332/106/902
f 339/104/903 332/106/903 331/105/903
f 354/373/904 694/375/904 346/377/904
f 353/376/905 346/377/905 345/379/905
f 352/378/906 345/379/906 344/939/906
f 351/390/907 344/939/907 343/940/907
f 350/392/908 343/940/908 342/941/908
f 349/394/909 342/941/909 341/942/909
f 348/116/910 341/108/910 340/107/910
f 347/115/911 340/107/911 339/104/911
f 362/384/912 692/374/912 354/373/912
f 361/386/913 354/373/913 353/376/913
f 360/387/914 353/376/914 352/378/914
f 359/388/915 352/378/915 351/390/915
f 358/389/916 351/390/916 350/392/916
f 357/391/917 350/392/917 349/394/917
f 356/393/918 349/394/918 348/396/918
f 355/395/919 348/396/919 347/472/919
f 370/397/920 691/385/920 362/384/920
f 369/399/921 362/384/921 361/386/921
f 368/400/922 361/386/922 360/387/922
f 367/401/923 360/387/923 359/388/923
f 366/402/924 359/388/924 358/389/924
f 365/403/925 358/389/925 357/391/925
f 364/404/926 357/391/926 356/393/926
f 363/405/927 356/393/927 355/395/927
f 378/406/928 689/398/928 370/397/928
f 377/408/929 370/397/929 369/399/929
f 376/409/930 369/399/930 368/400/930
f 375/410/931 368/400/931 367/401/931
f 374/411/932 367/401/932 366/402/932
f 373/412/933 366/402/933 365/403/933
f 372/413/934 365/403/934 364/404/934
f 371/414/935 364/404/935 363/405/935
f 386/415/936 688/407/936 378/406/936
f 385/417/937 378/406/937 377/408/937
f 384/418/938 377/408/938 376/409/938
f 383/419/939 376/409/939 375/410/939
f 382/420/940 375/410/940 374/411/940
f 381/421/941 374/411/941 373/412/941
f 380/422/942 373/412/942 372/413/942
f 379/423/943 372/413/943 371/414/943
f 394/424/944 686/416/944 386/415/944
f 393/426/945 386/415/945 385/417/945
f 392/427/946 385/417/946 384/418/946
f 391/428/947 384/418/947 383/419/947
f 390/429/948 383/419/948 382/420/948
f 389/430/949 382/420/949 381/421/949
f 388/431/950 381/421/950 380/422/950
f 387/432/951 380/422/951 379/423/951
f 402/433/952 685/425/952 394/424/952
f 401/435/953 394/424/953 393/426/953
f 400/436/954 393/426/954 392/427/954
f 399/437/955 392/427/955 391/428/955
f 398/438/956 391/428/956 390/429/956
f 397/439/957 390/429/957 389/430/957
f 396/440/958 389/430/958 388/431/958
f 395/441/959 388/431/959 387/432/959
f 410/442/960 683/434/960 402/433/960
f 409/444/961 402/433/961 401/435/961
f 408/445/962 401/435/962 400/436/962
f 407/446/963 400/436/963 399/437/963
f 406/447/964 399/437/964 398/438/964
f 405/448/965 398/438/965 397/439/965
f 404/449/966 397/439/966 396/440/966
f 403/450/967 396/440/967 395/441/967
f 410/442/968 7/452/968 10/453/968
f 417/454/969 410/442/969 409/444/969
f 416/455/970 409/444/970 408/445/970
f 415/456/971 408/445/971 407/446/971
f 414/457/972 407/446/972 406/447/972
f 413/458/973 406/447/973 405/448/973
f 412/459/974 405/448/974 404/449/974
f 411/460/975 404/449/975 403/450/975
f 426/213/976 7/452/976 418/451/976
f 425/212/977 418/451/977 417/454/977
f 424/211/978 417/454/978 416/455/978
f 423/210/979 416/455/979 415/456/979
f 422/209/980 415/456/980 414/457/980
f 421/208/981 414/457/981 413/458/981
f 420/207/982 413/458/982 412/459/982
f 419/206/983 412/459/983 411/460/983
f 442/462/984 178/195/984 419/206/984
f 442/462/985 411/460/985 441/464/985
f 441/464/986 403/450/986 440/465/986
f 440/465/987 395/441/987 439/466/987
f 439/466/988 387/432/988 438/467/988
f 438/467/989 379/423/989 437/468/989
f 437/468/990 371/414/990 436/469/990
f 436/469/991 363/405/991 435/470/991
f 435/470/992 355/395/992 434/471/992
f 434/471/993 347/472/993 433/499/993
f 433/473/994 339/104/994 432/474/994
f 432/474/995 331/105/995 431/487/995
f 431/943/996 323/936/996 430/944/996
f 430/944/997 315/928/997 429/945/997
f 429/477/998 307/27/998 428/478/998
f 428/478/999 299/36/999 427/479/999
f 427/479/1000 291/46/1000 458/481/1000
f 457/480/1001 291/46/1001 283/45/1001
f 456/482/1002 283/45/1002 275/54/1002
f 455/483/1003 275/54/1003 267/851/1003
f 454/507/1004 267/851/1004 259/860/1004
f 453/506/1005 259/860/1005 251/868/1005
f 452/474/1006 251/105/1006 243/104/1006
f 451/473/1007 243/104/1007 235/115/1007
f 450/488/1008 235/131/1008 227/130/1008
f 449/490/1009 227/130/1009 219/141/1009
f 448/491/1010 219/141/1010 211/150/1010
f 447/492/1011 211/150/1011 203/159/1011
f 446/493/1012 203/159/1012 195/168/1012
f 445/494/1013 195/168/1013 187/177/1013
f 444/495/1014 187/177/1014 179/186/1014
f 443/463/1015 179/186/1015 178/195/1015
f 458/481/407 165/215/407 169/214/407
f 457/480/408 161/223/408 165/215/408
f 49/353/409 427/479/409 45/359/409
f 53/347/410 428/478/410 49/353/410
f 57/340/411 429/477/411 53/347/411
f 61/336/412 430/476/412 57/340/412
f 65/496/413 431/475/413 61/336/413
f 69/498/414 432/497/414 65/496/414
f 73/257/415 433/473/415 69/252/415
f 77/501/416 434/500/416 73/257/416
f 81/315/417 435/470/417 77/319/417
f 85/311/418 436/469/418 81/315/418
f 89/307/419 437/468/419 85/311/419
f 93/303/420 438/467/420 89/307/420
f 97/299/421 439/466/421 93/303/421
f 101/295/422 440/465/422 97/299/422
f 105/291/423 441/464/423 101/295/423
f 443/463/424 105/291/424 109/287/424
f 444/495/425 109/287/425 113/283/425
f 445/494/426 113/283/426 117/279/426
f 446/493/427 117/279/427 121/275/427
f 447/492/428 121/275/428 125/271/428
f 448/491/429 125/271/429 129/267/429
f 449/490/430 129/267/430 133/263/430
f 450/500/431 133/503/431 137/257/431
f 451/473/432 137/257/432 141/252/432
f 452/504/433 141/505/433 145/247/433
f 453/506/434 145/247/434 149/241/434
f 454/507/435 149/241/435 153/235/435
f 455/483/436 153/235/436 157/229/436
f 456/482/437 157/229/437 161/223/437
f 45/359/438 458/481/438 169/214/438
f 464/508/1016 21/510/1016 463/692/1016
f 16/511/440 460/513/440 461/518/440
f 469/514/441 462/516/441 463/692/441
f 460/517/442 462/516/442 459/695/442
f 461/518/443 466/520/443 467/525/443
f 475/521/444 468/523/444 469/514/444
f 466/524/445 468/523/445 465/697/445
f 467/525/446 472/527/446 473/533/446
f 481/528/447 474/530/447 475/521/447
f 476/522/448 471/531/448 472/696/448
f 479/532/449 471/534/449 478/637/449
f 487/535/1017 480/537/1017 481/528/1017
f 482/529/451 477/538/451 478/698/451
f 479/532/452 484/540/452 485/545/452
f 487/535/453 494/542/453 486/544/453
f 484/543/454 486/544/454 483/700/454
f 485/545/455 490/547/455 491/553/455
f 493/541/456 500/549/456 492/550/456
f 494/542/457 489/551/457 490/699/457
f 497/552/458 489/554/458 496/624/458
f 505/555/459 498/557/459 499/548/459
f 500/549/460 495/558/460 496/701/460
f 497/552/461 502/560/461 503/619/461
f 505/555/462 512/562/462 504/564/462
f 502/563/463 504/564/463 501/702/463
f 509/565/464 501/567/464 508/946/464
f 517/568/465 510/570/465 511/561/465
f 512/562/466 507/571/466 508/947/466
f 509/565/467 514/573/467 515/578/467
f 517/568/468 532/575/468 516/577/468
f 514/576/469 516/577/469 513/703/469
f 515/578/470 524/580/470 526/585/470
f 530/574/1018 543/582/1018 528/583/1018
f 532/575/472 522/584/472 524/948/472
f 526/585/473 536/587/473 538/592/473
f 553/588/474 540/590/474 542/581/474
f 536/591/475 540/590/475 534/704/475
f 538/592/476 547/594/476 550/599/476
f 553/588/477 567/596/477 552/598/477
f 547/597/478 552/598/478 545/706/478
f 550/599/479 560/601/479 562/607/479
f 577/602/480 564/604/480 566/595/480
f 567/596/481 557/605/481 560/705/481
f 574/606/482 557/608/482 572/949/482
f 572/612/484 576/611/484 570/707/484
f 574/606/485 584/614/485 586/950/485
f 601/615/486 588/617/486 589/609/486
f 592/610/487 582/618/487 584/951/487
f 597/552/488 582/560/488 595/559/488
f 614/620/489 599/622/489 601/615/489
f 603/616/490 593/623/490 595/708/490
f 597/552/491 607/554/491 609/553/491
f 625/625/492 612/627/492 614/620/492
f 607/628/493 612/627/493 605/709/493
f 622/545/494 605/547/494 619/546/494
f 631/629/495 623/631/495 625/625/495
f 619/632/496 623/631/496 618/710/496
f 629/532/497 618/540/497 628/539/497
f 631/629/498 638/634/498 630/636/498
f 628/635/499 630/636/499 627/711/499
f 629/532/500 634/534/500 635/533/500
f 637/633/501 647/639/501 636/641/501
f 634/640/502 636/641/502 633/713/502
f 635/533/503 640/642/503 641/525/503
f 644/638/504 659/644/504 643/645/504
f 647/639/505 639/646/505 640/712/505
f 653/518/506 639/520/506 651/519/506
f 654/647/1019 38/648/1019 36/715/1019
f 659/644/508 649/649/508 651/714/508
f 461/518/1020 460/513/1020 459/519/1020
f 464/508/1021 463/692/1021 462/516/1021
f 467/525/1022 466/520/1022 465/526/1022
f 470/515/1023 469/514/1023 468/523/1023
f 473/533/1024 472/527/1024 471/534/1024
f 476/522/1025 475/521/1025 474/530/1025
f 479/532/1026 478/637/1026 477/539/1026
f 482/529/1027 481/528/1027 480/537/1027
f 485/545/1028 484/540/1028 483/546/1028
f 488/536/1029 487/535/1029 486/544/1029
f 491/553/1030 490/547/1030 489/554/1030
f 494/542/1031 493/541/1031 492/550/1031
f 497/552/1032 496/624/1032 495/559/1032
f 500/549/1033 499/548/1033 498/557/1033
f 503/619/1034 502/560/1034 501/953/1034
f 506/556/1035 505/555/1035 504/564/1035
f 509/565/1036 508/946/1036 507/572/1036
f 512/562/1037 511/561/1037 510/570/1037
f 515/578/1038 514/573/1038 513/579/1038
f 520/569/1039 517/568/1039 516/577/1039
f 526/585/1040 524/580/1040 522/586/1040
f 532/575/1041 530/574/1041 528/583/1041
f 538/592/1042 536/587/1042 534/593/1042
f 543/582/1043 542/581/1043 540/590/1043
f 550/599/1044 547/594/1044 545/600/1044
f 555/589/1045 553/588/1045 552/598/1045
f 562/607/1046 560/601/1046 557/608/1046
f 567/596/1047 566/595/1047 564/604/1047
f 574/606/1048 572/949/1048 570/613/1048
f 579/603/1049 577/602/1049 576/611/1049
f 586/619/1050 584/953/1050 582/560/1050
f 592/610/1051 589/609/1051 588/617/1051
f 597/552/1052 595/559/1052 593/624/1052
f 603/616/1053 601/615/1053 599/622/1053
f 609/553/1054 607/554/1054 605/547/1054
f 616/621/1055 614/620/1055 612/627/1055
f 622/545/1056 619/546/1056 618/540/1056
f 626/626/1057 625/625/1057 623/631/1057
f 629/532/1058 628/539/1058 627/637/1058
f 632/630/1059 631/629/1059 630/636/1059
f 635/533/1060 634/534/1060 633/527/1060
f 638/634/1061 637/633/1061 636/641/1061
f 641/525/1062 640/642/1062 639/520/1062
f 647/639/1063 644/638/1063 643/645/1063
f 653/518/1064 651/519/1064 649/513/1064
f 654/647/1065 659/644/1065 657/643/1065
f 10/954/868 9/654/868 681/653/868
f 683/14/510 9/654/510 8/655/510
f 685/13/511 8/655/511 13/955/511
f 686/656/512 1/658/512 18/659/512
f 688/662/513 461/518/513 467/525/513
f 689/663/514 467/525/514 473/533/514
f 691/664/515 473/533/515 479/532/515
f 692/665/516 479/532/516 485/545/516
f 694/372/517 485/545/517 491/553/517
f 695/114/518 491/553/518 497/552/518
f 696/103/519 497/552/519 503/619/519
f 698/14/520 503/566/520 509/565/520
f 700/653/521 509/565/521 515/578/521
f 701/666/522 515/578/522 526/585/522
f 702/667/523 526/585/523 538/592/523
f 704/64/524 538/592/524 550/599/524
f 706/79/525 550/599/525 562/607/525
f 708/88/526 562/607/526 574/606/526
f 710/668/527 574/606/527 586/950/527
f 712/114/528 586/619/528 597/552/528
f 714/372/529 597/552/529 609/553/529
f 716/665/530 609/553/530 622/545/530
f 718/664/531 622/545/531 629/532/531
f 721/663/532 629/532/532 635/533/532
f 723/662/533 635/533/533 641/525/533
f 724/656/534 641/525/534 653/518/534
f 724/650/535 42/651/535 14/652/535
f 726/668/536 11/675/536 728/88/536
f 728/88/537 3/676/537 730/79/537
f 4/956/866 730/79/866 3/676/866
f 530/574/538 29/680/538 30/677/538
f 460/517/541 19/693/541 464/508/541
f 459/695/542 470/515/542 466/524/542
f 472/696/543 468/523/543 476/522/543
f 478/698/544 474/530/544 482/529/544
f 477/538/545 488/536/545 484/543/545
f 490/699/546 486/544/546 494/542/546
f 496/701/547 492/550/547 500/549/547
f 502/563/548 498/557/548 506/556/548
f 501/702/549 512/562/549 508/947/549
f 507/571/550 520/569/550 514/576/550
f 513/703/551 532/575/551 524/948/551
f 536/591/552 528/583/552 543/582/552
f 534/704/553 555/589/553 547/597/553
f 560/705/554 552/598/554 567/596/554
f 572/612/555 564/604/555 579/603/555
f 570/707/556 592/610/556 584/951/556
f 595/708/557 588/617/557 603/616/557
f 593/623/558 616/621/558 607/628/558
f 605/709/559 626/626/559 619/632/559
f 618/710/560 632/630/560 628/635/560
f 627/711/561 638/634/561 634/640/561
f 640/712/562 636/641/562 647/639/562
f 651/714/563 643/645/563 659/644/563
f 40/650/564 649/651/564 36/652/564
f 670/650/609 1/651/609 15/652/609
f 650/650/624 6/651/624 5/652/624
f 671/910/515 17/512/515 16/511/515
usemtl Black_steel
f 724/670/535 39/671/535 42/672/535
f 40/716/564 41/717/564 649/718/564
f 661/804/538 711/795/538 684/820/538
f 674/821/538 669/822/538 661/804/538
f 684/820/538 678/823/538 674/821/538
f 711/795/538 697/824/538 684/820/538
f 661/804/538 727/793/538 711/795/538
f 669/822/538 665/790/538 661/804/538
f 674/821/538 672/825/538 669/822/538
f 678/823/538 676/826/538 674/821/538
f 684/820/538 680/827/538 678/823/538
f 697/824/538 690/828/538 684/820/538
f 711/795/538 703/716/538 697/824/538
f 727/793/538 719/801/538 711/795/538
f 661/804/538 733/829/538 727/793/538
f 665/790/538 663/830/538 661/804/538
f 669/822/538 667/831/538 665/790/538
f 674/821/538 673/832/538 672/825/538
f 676/826/538 675/833/538 674/821/538
f 678/823/538 677/834/538 676/826/538
f 680/827/538 679/835/538 678/823/538
f 684/820/538 682/836/538 680/827/538
f 690/828/538 687/837/538 684/820/538
f 697/824/538 693/838/538 690/828/538
f 703/716/538 699/839/538 697/824/538
f 711/795/538 707/840/538 703/716/538
f 719/801/538 715/841/538 711/795/538
f 727/793/538 722/842/538 719/801/538
f 732/871/865 729/872/865 731/873/865
f 729/872/866 725/874/866 727/875/866
f 725/874/537 720/876/537 722/877/537
f 720/876/536 717/878/536 719/879/536
f 717/880/535 713/881/535 715/882/535
f 713/881/534 709/788/534 711/883/534
f 709/788/533 705/787/533 707/884/533
f 40/885/532 703/886/532 707/884/532
f 707/884/532 705/787/532 42/672/532
f 707/884/532 42/672/532 39/671/532
f 41/887/532 40/885/532 707/884/532
f 37/888/531 699/889/531 703/886/531
f 703/886/531 40/885/531 36/890/531
f 38/650/531 37/651/531 703/652/531
f 697/891/530 699/889/530 37/888/530
f 693/892/529 697/891/529 35/893/529
f 693/650/528 34/651/528 33/652/528
f 687/877/527 690/879/527 33/894/527
f 684/875/526 687/877/526 32/895/526
f 682/873/525 684/875/525 31/896/525
f 680/897/524 682/873/524 30/898/524
f 679/899/523 680/897/523 29/900/523
f 678/901/522 679/899/522 28/902/522
f 677/903/521 678/901/521 27/904/521
f 676/905/520 677/903/520 26/906/520
f 676/650/519 25/651/519 24/652/519
f 675/650/518 24/651/518 23/652/518
f 674/650/517 23/651/517 22/652/517
f 672/886/516 673/889/516 22/888/516
f 672/650/516 22/651/516 21/652/516
f 671/910/515 672/909/515 19/908/515
f 670/787/514 668/788/514 669/883/514
f 668/788/513 666/881/513 667/882/513
f 666/881/512 664/880/512 665/911/512
f 664/912/511 662/913/511 663/903/511
f 662/913/510 660/914/510 661/901/510
f 660/914/868 656/915/868 658/899/868
f 656/915/869 732/871/869 733/897/869
f 661/804/538 658/779/538 733/829/538
f 733/829/538 731/794/538 727/793/538
f 729/872/866 727/875/866 731/873/866
f 39/671/509 649/952/509 41/887/509
f 684/820/538 674/821/538 661/804/538
f 656/915/869 733/897/869 658/899/869
f 660/914/868 658/899/868 661/901/868
f 662/913/510 661/901/510 663/903/510
f 664/912/511 663/903/511 665/905/511
f 666/881/512 665/911/512 667/882/512
f 668/788/513 667/882/513 669/883/513
f 670/787/514 669/883/514 671/884/514
f 672/650/516 21/651/516 20/652/516
f 674/891/517 22/888/517 673/889/517
f 675/892/518 23/893/518 674/891/518
f 676/959/519 24/960/519 675/892/519
f 676/650/520 26/651/520 25/652/520
f 677/650/521 27/651/521 26/652/521
f 678/650/522 28/651/522 27/652/522
f 679/650/523 29/651/523 28/652/523
f 680/650/524 30/651/524 29/652/524
f 682/650/525 31/651/525 30/652/525
f 684/650/526 32/651/526 31/652/526
f 687/650/527 33/651/527 32/652/527
f 693/892/528 33/961/528 690/959/528
f 693/650/529 35/651/529 34/652/529
f 697/650/530 37/651/530 35/652/530
f 703/650/531 36/651/531 38/652/531
f 707/884/532 39/671/532 41/887/532
f 709/788/533 707/884/533 711/883/533
f 713/881/534 711/883/534 715/882/534
f 717/880/535 715/882/535 719/911/535
f 720/876/536 719/879/536 722/877/536
f 725/874/537 722/877/537 727/875/537
f 732/871/865 731/873/865 733/897/865
