# Blender 4.4.1
# www.blender.org
mtllib arrow3.mtl
o Head
v -0.419900 0.015184 -0.025790
v -0.341907 -0.002790 0.047982
v -0.419900 0.026165 -0.014809
v -0.291867 -0.002245 0.072397
v -0.419900 0.030184 0.000191
v -0.251298 -0.001865 0.091880
v -0.419900 0.026165 0.015191
v -0.419900 0.015184 0.026171
v -0.220121 -0.001624 0.106778
v -0.419900 0.000184 0.030191
v -0.198257 -0.001496 0.117440
v -0.185630 -0.001454 0.124212
v -0.419900 -0.014816 0.026171
v -0.182160 -0.001473 0.127442
v -0.419900 -0.025796 0.015191
v -0.187769 -0.001526 0.127479
v -0.419900 -0.029816 0.000191
v -0.419900 -0.025796 -0.014809
v -0.202380 -0.001588 0.124669
v -0.225913 -0.001631 0.119361
v -0.419900 -0.014816 -0.025790
v -0.419900 0.000184 -0.029809
v -0.258290 -0.001630 0.111901
v -0.334185 0.015184 -0.025790
v -0.299434 -0.001559 0.102638
v -0.334185 0.026165 -0.014809
v -0.306486 -0.001572 0.101003
v -0.318329 -0.001627 0.098096
v -0.334185 0.030184 0.000191
v -0.334185 0.026165 0.015191
v -0.334700 -0.001715 0.093890
v -0.334185 0.015184 0.026171
v -0.355334 -0.001829 0.088357
v -0.334185 0.000184 0.030191
v -0.379966 -0.001959 0.081470
v -0.334185 -0.014816 0.026171
v -0.408332 -0.002097 0.073201
v -0.334185 -0.025796 0.015191
v -0.440167 -0.002234 0.063523
v -0.334185 -0.029816 0.000191
v -0.475207 -0.002361 0.052407
v -0.513187 -0.002470 0.039826
v -0.334185 -0.025796 -0.014809
v -0.334185 -0.014816 -0.025790
v -0.553843 -0.002552 0.025753
v -0.596910 -0.002598 0.010159
v -0.334185 0.000184 -0.029809
v -0.248471 0.015184 -0.025790
v -0.642124 -0.002601 -0.006982
v -0.248471 0.026165 -0.014809
v -0.642743 -0.002594 -0.007232
v -0.248471 0.030184 0.000191
v -0.643505 -0.002575 -0.007561
v -0.248471 0.026165 0.015191
v -0.644354 -0.002548 -0.007956
v -0.248471 0.015184 0.026171
v -0.645238 -0.002513 -0.008403
v -0.248471 0.000184 0.030191
v -0.646100 -0.002474 -0.008888
v -0.248471 -0.014816 0.026171
v -0.646887 -0.002433 -0.009397
v -0.647545 -0.002392 -0.009915
v -0.248471 -0.025796 0.015191
v -0.648018 -0.002354 -0.010429
v -0.248471 -0.029816 0.000191
v -0.648252 -0.002321 -0.010926
v -0.248471 -0.025796 -0.014809
v -0.648192 -0.002295 -0.011390
v -0.248471 -0.014816 -0.025790
v -0.647785 -0.002279 -0.011808
v -0.248471 0.000184 -0.029809
v -0.646975 -0.002276 -0.012167
v -0.162757 0.015184 -0.025790
v -0.162757 0.026165 -0.014809
v -0.600579 -0.002391 -0.026383
v -0.162757 0.030184 0.000191
v -0.556804 -0.002435 -0.039084
v -0.162757 0.026165 0.015191
v -0.515842 -0.002418 -0.050332
v -0.162757 0.015184 0.026171
v -0.477885 -0.002354 -0.060186
v -0.162757 0.000184 0.030191
v -0.443126 -0.002254 -0.068705
v -0.162757 -0.014816 0.026171
v -0.411757 -0.002131 -0.075952
v -0.383969 -0.001995 -0.081984
v -0.162757 -0.025796 0.015191
v -0.162757 -0.029816 0.000191
v -0.359956 -0.001860 -0.086863
v -0.339910 -0.001736 -0.090648
v -0.162757 -0.025796 -0.014809
v -0.324022 -0.001637 -0.093400
v -0.162757 -0.014816 -0.025790
v -0.312485 -0.001574 -0.095179
v -0.162757 0.000184 -0.029809
v -0.077042 0.015184 -0.025790
v -0.305491 -0.001559 -0.096044
v -0.077042 0.026165 -0.014809
v -0.258307 -0.001660 -0.100939
v -0.077042 0.030184 0.000191
v -0.221985 -0.001680 -0.105546
v -0.196306 -0.001647 -0.109302
v -0.077042 0.026165 0.015191
v -0.181047 -0.001589 -0.111643
v -0.077042 0.015184 0.026171
v -0.175986 -0.001533 -0.112003
v -0.077042 0.000184 0.030191
v -0.180904 -0.001507 -0.109820
v -0.077042 -0.014816 0.026171
v -0.195578 -0.001538 -0.104528
v -0.077042 -0.025796 0.015191
v -0.219788 -0.001655 -0.095563
v -0.077042 -0.029816 0.000191
v -0.253311 -0.001885 -0.082362
v -0.077042 -0.025796 -0.014809
v -0.295928 -0.002255 -0.064359
v -0.077042 -0.014816 -0.025790
v -0.077042 0.000184 -0.029809
v -0.347415 -0.002793 -0.040991
v 0.008672 0.015184 -0.025790
v 0.008672 0.026165 -0.014809
v 0.008672 0.030184 0.000191
v 0.008672 0.026165 0.015191
v 0.008672 0.015184 0.026171
v 0.008672 0.000184 0.030191
v 0.008672 -0.014816 0.026171
v 0.008672 -0.025796 0.015191
v 0.008672 -0.029816 0.000191
v 0.008672 -0.025796 -0.014809
v 0.008672 -0.014816 -0.025790
v 0.008672 0.000184 -0.029809
v 0.094386 0.015184 -0.025790
v 0.094386 0.026165 -0.014809
v -0.341907 -0.002495 0.047982
v 0.094386 0.030184 0.000191
v -0.291867 -0.001950 0.072397
v 0.094386 0.026165 0.015191
v -0.251298 -0.001570 0.091880
v -0.220121 -0.001329 0.106778
v 0.094386 0.015184 0.026171
v 0.094386 0.000184 0.030191
v -0.198257 -0.001200 0.117440
v -0.185630 -0.001159 0.124212
v 0.094386 -0.014816 0.026171
v -0.182160 -0.001178 0.127442
v 0.094386 -0.025796 0.015191
v 0.094386 -0.029816 0.000191
v -0.187769 -0.001231 0.127479
v -0.202380 -0.001292 0.124669
v 0.094386 -0.025796 -0.014809
v -0.225913 -0.001336 0.119361
v 0.094386 -0.014816 -0.025790
v -0.258290 -0.001335 0.111901
v 0.094386 0.000184 -0.029809
v 0.180100 0.015184 -0.025790
v -0.299434 -0.001264 0.102638
v -0.306486 -0.001277 0.101003
v 0.180100 0.026165 -0.014809
v -0.318329 -0.001332 0.098096
v 0.180100 0.030184 0.000191
v -0.334700 -0.001420 0.093890
v 0.180100 0.026165 0.015191
v -0.355334 -0.001534 0.088357
v 0.180100 0.015184 0.026171
v -0.379966 -0.001664 0.081470
v 0.180100 0.000184 0.030191
v 0.180100 -0.014816 0.026171
v -0.408332 -0.001802 0.073201
v 0.180100 -0.025796 0.015191
v -0.440167 -0.001938 0.063523
v 0.180100 -0.029816 0.000191
v -0.475207 -0.002066 0.052407
v 0.180100 -0.025796 -0.014809
v -0.513187 -0.002175 0.039826
v 0.180100 -0.014816 -0.025790
v -0.553843 -0.002257 0.025753
v 0.180100 0.000184 -0.029809
v -0.596910 -0.002303 0.010159
v 0.265815 0.015184 -0.025790
v -0.642124 -0.002305 -0.006982
v -0.642743 -0.002299 -0.007232
v 0.265815 0.026165 -0.014809
v -0.643505 -0.002280 -0.007561
v 0.265815 0.030184 0.000191
v 0.265815 0.026165 0.015191
v -0.644354 -0.002252 -0.007956
v 0.265815 0.015184 0.026171
v -0.645238 -0.002218 -0.008403
v -0.646100 -0.002179 -0.008888
v 0.265815 0.000184 0.030191
v -0.646887 -0.002137 -0.009397
v 0.265815 -0.014816 0.026171
v -0.647545 -0.002097 -0.009915
v 0.265815 -0.025796 0.015191
v -0.648018 -0.002058 -0.010429
v 0.265815 -0.029816 0.000191
v -0.648252 -0.002025 -0.010926
v 0.265815 -0.025796 -0.014809
v -0.648192 -0.002000 -0.011390
v 0.265815 -0.014816 -0.025790
v -0.647785 -0.001984 -0.011808
v 0.265815 0.000184 -0.029809
v 0.351529 0.015184 -0.025790
v -0.646975 -0.001980 -0.012167
v 0.351529 0.026165 -0.014809
v -0.600579 -0.002096 -0.026383
v 0.351529 0.030184 0.000191
v -0.556804 -0.002139 -0.039084
v 0.351529 0.026165 0.015191
v -0.515842 -0.002123 -0.050332
v -0.477885 -0.002059 -0.060186
v 0.351529 0.015184 0.026171
v -0.443126 -0.001959 -0.068705
v 0.351529 0.000184 0.030191
v 0.351529 -0.014816 0.026171
v -0.411757 -0.001835 -0.075952
v 0.351529 -0.025796 0.015191
v -0.383969 -0.001700 -0.081984
v 0.351529 -0.029816 0.000191
v -0.359956 -0.001564 -0.086863
v 0.351529 -0.025796 -0.014809
v -0.339910 -0.001441 -0.090648
v -0.324022 -0.001342 -0.093400
v 0.351529 -0.014816 -0.025790
v 0.351529 0.000184 -0.029809
v -0.312485 -0.001279 -0.095179
v -0.305491 -0.001264 -0.096044
v 0.437243 0.015184 -0.025790
v 0.437243 0.026165 -0.014809
v -0.258307 -0.001365 -0.100939
v -0.221985 -0.001384 -0.105546
v 0.437243 0.030184 0.000191
v -0.196306 -0.001352 -0.109302
v 0.437243 0.026165 0.015191
v -0.181047 -0.001293 -0.111643
v 0.437243 0.015184 0.026171
v -0.175986 -0.001237 -0.112003
v 0.437243 0.000184 0.030191
v -0.180904 -0.001211 -0.109820
v 0.437243 -0.014816 0.026171
v -0.195578 -0.001243 -0.104528
v 0.437243 -0.025796 0.015191
v -0.219788 -0.001360 -0.095563
v 0.437243 -0.029816 0.000191
v -0.253311 -0.001589 -0.082362
v 0.437243 -0.025796 -0.014809
v -0.295928 -0.001959 -0.064359
v 0.437243 -0.014816 -0.025790
v 0.437243 0.000184 -0.029809
v -0.347415 -0.002497 -0.040991
v 0.522958 0.015184 -0.025790
v 0.522958 0.026165 -0.014809
v 0.522958 0.030184 0.000191
v 0.522958 0.026165 0.015191
v 0.522958 0.015184 0.026171
v 0.522958 0.000184 0.030191
v 0.522958 -0.014816 0.026171
v 0.522958 -0.025796 0.015191
v 0.522958 -0.029816 0.000191
v 0.522958 -0.025796 -0.014809
v 0.522958 -0.014816 -0.025790
v 0.522958 0.000184 -0.029809
v -0.401496 -0.002936 0.018288
v 0.608672 0.015184 -0.025790
v -0.341907 -0.002199 0.047982
v 0.608672 0.026165 -0.014809
v -0.291867 -0.001654 0.072397
v 0.608672 0.030184 0.000191
v -0.251298 -0.001274 0.091880
v 0.608672 0.026165 0.015191
v 0.608672 0.015184 0.026171
v -0.220121 -0.001033 0.106778
v -0.198257 -0.000905 0.117440
v 0.608672 0.000184 0.030191
v 0.608672 -0.014816 0.026171
v -0.185630 -0.000864 0.124212
v -0.182160 -0.000882 0.127442
v 0.608672 -0.025796 0.015191
v 0.608672 -0.029816 0.000191
v -0.187769 -0.000936 0.127479
v 0.608672 -0.025796 -0.014809
v -0.202380 -0.000997 0.124669
v -0.225913 -0.001041 0.119361
v 0.608672 -0.014816 -0.025790
v -0.258290 -0.001040 0.111901
v 0.608672 0.000184 -0.029809
v -0.299434 -0.000969 0.102638
v 0.694386 0.015184 -0.025790
v 0.694386 0.026165 -0.014809
v -0.306486 -0.000981 0.101003
v -0.318329 -0.001036 0.098096
v 0.694386 0.030184 0.000191
v -0.334700 -0.001125 0.093890
v 0.694386 0.026165 0.015191
v -0.355334 -0.001239 0.088357
v 0.694386 0.015184 0.026171
v 0.694386 0.000184 0.030191
v -0.379966 -0.001369 0.081470
v 0.694386 -0.014816 0.026171
v -0.408332 -0.001506 0.073201
v -0.440167 -0.001643 0.063523
v 0.694386 -0.025796 0.015191
v 0.694386 -0.029816 0.000191
v -0.475207 -0.001770 0.052407
v 0.694386 -0.025796 -0.014809
v -0.513187 -0.001879 0.039826
v 0.694386 -0.014816 -0.025790
v -0.553843 -0.001961 0.025753
v -0.596910 -0.002008 0.010159
v 0.694386 0.000184 -0.029809
v 0.780100 0.015184 -0.025790
v -0.642124 -0.002010 -0.006982
v 0.780100 0.026165 -0.014809
v -0.642743 -0.002003 -0.007232
v -0.643505 -0.001985 -0.007561
v 0.780100 0.030184 0.000191
v -0.644354 -0.001957 -0.007956
v 0.780100 0.026165 0.015191
v -0.645238 -0.001922 -0.008403
v 0.780100 0.015184 0.026171
v 0.780100 0.000184 0.030191
v -0.646100 -0.001883 -0.008888
v 0.780100 -0.014816 0.026171
v -0.646887 -0.001842 -0.009397
v -0.647545 -0.001801 -0.009915
v 0.780100 -0.025796 0.015191
v 0.780100 -0.029816 0.000191
v -0.648018 -0.001763 -0.010429
v 0.780100 -0.025796 -0.014809
v -0.648252 -0.001730 -0.010926
v -0.648192 -0.001704 -0.011390
v 0.780100 -0.014816 -0.025790
v 0.780100 0.000184 -0.029809
v -0.647785 -0.001689 -0.011808
v -0.646975 -0.001685 -0.012167
v -0.600579 -0.001800 -0.026383
v -0.556804 -0.001844 -0.039084
v -0.515842 -0.001828 -0.050332
v -0.477885 -0.001764 -0.060186
v -0.443126 -0.001664 -0.068705
v -0.411757 -0.001540 -0.075952
v -0.383969 -0.001404 -0.081984
v -0.359956 -0.001269 -0.086863
v -0.339910 -0.001146 -0.090648
v -0.324022 -0.001047 -0.093400
v -0.312485 -0.000984 -0.095179
v -0.305491 -0.000969 -0.096044
v -0.258307 -0.001069 -0.100939
v -0.221985 -0.001089 -0.105546
v -0.196306 -0.001056 -0.109302
v -0.181047 -0.000998 -0.111643
v -0.175986 -0.000942 -0.112003
v -0.180904 -0.000916 -0.109820
v -0.195578 -0.000948 -0.104528
v -0.219788 -0.001064 -0.095563
v -0.253311 -0.001294 -0.082362
v -0.295928 -0.001664 -0.064359
v -0.347415 -0.002202 -0.040991
v -0.407553 -0.002936 -0.011694
v -0.414314 -0.003026 -0.007755
v -0.418710 -0.003087 -0.004055
v -0.421053 -0.003124 -0.000601
v -0.421658 -0.003141 0.002601
v -0.420837 -0.003139 0.005542
v -0.418904 -0.003124 0.008218
v -0.416173 -0.003098 0.010620
v -0.412955 -0.003065 0.012741
v -0.409566 -0.003029 0.014576
v -0.406317 -0.002993 0.016116
v -0.403523 -0.002961 0.017356
v -0.341907 -0.001904 0.047982
v -0.291867 -0.001359 0.072397
v -0.251298 -0.000979 0.091880
v -0.220121 -0.000738 0.106778
v -0.198257 -0.000610 0.117440
v -0.185630 -0.000568 0.124212
v -0.182160 -0.000587 0.127442
v -0.187769 -0.000640 0.127479
v -0.202380 -0.000702 0.124669
v -0.225913 -0.000745 0.119361
v -0.258290 -0.000745 0.111901
v -0.299434 -0.000674 0.102638
v -0.306486 -0.000686 0.101003
v -0.318329 -0.000741 0.098096
v -0.334700 -0.000830 0.093890
v -0.355334 -0.000943 0.088357
v -0.379966 -0.001073 0.081470
v -0.408332 -0.001211 0.073201
v -0.440167 -0.001348 0.063523
v -0.475207 -0.001475 0.052407
v -0.513187 -0.001584 0.039826
v -0.553843 -0.001666 0.025753
v -0.596910 -0.001713 0.010159
v -0.642124 -0.001715 -0.006982
v -0.642743 -0.001708 -0.007232
v -0.643505 -0.001689 -0.007561
v -0.644354 -0.001662 -0.007956
v -0.645238 -0.001627 -0.008403
v -0.646100 -0.001588 -0.008888
v -0.646887 -0.001547 -0.009397
v -0.647545 -0.001506 -0.009915
v -0.648018 -0.001468 -0.010429
v -0.648252 -0.001435 -0.010926
v -0.648192 -0.001409 -0.011390
v -0.647785 -0.001393 -0.011808
v -0.646975 -0.001390 -0.012167
v -0.600579 -0.001505 -0.026383
v -0.556804 -0.001549 -0.039084
v -0.515842 -0.001532 -0.050332
v -0.477885 -0.001468 -0.060186
v -0.443126 -0.001369 -0.068705
v -0.411757 -0.001245 -0.075952
v -0.383969 -0.001109 -0.081984
v -0.359956 -0.000974 -0.086863
v -0.339910 -0.000851 -0.090648
v -0.324022 -0.000751 -0.093400
v -0.312485 -0.000688 -0.095179
v -0.305491 -0.000674 -0.096044
v -0.258307 -0.000774 -0.100939
v -0.221985 -0.000794 -0.105546
v -0.196306 -0.000761 -0.109302
v -0.181047 -0.000703 -0.111643
v -0.175986 -0.000647 -0.112003
v -0.180904 -0.000621 -0.109820
v -0.195578 -0.000652 -0.104528
v -0.219788 -0.000769 -0.095563
v -0.253311 -0.000999 -0.082362
v -0.295928 -0.001369 -0.064359
v -0.347415 -0.001907 -0.040991
v -0.341907 -0.001609 0.047982
v -0.291867 -0.001064 0.072397
v -0.251298 -0.000684 0.091880
v -0.220121 -0.000443 0.106778
v -0.198257 -0.000315 0.117440
v -0.185630 -0.000273 0.124212
v -0.182160 -0.000292 0.127442
v -0.187769 -0.000345 0.127479
v -0.202380 -0.000407 0.124669
v -0.225913 -0.000450 0.119361
v -0.258290 -0.000449 0.111901
v -0.299434 -0.000378 0.102638
v -0.306486 -0.000391 0.101003
v -0.318329 -0.000446 0.098096
v -0.334700 -0.000534 0.093890
v -0.355334 -0.000648 0.088357
v -0.379966 -0.000778 0.081470
v -0.408332 -0.000916 0.073201
v -0.440167 -0.001053 0.063523
v -0.475207 -0.001180 0.052407
v -0.513187 -0.001289 0.039826
v -0.553843 -0.001371 0.025753
v -0.596910 -0.001417 0.010159
v -0.642124 -0.001420 -0.006982
v -0.642743 -0.001413 -0.007232
v -0.643505 -0.001394 -0.007561
v -0.644354 -0.001366 -0.007956
v -0.645238 -0.001332 -0.008403
v -0.646100 -0.001293 -0.008888
v -0.646887 -0.001252 -0.009397
v -0.647545 -0.001211 -0.009915
v -0.648018 -0.001173 -0.010429
v -0.648252 -0.001139 -0.010926
v -0.648192 -0.001114 -0.011390
v -0.647785 -0.001098 -0.011808
v -0.646975 -0.001095 -0.012167
v -0.600579 -0.001210 -0.026383
v -0.556804 -0.001253 -0.039084
v -0.515842 -0.001237 -0.050332
v -0.477885 -0.001173 -0.060186
v -0.443126 -0.001073 -0.068705
v -0.411757 -0.000950 -0.075952
v -0.383969 -0.000814 -0.081984
v -0.359956 -0.000679 -0.086863
v -0.339910 -0.000555 -0.090648
v -0.324022 -0.000456 -0.093400
v -0.312485 -0.000393 -0.095179
v -0.305491 -0.000378 -0.096044
v -0.258307 -0.000479 -0.100939
v -0.221985 -0.000499 -0.105546
v -0.196306 -0.000466 -0.109302
v -0.181047 -0.000407 -0.111643
v -0.175986 -0.000351 -0.112003
v -0.180904 -0.000326 -0.109820
v -0.195578 -0.000357 -0.104528
v -0.219788 -0.000474 -0.095563
v -0.253311 -0.000703 -0.082362
v -0.295928 -0.001074 -0.064359
v -0.347415 -0.001612 -0.040991
v -0.341907 -0.001314 0.047982
v -0.291867 -0.000769 0.072397
v -0.251298 -0.000389 0.091880
v -0.220121 -0.000148 0.106778
v -0.198257 -0.000019 0.117440
v -0.185630 0.000022 0.124212
v -0.182160 0.000003 0.127442
v -0.187769 -0.000050 0.127479
v -0.202380 -0.000111 0.124669
v -0.225913 -0.000155 0.119361
v -0.258290 -0.000154 0.111901
v -0.299434 -0.000083 0.102638
v -0.306486 -0.000096 0.101003
v -0.318329 -0.000150 0.098096
v -0.334700 -0.000239 0.093890
v -0.355334 -0.000353 0.088357
v -0.379966 -0.000483 0.081470
v -0.408332 -0.000620 0.073201
v -0.440167 -0.000757 0.063523
v -0.475207 -0.000884 0.052407
v -0.513187 -0.000993 0.039826
v -0.553843 -0.001076 0.025753
v -0.596910 -0.001122 0.010159
v -0.642124 -0.001124 -0.006982
v -0.642743 -0.001117 -0.007232
v -0.643505 -0.001099 -0.007561
v -0.644354 -0.001071 -0.007956
v -0.645238 -0.001037 -0.008403
v -0.646100 -0.000998 -0.008888
v -0.646887 -0.000956 -0.009397
v -0.647545 -0.000915 -0.009915
v -0.648018 -0.000877 -0.010429
v -0.648252 -0.000844 -0.010926
v -0.648192 -0.000819 -0.011390
v -0.647785 -0.000803 -0.011808
v -0.646975 -0.000799 -0.012167
v -0.600579 -0.000915 -0.026383
v -0.556804 -0.000958 -0.039084
v -0.515842 -0.000942 -0.050332
v -0.477885 -0.000878 -0.060186
v -0.443126 -0.000778 -0.068705
v -0.411757 -0.000654 -0.075952
v -0.383969 -0.000519 -0.081984
v -0.359956 -0.000383 -0.086863
v -0.339910 -0.000260 -0.090648
v -0.324022 -0.000161 -0.093400
v -0.312485 -0.000098 -0.095179
v -0.305491 -0.000083 -0.096044
v -0.258307 -0.000184 -0.100939
v -0.221985 -0.000203 -0.105546
v -0.196306 -0.000170 -0.109302
v -0.181047 -0.000112 -0.111643
v -0.175986 -0.000056 -0.112003
v -0.180904 -0.000030 -0.109820
v -0.195578 -0.000062 -0.104528
v -0.219788 -0.000179 -0.095563
v -0.253311 -0.000408 -0.082362
v -0.295928 -0.000778 -0.064359
v -0.347415 -0.001316 -0.040991
v -0.341907 -0.001018 0.047982
v -0.291867 -0.000473 0.072397
v -0.251298 -0.000093 0.091880
v -0.220121 0.000148 0.106778
v -0.198257 0.000276 0.117440
v -0.185630 0.000318 0.124212
v -0.182160 0.000299 0.127442
v -0.187769 0.000245 0.127479
v -0.202380 0.000184 0.124669
v -0.225913 0.000140 0.119361
v -0.258290 0.000141 0.111901
v -0.299434 0.000212 0.102638
v -0.306486 0.000200 0.101003
v -0.318329 0.000145 0.098096
v -0.334700 0.000056 0.093890
v -0.355334 -0.000057 0.088357
v -0.379966 -0.000187 0.081470
v -0.408332 -0.000325 0.073201
v -0.440167 -0.000462 0.063523
v -0.475207 -0.000589 0.052407
v -0.513187 -0.000698 0.039826
v -0.553843 -0.000780 0.025753
v -0.596910 -0.000827 0.010159
v -0.642124 -0.000829 -0.006982
v -0.642743 -0.000822 -0.007232
v -0.643505 -0.000804 -0.007561
v -0.644354 -0.000776 -0.007956
v -0.645238 -0.000741 -0.008403
v -0.646100 -0.000702 -0.008888
v -0.646887 -0.000661 -0.009397
v -0.647545 -0.000620 -0.009915
v -0.648018 -0.000582 -0.010429
v -0.648252 -0.000549 -0.010926
v -0.648192 -0.000523 -0.011390
v -0.647785 -0.000508 -0.011808
v -0.646975 -0.000504 -0.012167
v -0.600579 -0.000619 -0.026383
v -0.556804 -0.000663 -0.039084
v -0.515842 -0.000647 -0.050332
v -0.477885 -0.000583 -0.060186
v -0.443126 -0.000483 -0.068705
v -0.411757 -0.000359 -0.075952
v -0.383969 -0.000223 -0.081984
v -0.359956 -0.000088 -0.086863
v -0.339910 0.000035 -0.090648
v -0.324022 0.000134 -0.093400
v -0.312485 0.000197 -0.095179
v -0.305491 0.000212 -0.096044
v -0.258307 0.000112 -0.100939
v -0.221985 0.000092 -0.105546
v -0.196306 0.000125 -0.109302
v -0.181047 0.000183 -0.111643
v -0.175986 0.000239 -0.112003
v -0.180904 0.000265 -0.109820
v -0.195578 0.000233 -0.104528
v -0.219788 0.000117 -0.095563
v -0.253311 -0.000113 -0.082362
v -0.295928 -0.000483 -0.064359
v -0.347415 -0.001021 -0.040991
v -0.341907 -0.000723 0.047982
v -0.291867 -0.000178 0.072397
v -0.251298 0.000202 0.091880
v -0.220121 0.000443 0.106778
v -0.198257 0.000571 0.117440
v -0.185630 0.000613 0.124212
v -0.182160 0.000594 0.127442
v -0.187769 0.000541 0.127479
v -0.202380 0.000479 0.124669
v -0.225913 0.000436 0.119361
v -0.258290 0.000436 0.111901
v -0.299434 0.000507 0.102638
v -0.306486 0.000495 0.101003
v -0.318329 0.000440 0.098096
v -0.334700 0.000351 0.093890
v -0.355334 0.000238 0.088357
v -0.379966 0.000108 0.081470
v -0.408332 -0.000030 0.073201
v -0.440167 -0.000167 0.063523
v -0.475207 -0.000294 0.052407
v -0.513187 -0.000403 0.039826
v -0.553843 -0.000485 0.025753
v -0.596910 -0.000532 0.010159
v -0.642124 -0.000534 -0.006982
v -0.642743 -0.000527 -0.007232
v -0.643505 -0.000508 -0.007561
v -0.644354 -0.000481 -0.007956
v -0.645238 -0.000446 -0.008403
v -0.646100 -0.000407 -0.008888
v -0.646887 -0.000366 -0.009397
v -0.647545 -0.000325 -0.009915
v -0.648018 -0.000287 -0.010429
v -0.648252 -0.000254 -0.010926
v -0.648192 -0.000228 -0.011390
v -0.647785 -0.000212 -0.011808
v -0.646975 -0.000209 -0.012167
v -0.600579 -0.000324 -0.026383
v -0.556804 -0.000368 -0.039084
v -0.515842 -0.000351 -0.050332
v -0.477885 -0.000287 -0.060186
v -0.443126 -0.000187 -0.068705
v -0.411757 -0.000064 -0.075952
v -0.383969 0.000072 -0.081984
v -0.359956 0.000207 -0.086863
v -0.339910 0.000331 -0.090648
v -0.324022 0.000430 -0.093400
v -0.312485 0.000493 -0.095179
v -0.305491 0.000507 -0.096044
v -0.258307 0.000407 -0.100939
v -0.221985 0.000387 -0.105546
v -0.196306 0.000420 -0.109302
v -0.181047 0.000478 -0.111643
v -0.175986 0.000534 -0.112003
v -0.180904 0.000560 -0.109820
v -0.195578 0.000529 -0.104528
v -0.219788 0.000412 -0.095563
v -0.253311 0.000182 -0.082362
v -0.295928 -0.000188 -0.064359
v -0.347415 -0.000726 -0.040991
v -0.341907 -0.000428 0.047982
v -0.291867 0.000117 0.072397
v -0.251298 0.000497 0.091880
v -0.220121 0.000738 0.106778
v -0.198257 0.000866 0.117440
v -0.185630 0.000908 0.124212
v -0.182160 0.000889 0.127442
v -0.187769 0.000836 0.127479
v -0.202380 0.000774 0.124669
v -0.225913 0.000731 0.119361
v -0.258290 0.000732 0.111901
v -0.299434 0.000803 0.102638
v -0.306486 0.000790 0.101003
v -0.318329 0.000735 0.098096
v -0.334700 0.000647 0.093890
v -0.355334 0.000533 0.088357
v -0.379966 0.000403 0.081470
v -0.408332 0.000265 0.073201
v -0.440167 0.000129 0.063523
v -0.475207 0.000001 0.052407
v -0.513187 -0.000108 0.039826
v -0.553843 -0.000190 0.025753
v -0.596910 -0.000236 0.010159
v -0.642124 -0.000239 -0.006982
v -0.642743 -0.000232 -0.007232
v -0.643505 -0.000213 -0.007561
v -0.644354 -0.000185 -0.007956
v -0.645238 -0.000151 -0.008403
v -0.646100 -0.000112 -0.008888
v -0.646887 -0.000071 -0.009397
v -0.647545 -0.000030 -0.009915
v -0.648018 0.000008 -0.010429
v -0.648252 0.000042 -0.010926
v -0.648192 0.000067 -0.011390
v -0.647785 0.000083 -0.011808
v -0.646975 0.000087 -0.012167
v -0.600579 -0.000029 -0.026383
v -0.556804 -0.000072 -0.039084
v -0.515842 -0.000056 -0.050332
v -0.477885 0.000008 -0.060186
v -0.443126 0.000108 -0.068705
v -0.411757 0.000232 -0.075952
v -0.383969 0.000367 -0.081984
v -0.359956 0.000503 -0.086863
v -0.339910 0.000626 -0.090648
v -0.324022 0.000725 -0.093400
v -0.312485 0.000788 -0.095179
v -0.305491 0.000803 -0.096044
v -0.258307 0.000702 -0.100939
v -0.221985 0.000682 -0.105546
v -0.196306 0.000715 -0.109302
v -0.181047 0.000774 -0.111643
v -0.175986 0.000830 -0.112003
v -0.180904 0.000856 -0.109820
v -0.195578 0.000824 -0.104528
v -0.219788 0.000707 -0.095563
v -0.253311 0.000478 -0.082362
v -0.295928 0.000108 -0.064359
v -0.347415 -0.000431 -0.040991
v -0.341907 -0.000133 0.047982
v -0.291867 0.000413 0.072397
v -0.251298 0.000793 0.091880
v -0.220121 0.001034 0.106778
v -0.198257 0.001162 0.117440
v -0.185630 0.001203 0.124212
v -0.182160 0.001184 0.127442
v -0.187769 0.001131 0.127479
v -0.202380 0.001070 0.124669
v -0.225913 0.001026 0.119361
v -0.258290 0.001027 0.111901
v -0.299434 0.001098 0.102638
v -0.306486 0.001085 0.101003
v -0.318329 0.001031 0.098096
v -0.334700 0.000942 0.093890
v -0.355334 0.000828 0.088357
v -0.379966 0.000698 0.081470
v -0.408332 0.000561 0.073201
v -0.440167 0.000424 0.063523
v -0.475207 0.000297 0.052407
v -0.513187 0.000188 0.039826
v -0.553843 0.000106 0.025753
v -0.596910 0.000059 0.010159
v -0.642124 0.000057 -0.006982
v -0.642743 0.000064 -0.007232
v -0.643505 0.000082 -0.007561
v -0.644354 0.000110 -0.007956
v -0.645238 0.000144 -0.008403
v -0.646100 0.000184 -0.008888
v -0.646887 0.000225 -0.009397
v -0.647545 0.000266 -0.009915
v -0.648018 0.000304 -0.010429
v -0.648252 0.000337 -0.010926
v -0.648192 0.000362 -0.011390
v -0.647785 0.000378 -0.011808
v -0.646975 0.000382 -0.012167
v -0.600579 0.000266 -0.026383
v -0.556804 0.000223 -0.039084
v -0.515842 0.000239 -0.050332
v -0.477885 0.000303 -0.060186
v -0.443126 0.000403 -0.068705
v -0.411757 0.000527 -0.075952
v -0.383969 0.000662 -0.081984
v -0.359956 0.000798 -0.086863
v -0.339910 0.000921 -0.090648
v -0.324022 0.001020 -0.093400
v -0.312485 0.001083 -0.095179
v -0.305491 0.001098 -0.096044
v -0.258307 0.000998 -0.100939
v -0.221985 0.000978 -0.105546
v -0.196306 0.001011 -0.109302
v -0.181047 0.001069 -0.111643
v -0.175986 0.001125 -0.112003
v -0.180904 0.001151 -0.109820
v -0.195578 0.001119 -0.104528
v -0.219788 0.001002 -0.095563
v -0.253311 0.000773 -0.082362
v -0.295928 0.000403 -0.064359
v -0.347415 -0.000135 -0.040991
v -0.341907 0.000163 0.047982
v -0.291867 0.000708 0.072397
v -0.251298 0.001088 0.091880
v -0.220121 0.001329 0.106778
v -0.198257 0.001457 0.117440
v -0.185630 0.001499 0.124212
v -0.182160 0.001480 0.127442
v -0.187769 0.001426 0.127479
v -0.202380 0.001365 0.124669
v -0.225913 0.001322 0.119361
v -0.258290 0.001322 0.111901
v -0.299434 0.001393 0.102638
v -0.306486 0.001381 0.101003
v -0.318329 0.001326 0.098096
v -0.334700 0.001237 0.093890
v -0.355334 0.001124 0.088357
v -0.379966 0.000994 0.081470
v -0.408332 0.000856 0.073201
v -0.440167 0.000719 0.063523
v -0.475207 0.000592 0.052407
v -0.513187 0.000483 0.039826
v -0.553843 0.000401 0.025753
v -0.596910 0.000354 0.010159
v -0.642124 0.000352 -0.006982
v -0.642743 0.000359 -0.007232
v -0.643505 0.000377 -0.007561
v -0.644354 0.000405 -0.007956
v -0.645238 0.000440 -0.008403
v -0.646100 0.000479 -0.008888
v -0.646887 0.000520 -0.009397
v -0.647545 0.000561 -0.009915
v -0.648018 0.000599 -0.010429
v -0.648252 0.000632 -0.010926
v -0.648192 0.000658 -0.011390
v -0.647785 0.000674 -0.011808
v -0.646975 0.000677 -0.012167
v -0.600579 0.000562 -0.026383
v -0.556804 0.000518 -0.039084
v -0.515842 0.000534 -0.050332
v -0.477885 0.000598 -0.060186
v -0.443126 0.000698 -0.068705
v -0.411757 0.000822 -0.075952
v -0.383969 0.000958 -0.081984
v -0.359956 0.001093 -0.086863
v -0.339910 0.001216 -0.090648
v -0.324022 0.001315 -0.093400
v -0.312485 0.001378 -0.095179
v -0.305491 0.001393 -0.096044
v -0.258307 0.001293 -0.100939
v -0.221985 0.001273 -0.105546
v -0.196306 0.001306 -0.109302
v -0.181047 0.001364 -0.111643
v -0.175986 0.001420 -0.112003
v -0.180904 0.001446 -0.109820
v -0.195578 0.001415 -0.104528
v -0.219788 0.001298 -0.095563
v -0.253311 0.001068 -0.082362
v -0.295928 0.000698 -0.064359
v -0.347415 0.000160 -0.040991
v -0.341907 0.000458 0.047982
v -0.291867 0.001003 0.072397
v -0.251298 0.001383 0.091880
v -0.220121 0.001624 0.106778
v -0.198257 0.001752 0.117440
v -0.185630 0.001794 0.124212
v -0.182160 0.001775 0.127442
v -0.187769 0.001722 0.127479
v -0.202380 0.001660 0.124669
v -0.225913 0.001617 0.119361
v -0.258290 0.001617 0.111901
v -0.299434 0.001689 0.102638
v -0.306486 0.001676 0.101003
v -0.318329 0.001621 0.098096
v -0.334700 0.001533 0.093890
v -0.355334 0.001419 0.088357
v -0.379966 0.001289 0.081470
v -0.408332 0.001151 0.073201
v -0.440167 0.001014 0.063523
v -0.475207 0.000887 0.052407
v -0.513187 0.000778 0.039826
v -0.553843 0.000696 0.025753
v -0.596910 0.000650 0.010159
v -0.642124 0.000647 -0.006982
v -0.642743 0.000654 -0.007232
v -0.643505 0.000673 -0.007561
v -0.644354 0.000700 -0.007956
v -0.645238 0.000735 -0.008403
v -0.646100 0.000774 -0.008888
v -0.646887 0.000815 -0.009397
v -0.647545 0.000856 -0.009915
v -0.648018 0.000894 -0.010429
v -0.648252 0.000927 -0.010926
v -0.648192 0.000953 -0.011390
v -0.647785 0.000969 -0.011808
v -0.646975 0.000972 -0.012167
v -0.600579 0.000857 -0.026383
v -0.556804 0.000813 -0.039084
v -0.515842 0.000830 -0.050332
v -0.477885 0.000894 -0.060186
v -0.443126 0.000994 -0.068705
v -0.411757 0.001117 -0.075952
v -0.383969 0.001253 -0.081984
v -0.359956 0.001388 -0.086863
v -0.339910 0.001512 -0.090648
v -0.324022 0.001611 -0.093400
v -0.312485 0.001674 -0.095179
v -0.305491 0.001689 -0.096044
v -0.258307 0.001588 -0.100939
v -0.221985 0.001568 -0.105546
v -0.196306 0.001601 -0.109302
v -0.181047 0.001659 -0.111643
v -0.175986 0.001715 -0.112003
v -0.180904 0.001741 -0.109820
v -0.195578 0.001710 -0.104528
v -0.219788 0.001593 -0.095563
v -0.253311 0.001363 -0.082362
v -0.295928 0.000993 -0.064359
v -0.347415 0.000455 -0.040991
v -0.341907 0.000753 0.047982
v -0.291867 0.001298 0.072397
v -0.251298 0.001678 0.091880
v -0.220121 0.001919 0.106778
v -0.198257 0.002048 0.117440
v -0.185630 0.002089 0.124212
v -0.182160 0.002070 0.127442
v -0.187769 0.002017 0.127479
v -0.202380 0.001955 0.124669
v -0.225913 0.001912 0.119361
v -0.258290 0.001913 0.111901
v -0.299434 0.001984 0.102638
v -0.306486 0.001971 0.101003
v -0.318329 0.001916 0.098096
v -0.334700 0.001828 0.093890
v -0.355334 0.001714 0.088357
v -0.379966 0.001584 0.081470
v -0.408332 0.001446 0.073201
v -0.440167 0.001310 0.063523
v -0.475207 0.001182 0.052407
v -0.513187 0.001073 0.039826
v -0.553843 0.000991 0.025753
v -0.596910 0.000945 0.010159
v -0.642124 0.000943 -0.006982
v -0.642743 0.000949 -0.007232
v -0.643505 0.000968 -0.007561
v -0.644354 0.000996 -0.007956
v -0.645238 0.001030 -0.008403
v -0.646100 0.001069 -0.008888
v -0.646887 0.001111 -0.009397
v -0.647545 0.001151 -0.009915
v -0.648018 0.001190 -0.010429
v -0.648252 0.001223 -0.010926
v -0.648192 0.001248 -0.011390
v -0.647785 0.001264 -0.011808
v -0.646975 0.001268 -0.012167
v -0.600579 0.001152 -0.026383
v -0.556804 0.001109 -0.039084
v -0.515842 0.001125 -0.050332
v -0.477885 0.001189 -0.060186
v -0.443126 0.001289 -0.068705
v -0.411757 0.001413 -0.075952
v -0.383969 0.001548 -0.081984
v -0.359956 0.001684 -0.086863
v -0.339910 0.001807 -0.090648
v -0.324022 0.001906 -0.093400
v -0.312485 0.001969 -0.095179
v -0.305491 0.001984 -0.096044
v -0.258307 0.001883 -0.100939
v -0.221985 0.001863 -0.105546
v -0.196306 0.001896 -0.109302
v -0.181047 0.001955 -0.111643
v -0.175986 0.002011 -0.112003
v -0.180904 0.002037 -0.109820
v -0.195578 0.002005 -0.104528
v -0.219788 0.001888 -0.095563
v -0.253311 0.001659 -0.082362
v -0.295928 0.001289 -0.064359
v -0.347415 0.000751 -0.040991
v -0.341907 0.001049 0.047982
v -0.291867 0.001594 0.072397
v -0.251298 0.001974 0.091880
v -0.220121 0.002215 0.106778
v -0.198257 0.002343 0.117440
v -0.185630 0.002384 0.124212
v -0.182160 0.002365 0.127442
v -0.187769 0.002312 0.127479
v -0.202380 0.002251 0.124669
v -0.225913 0.002207 0.119361
v -0.258290 0.002208 0.111901
v -0.299434 0.002279 0.102638
v -0.306486 0.002267 0.101003
v -0.318329 0.002212 0.098096
v -0.334700 0.002123 0.093890
v -0.355334 0.002009 0.088357
v -0.379966 0.001879 0.081470
v -0.408332 0.001742 0.073201
v -0.440167 0.001605 0.063523
v -0.475207 0.001478 0.052407
v -0.513187 0.001369 0.039826
v -0.553843 0.001287 0.025753
v -0.596910 0.001240 0.010159
v -0.642124 0.001238 -0.006982
v -0.642743 0.001245 -0.007232
v -0.643505 0.001263 -0.007561
v -0.644354 0.001291 -0.007956
v -0.645238 0.001326 -0.008403
v -0.646100 0.001365 -0.008888
v -0.646887 0.001406 -0.009397
v -0.647545 0.001447 -0.009915
v -0.648018 0.001485 -0.010429
v -0.648252 0.001518 -0.010926
v -0.648192 0.001544 -0.011390
v -0.647785 0.001559 -0.011808
v -0.646975 0.001563 -0.012167
v -0.600579 0.001448 -0.026383
v -0.556804 0.001404 -0.039084
v -0.515842 0.001420 -0.050332
v -0.477885 0.001484 -0.060186
v -0.443126 0.001584 -0.068705
v -0.411757 0.001708 -0.075952
v -0.383969 0.001843 -0.081984
v -0.359956 0.001979 -0.086863
v -0.339910 0.002102 -0.090648
v -0.324022 0.002201 -0.093400
v -0.312485 0.002264 -0.095179
v -0.305491 0.002279 -0.096044
v -0.258307 0.002179 -0.100939
v -0.221985 0.002159 -0.105546
v -0.196306 0.002192 -0.109302
v -0.181047 0.002250 -0.111643
v -0.175986 0.002306 -0.112003
v -0.180904 0.002332 -0.109820
v -0.195578 0.002300 -0.104528
v -0.219788 0.002184 -0.095563
v -0.253311 0.001954 -0.082362
v -0.295928 0.001584 -0.064359
v -0.347415 0.001046 -0.040991
v -0.341907 0.001344 0.047982
v -0.291867 0.001889 0.072397
v -0.251298 0.002269 0.091880
v -0.220121 0.002510 0.106778
v -0.198257 0.002638 0.117440
v -0.185630 0.002680 0.124212
v -0.182160 0.002661 0.127442
v -0.187769 0.002607 0.127479
v -0.202380 0.002546 0.124669
v -0.225913 0.002503 0.119361
v -0.258290 0.002503 0.111901
v -0.299434 0.002574 0.102638
v -0.306486 0.002562 0.101003
v -0.318329 0.002507 0.098096
v -0.334700 0.002418 0.093890
v -0.355334 0.002305 0.088357
v -0.379966 0.002175 0.081470
v -0.408332 0.002037 0.073201
v -0.440167 0.001900 0.063523
v -0.475207 0.001773 0.052407
v -0.513187 0.001664 0.039826
v -0.553843 0.001582 0.025753
v -0.596910 0.001535 0.010159
v -0.642124 0.001533 -0.006982
v -0.642743 0.001540 -0.007232
v -0.643505 0.001558 -0.007561
v -0.644354 0.001586 -0.007956
v -0.645238 0.001621 -0.008403
v -0.646100 0.001660 -0.008888
v -0.646887 0.001701 -0.009397
v -0.647545 0.001742 -0.009915
v -0.648018 0.001780 -0.010429
v -0.648252 0.001813 -0.010926
v -0.648192 0.001839 -0.011390
v -0.647785 0.001855 -0.011808
v -0.646975 0.001858 -0.012167
v -0.600579 0.001743 -0.026383
v -0.556804 0.001699 -0.039084
v -0.515842 0.001715 -0.050332
v -0.477885 0.001780 -0.060186
v -0.443126 0.001879 -0.068705
v -0.411757 0.002003 -0.075952
v -0.383969 0.002139 -0.081984
v -0.359956 0.002274 -0.086863
v -0.339910 0.002397 -0.090648
v -0.324022 0.002497 -0.093400
v -0.312485 0.002560 -0.095179
v -0.305491 0.002574 -0.096044
v -0.258307 0.002474 -0.100939
v -0.221985 0.002454 -0.105546
v -0.196306 0.002487 -0.109302
v -0.181047 0.002545 -0.111643
v -0.175986 0.002601 -0.112003
v -0.180904 0.002627 -0.109820
v -0.195578 0.002596 -0.104528
v -0.219788 0.002479 -0.095563
v -0.253311 0.002249 -0.082362
v -0.295928 0.001879 -0.064359
v -0.347415 0.001341 -0.040991
v -0.341907 0.001639 0.047982
v -0.291867 0.002184 0.072397
v -0.251298 0.002564 0.091880
v -0.220121 0.002805 0.106778
v -0.198257 0.002933 0.117440
v -0.185630 0.002975 0.124212
v -0.182160 0.002956 0.127442
v -0.187769 0.002903 0.127479
v -0.202380 0.002841 0.124669
v -0.225913 0.002798 0.119361
v -0.258290 0.002799 0.111901
v -0.299434 0.002870 0.102638
v -0.306486 0.002857 0.101003
v -0.318329 0.002802 0.098096
v -0.334700 0.002714 0.093890
v -0.355334 0.002600 0.088357
v -0.379966 0.002470 0.081470
v -0.408332 0.002332 0.073201
v -0.440167 0.002195 0.063523
v -0.475207 0.002068 0.052407
v -0.513187 0.001959 0.039826
v -0.553843 0.001877 0.025753
v -0.596910 0.001831 0.010159
v -0.642124 0.001828 -0.006982
v -0.642743 0.001835 -0.007232
v -0.643505 0.001854 -0.007561
v -0.644354 0.001881 -0.007956
v -0.645238 0.001916 -0.008403
v -0.646100 0.001955 -0.008888
v -0.646887 0.001996 -0.009397
v -0.647545 0.002037 -0.009915
v -0.648018 0.002075 -0.010429
v -0.648252 0.002108 -0.010926
v -0.648192 0.002134 -0.011390
v -0.647785 0.002150 -0.011808
v -0.646975 0.002153 -0.012167
v -0.600579 0.002038 -0.026383
v -0.556804 0.001994 -0.039084
v -0.515842 0.002011 -0.050332
v -0.477885 0.002075 -0.060186
v -0.443126 0.002175 -0.068705
v -0.411757 0.002298 -0.075952
v -0.383969 0.002434 -0.081984
v -0.359956 0.002569 -0.086863
v -0.339910 0.002693 -0.090648
v -0.324022 0.002792 -0.093400
v -0.312485 0.002855 -0.095179
v -0.305491 0.002870 -0.096044
v -0.258307 0.002769 -0.100939
v -0.221985 0.002749 -0.105546
v -0.196306 0.002782 -0.109302
v -0.181047 0.002841 -0.111643
v -0.175986 0.002896 -0.112003
v -0.180904 0.002922 -0.109820
v -0.195578 0.002891 -0.104528
v -0.219788 0.002774 -0.095563
v -0.253311 0.002544 -0.082362
v -0.295928 0.002174 -0.064359
v -0.347415 0.001636 -0.040991
v -0.341907 0.001934 0.047982
v -0.291867 0.002479 0.072397
v -0.251298 0.002859 0.091880
v -0.220121 0.003100 0.106778
v -0.198257 0.003229 0.117440
v -0.185630 0.003270 0.124212
v -0.182160 0.003251 0.127442
v -0.187769 0.003198 0.127479
v -0.202380 0.003137 0.124669
v -0.225913 0.003093 0.119361
v -0.258290 0.003094 0.111901
v -0.299434 0.003165 0.102638
v -0.306486 0.003152 0.101003
v -0.318329 0.003097 0.098096
v -0.334700 0.003009 0.093890
v -0.355334 0.002895 0.088357
v -0.379966 0.002765 0.081470
v -0.408332 0.002627 0.073201
v -0.440167 0.002491 0.063523
v -0.475207 0.002363 0.052407
v -0.513187 0.002254 0.039826
v -0.553843 0.002172 0.025753
v -0.596910 0.002126 0.010159
v -0.642124 0.002124 -0.006982
v -0.642743 0.002130 -0.007232
v -0.643505 0.002149 -0.007561
v -0.644354 0.002177 -0.007956
v -0.645238 0.002211 -0.008403
v -0.646100 0.002250 -0.008888
v -0.646887 0.002292 -0.009397
v -0.647545 0.002332 -0.009915
v -0.648018 0.002371 -0.010429
v -0.648252 0.002404 -0.010926
v -0.648192 0.002429 -0.011390
v -0.647785 0.002445 -0.011808
v -0.646975 0.002449 -0.012167
v -0.600579 0.002333 -0.026383
v -0.556804 0.002290 -0.039084
v -0.515842 0.002306 -0.050332
v -0.477885 0.002370 -0.060186
v -0.443126 0.002470 -0.068705
v -0.411757 0.002594 -0.075952
v -0.383969 0.002729 -0.081984
v -0.359956 0.002865 -0.086863
v -0.339910 0.002988 -0.090648
v -0.324022 0.003087 -0.093400
v -0.312485 0.003150 -0.095179
v -0.305491 0.003165 -0.096044
v -0.258307 0.003064 -0.100939
v -0.221985 0.003045 -0.105546
v -0.196306 0.003077 -0.109302
v -0.181047 0.003136 -0.111643
v -0.175986 0.003192 -0.112003
v -0.180904 0.003218 -0.109820
v -0.195578 0.003186 -0.104528
v -0.219788 0.003069 -0.095563
v -0.253311 0.002840 -0.082362
v -0.295928 0.002470 -0.064359
v -0.347415 0.001932 -0.040991
v -0.335639 -0.002790 0.035271
v -0.285692 -0.002245 0.059640
v -0.245175 -0.001865 0.079098
v -0.213960 -0.001624 0.094015
v -0.191802 -0.001496 0.104822
v -0.177383 -0.001454 0.112685
v -0.169011 -0.001473 0.132730
v -0.189074 -0.001526 0.141591
v -0.205278 -0.001588 0.138542
v -0.229063 -0.001631 0.133179
v -0.261438 -0.001630 0.125720
v -0.302591 -0.001559 0.116455
v -0.309776 -0.001572 0.114788
v -0.321782 -0.001627 0.111842
v -0.338299 -0.001715 0.107598
v -0.359078 -0.001829 0.102027
v -0.383858 -0.001959 0.095098
v -0.412377 -0.002097 0.086785
v -0.444372 -0.002234 0.077057
v -0.479578 -0.002361 0.065889
v -0.517734 -0.002470 0.053250
v -0.558574 -0.002552 0.039113
v -0.601835 -0.002598 0.023449
v -0.647289 -0.002601 0.006216
v -0.648209 -0.002594 0.005845
v -0.649305 -0.002575 0.005370
v -0.650538 -0.002548 0.004796
v -0.651904 -0.002513 0.004104
v -0.653411 -0.002474 0.003254
v -0.655114 -0.002433 0.002144
v -0.657153 -0.002392 0.000504
v -0.659734 -0.002354 -0.002455
v -0.662226 -0.002321 -0.008564
v -0.661009 -0.002295 -0.017439
v -0.655900 -0.002279 -0.023428
v -0.651929 -0.002276 -0.025446
v -0.604630 -0.002391 -0.039964
v -0.560655 -0.002435 -0.052724
v -0.519499 -0.002418 -0.064025
v -0.481353 -0.002354 -0.073928
v -0.446408 -0.002254 -0.082493
v -0.414855 -0.002131 -0.089782
v -0.386884 -0.001995 -0.095854
v -0.362682 -0.001860 -0.100771
v -0.342434 -0.001736 -0.104594
v -0.326311 -0.001637 -0.107387
v -0.314435 -0.001574 -0.109217
v -0.307092 -0.001559 -0.110126
v -0.259930 -0.001660 -0.115018
v -0.223903 -0.001680 -0.119589
v -0.198406 -0.001647 -0.123319
v -0.182628 -0.001589 -0.125727
v -0.162339 -0.001533 -0.115828
v -0.175620 -0.001507 -0.096669
v -0.190713 -0.001538 -0.091216
v -0.214730 -0.001655 -0.082324
v -0.247956 -0.001885 -0.069240
v -0.290240 -0.002255 -0.051378
v -0.335639 -0.002495 0.035271
v -0.285692 -0.001950 0.059640
v -0.245175 -0.001570 0.079098
v -0.213959 -0.001329 0.094015
v -0.191801 -0.001200 0.104823
v -0.177384 -0.001159 0.112685
v -0.168954 -0.001178 0.132588
v -0.189068 -0.001231 0.141592
v -0.205278 -0.001292 0.138542
v -0.229063 -0.001336 0.133179
v -0.261438 -0.001335 0.125720
v -0.302591 -0.001264 0.116455
v -0.309776 -0.001277 0.114788
v -0.321782 -0.001332 0.111842
v -0.338299 -0.001420 0.107598
v -0.359078 -0.001534 0.102027
v -0.383858 -0.001664 0.095098
v -0.412377 -0.001802 0.086785
v -0.444371 -0.001938 0.077058
v -0.479578 -0.002066 0.065889
v -0.517734 -0.002175 0.053250
v -0.558574 -0.002257 0.039113
v -0.601835 -0.002303 0.023449
v -0.647289 -0.002305 0.006216
v -0.648210 -0.002299 0.005844
v -0.649307 -0.002280 0.005369
v -0.650543 -0.002252 0.004794
v -0.651910 -0.002218 0.004101
v -0.653421 -0.002179 0.003248
v -0.655131 -0.002137 0.002133
v -0.657180 -0.002097 0.000479
v -0.659778 -0.002058 -0.002520
v -0.662251 -0.002025 -0.008713
v -0.660957 -0.002000 -0.017549
v -0.655878 -0.001984 -0.023443
v -0.651929 -0.001980 -0.025446
v -0.604630 -0.002096 -0.039964
v -0.560655 -0.002139 -0.052724
v -0.519499 -0.002123 -0.064025
v -0.481353 -0.002059 -0.073928
v -0.446408 -0.001959 -0.082493
v -0.414855 -0.001835 -0.089782
v -0.386884 -0.001700 -0.095854
v -0.362682 -0.001564 -0.100771
v -0.342434 -0.001441 -0.104594
v -0.326311 -0.001342 -0.107387
v -0.314435 -0.001279 -0.109217
v -0.307092 -0.001264 -0.110126
v -0.259930 -0.001365 -0.115018
v -0.223903 -0.001384 -0.119589
v -0.198406 -0.001352 -0.123319
v -0.182626 -0.001293 -0.125727
v -0.162235 -0.001237 -0.115434
v -0.175621 -0.001211 -0.096668
v -0.190713 -0.001243 -0.091216
v -0.214730 -0.001360 -0.082323
v -0.247957 -0.001589 -0.069239
v -0.290241 -0.001959 -0.051377
v -0.335639 -0.002199 0.035271
v -0.285692 -0.001654 0.059640
v -0.245175 -0.001274 0.079098
v -0.213959 -0.001033 0.094015
v -0.191801 -0.000905 0.104823
v -0.177384 -0.000864 0.112685
v -0.168954 -0.000882 0.132588
v -0.189068 -0.000936 0.141592
v -0.205278 -0.000997 0.138542
v -0.229063 -0.001041 0.133179
v -0.261438 -0.001040 0.125720
v -0.302591 -0.000969 0.116455
v -0.309776 -0.000981 0.114788
v -0.321782 -0.001036 0.111842
v -0.338299 -0.001125 0.107598
v -0.359078 -0.001239 0.102027
v -0.383858 -0.001369 0.095098
v -0.412377 -0.001506 0.086785
v -0.444371 -0.001643 0.077058
v -0.479578 -0.001770 0.065889
v -0.517734 -0.001879 0.053250
v -0.558574 -0.001961 0.039113
v -0.601835 -0.002008 0.023449
v -0.647289 -0.002010 0.006216
v -0.648210 -0.002003 0.005844
v -0.649307 -0.001985 0.005369
v -0.650543 -0.001957 0.004794
v -0.651910 -0.001922 0.004101
v -0.653421 -0.001883 0.003248
v -0.655131 -0.001842 0.002133
v -0.657180 -0.001801 0.000479
v -0.659778 -0.001763 -0.002520
v -0.662251 -0.001730 -0.008714
v -0.660957 -0.001704 -0.017549
v -0.655878 -0.001689 -0.023443
v -0.651929 -0.001685 -0.025446
v -0.604630 -0.001800 -0.039964
v -0.560655 -0.001844 -0.052724
v -0.519499 -0.001828 -0.064025
v -0.481353 -0.001764 -0.073928
v -0.446408 -0.001664 -0.082493
v -0.414855 -0.001540 -0.089782
v -0.386884 -0.001404 -0.095854
v -0.362682 -0.001269 -0.100771
v -0.342434 -0.001146 -0.104594
v -0.326311 -0.001047 -0.107387
v -0.314435 -0.000984 -0.109217
v -0.307092 -0.000969 -0.110126
v -0.259930 -0.001069 -0.115018
v -0.223903 -0.001089 -0.119589
v -0.198406 -0.001056 -0.123319
v -0.182626 -0.000998 -0.125727
v -0.162235 -0.000942 -0.115434
v -0.175621 -0.000916 -0.096668
v -0.190713 -0.000948 -0.091216
v -0.214730 -0.001064 -0.082323
v -0.247957 -0.001294 -0.069239
v -0.290241 -0.001664 -0.051377
v -0.335639 -0.001904 0.035271
v -0.285692 -0.001359 0.059640
v -0.245175 -0.000979 0.079098
v -0.213959 -0.000738 0.094015
v -0.191801 -0.000610 0.104823
v -0.177384 -0.000568 0.112685
v -0.168954 -0.000587 0.132588
v -0.189068 -0.000640 0.141592
v -0.205278 -0.000702 0.138542
v -0.229063 -0.000745 0.133179
v -0.261438 -0.000745 0.125720
v -0.302591 -0.000674 0.116455
v -0.309776 -0.000686 0.114788
v -0.321782 -0.000741 0.111842
v -0.338299 -0.000830 0.107598
v -0.359078 -0.000943 0.102027
v -0.383858 -0.001073 0.095098
v -0.412377 -0.001211 0.086785
v -0.444371 -0.001348 0.077058
v -0.479578 -0.001475 0.065889
v -0.517734 -0.001584 0.053250
v -0.558574 -0.001666 0.039113
v -0.601835 -0.001713 0.023449
v -0.647289 -0.001715 0.006216
v -0.648210 -0.001708 0.005844
v -0.649307 -0.001689 0.005369
v -0.650543 -0.001662 0.004794
v -0.651910 -0.001627 0.004101
v -0.653421 -0.001588 0.003248
v -0.655131 -0.001547 0.002133
v -0.657180 -0.001506 0.000478
v -0.659778 -0.001468 -0.002520
v -0.662251 -0.001435 -0.008713
v -0.660957 -0.001409 -0.017549
v -0.655878 -0.001393 -0.023443
v -0.651929 -0.001390 -0.025446
v -0.604630 -0.001505 -0.039964
v -0.560655 -0.001549 -0.052724
v -0.519499 -0.001532 -0.064025
v -0.481353 -0.001468 -0.073928
v -0.446408 -0.001369 -0.082493
v -0.414855 -0.001245 -0.089782
v -0.386884 -0.001109 -0.095854
v -0.362682 -0.000974 -0.100771
v -0.342434 -0.000851 -0.104594
v -0.326311 -0.000751 -0.107387
v -0.314435 -0.000688 -0.109217
v -0.307092 -0.000674 -0.110126
v -0.259930 -0.000774 -0.115018
v -0.223903 -0.000794 -0.119589
v -0.198406 -0.000761 -0.123319
v -0.182626 -0.000703 -0.125727
v -0.162235 -0.000647 -0.115434
v -0.175621 -0.000621 -0.096668
v -0.190713 -0.000652 -0.091216
v -0.214730 -0.000769 -0.082323
v -0.247957 -0.000999 -0.069239
v -0.290241 -0.001369 -0.051377
v -0.335639 -0.001609 0.035271
v -0.285692 -0.001064 0.059640
v -0.245175 -0.000684 0.079098
v -0.213959 -0.000443 0.094015
v -0.191801 -0.000315 0.104823
v -0.177384 -0.000273 0.112685
v -0.168954 -0.000292 0.132588
v -0.189068 -0.000345 0.141592
v -0.205278 -0.000407 0.138542
v -0.229063 -0.000450 0.133179
v -0.261438 -0.000449 0.125720
v -0.302591 -0.000378 0.116455
v -0.309776 -0.000391 0.114788
v -0.321782 -0.000446 0.111842
v -0.338299 -0.000534 0.107598
v -0.359078 -0.000648 0.102027
v -0.383858 -0.000778 0.095098
v -0.412377 -0.000916 0.086785
v -0.444371 -0.001053 0.077058
v -0.479578 -0.001180 0.065889
v -0.517734 -0.001289 0.053250
v -0.558574 -0.001371 0.039113
v -0.601835 -0.001417 0.023449
v -0.647289 -0.001420 0.006216
v -0.648210 -0.001413 0.005844
v -0.649307 -0.001394 0.005369
v -0.650543 -0.001366 0.004794
v -0.651910 -0.001332 0.004101
v -0.653421 -0.001293 0.003248
v -0.655131 -0.001252 0.002133
v -0.657180 -0.001211 0.000478
v -0.659778 -0.001173 -0.002520
v -0.662251 -0.001139 -0.008713
v -0.660957 -0.001114 -0.017549
v -0.655878 -0.001098 -0.023443
v -0.651929 -0.001095 -0.025446
v -0.604630 -0.001210 -0.039964
v -0.560655 -0.001253 -0.052724
v -0.519499 -0.001237 -0.064025
v -0.481353 -0.001173 -0.073928
v -0.446408 -0.001073 -0.082493
v -0.414855 -0.000950 -0.089782
v -0.386884 -0.000814 -0.095854
v -0.362682 -0.000679 -0.100771
v -0.342434 -0.000555 -0.104594
v -0.326311 -0.000456 -0.107387
v -0.314435 -0.000393 -0.109217
v -0.307092 -0.000378 -0.110126
v -0.259930 -0.000479 -0.115018
v -0.223903 -0.000499 -0.119589
v -0.198406 -0.000466 -0.123319
v -0.182626 -0.000407 -0.125727
v -0.162235 -0.000351 -0.115434
v -0.175621 -0.000326 -0.096668
v -0.190713 -0.000357 -0.091216
v -0.214730 -0.000474 -0.082323
v -0.247957 -0.000703 -0.069239
v -0.290241 -0.001074 -0.051377
v -0.335639 -0.001314 0.035271
v -0.285692 -0.000769 0.059640
v -0.245175 -0.000389 0.079098
v -0.213959 -0.000148 0.094015
v -0.191801 -0.000019 0.104823
v -0.177384 0.000022 0.112685
v -0.168954 0.000003 0.132588
v -0.189068 -0.000050 0.141592
v -0.205278 -0.000111 0.138542
v -0.229063 -0.000155 0.133179
v -0.261438 -0.000154 0.125720
v -0.302591 -0.000083 0.116455
v -0.309776 -0.000096 0.114788
v -0.321782 -0.000150 0.111842
v -0.338299 -0.000239 0.107598
v -0.359078 -0.000353 0.102027
v -0.383858 -0.000483 0.095098
v -0.412377 -0.000620 0.086785
v -0.444371 -0.000757 0.077058
v -0.479578 -0.000884 0.065889
v -0.517734 -0.000993 0.053250
v -0.558574 -0.001076 0.039113
v -0.601835 -0.001122 0.023449
v -0.647289 -0.001124 0.006216
v -0.648210 -0.001117 0.005844
v -0.649307 -0.001099 0.005369
v -0.650543 -0.001071 0.004794
v -0.651910 -0.001037 0.004101
v -0.653421 -0.000998 0.003248
v -0.655131 -0.000956 0.002133
v -0.657180 -0.000915 0.000478
v -0.659778 -0.000877 -0.002520
v -0.662251 -0.000844 -0.008713
v -0.660957 -0.000819 -0.017549
v -0.655878 -0.000803 -0.023443
v -0.651929 -0.000799 -0.025446
v -0.604630 -0.000915 -0.039964
v -0.560655 -0.000958 -0.052724
v -0.519499 -0.000942 -0.064025
v -0.481353 -0.000878 -0.073928
v -0.446408 -0.000778 -0.082493
v -0.414855 -0.000654 -0.089782
v -0.386884 -0.000519 -0.095854
v -0.362682 -0.000383 -0.100771
v -0.342434 -0.000260 -0.104594
v -0.326311 -0.000161 -0.107387
v -0.314435 -0.000098 -0.109217
v -0.307092 -0.000083 -0.110126
v -0.259930 -0.000184 -0.115018
v -0.223903 -0.000203 -0.119589
v -0.198406 -0.000170 -0.123319
v -0.182626 -0.000112 -0.125727
v -0.162235 -0.000056 -0.115434
v -0.175621 -0.000030 -0.096668
v -0.190713 -0.000062 -0.091216
v -0.214730 -0.000179 -0.082323
v -0.247957 -0.000408 -0.069239
v -0.290241 -0.000778 -0.051377
v -0.335639 -0.001018 0.035271
v -0.285692 -0.000473 0.059640
v -0.245175 -0.000093 0.079098
v -0.213959 0.000148 0.094015
v -0.191801 0.000276 0.104823
v -0.177384 0.000318 0.112685
v -0.168954 0.000299 0.132588
v -0.189068 0.000245 0.141592
v -0.205278 0.000184 0.138542
v -0.229063 0.000140 0.133179
v -0.261438 0.000141 0.125720
v -0.302591 0.000212 0.116455
v -0.309776 0.000200 0.114788
v -0.321782 0.000145 0.111842
v -0.338299 0.000056 0.107598
v -0.359078 -0.000057 0.102027
v -0.383858 -0.000187 0.095098
v -0.412377 -0.000325 0.086785
v -0.444371 -0.000462 0.077058
v -0.479578 -0.000589 0.065889
v -0.517734 -0.000698 0.053250
v -0.558574 -0.000780 0.039113
v -0.601835 -0.000827 0.023449
v -0.647289 -0.000829 0.006216
v -0.648210 -0.000822 0.005844
v -0.649307 -0.000804 0.005369
v -0.650543 -0.000776 0.004794
v -0.651910 -0.000741 0.004101
v -0.653421 -0.000702 0.003248
v -0.655131 -0.000661 0.002133
v -0.657180 -0.000620 0.000478
v -0.659778 -0.000582 -0.002520
v -0.662251 -0.000549 -0.008713
v -0.660957 -0.000523 -0.017549
v -0.655878 -0.000508 -0.023443
v -0.651929 -0.000504 -0.025446
v -0.604630 -0.000619 -0.039964
v -0.560655 -0.000663 -0.052724
v -0.519499 -0.000647 -0.064025
v -0.481353 -0.000583 -0.073928
v -0.446408 -0.000483 -0.082493
v -0.414855 -0.000359 -0.089782
v -0.386884 -0.000223 -0.095854
v -0.362682 -0.000088 -0.100771
v -0.342434 0.000035 -0.104594
v -0.326311 0.000134 -0.107387
v -0.314435 0.000197 -0.109217
v -0.307092 0.000212 -0.110126
v -0.259930 0.000112 -0.115018
v -0.223903 0.000092 -0.119589
v -0.198406 0.000125 -0.123319
v -0.182626 0.000183 -0.125727
v -0.162235 0.000239 -0.115434
v -0.175621 0.000265 -0.096668
v -0.190713 0.000233 -0.091216
v -0.214730 0.000117 -0.082323
v -0.247957 -0.000113 -0.069239
v -0.290241 -0.000483 -0.051377
v -0.335639 -0.000723 0.035271
v -0.285692 -0.000178 0.059640
v -0.245175 0.000202 0.079098
v -0.213959 0.000443 0.094015
v -0.191801 0.000571 0.104823
v -0.177384 0.000613 0.112685
v -0.168954 0.000594 0.132588
v -0.189068 0.000541 0.141592
v -0.205278 0.000479 0.138542
v -0.229063 0.000436 0.133179
v -0.261438 0.000436 0.125720
v -0.302591 0.000507 0.116455
v -0.309776 0.000495 0.114788
v -0.321782 0.000440 0.111842
v -0.338299 0.000351 0.107598
v -0.359078 0.000238 0.102027
v -0.383858 0.000108 0.095098
v -0.412377 -0.000030 0.086785
v -0.444371 -0.000167 0.077058
v -0.479578 -0.000294 0.065889
v -0.517734 -0.000403 0.053250
v -0.558574 -0.000485 0.039113
v -0.601835 -0.000532 0.023449
v -0.647289 -0.000534 0.006216
v -0.648210 -0.000527 0.005844
v -0.649307 -0.000508 0.005369
v -0.650543 -0.000481 0.004794
v -0.651910 -0.000446 0.004101
v -0.653421 -0.000407 0.003248
v -0.655131 -0.000366 0.002133
v -0.657180 -0.000325 0.000478
v -0.659778 -0.000287 -0.002520
v -0.662251 -0.000254 -0.008713
v -0.660957 -0.000228 -0.017549
v -0.655878 -0.000212 -0.023443
v -0.651929 -0.000209 -0.025446
v -0.604630 -0.000324 -0.039964
v -0.560655 -0.000368 -0.052724
v -0.519499 -0.000351 -0.064025
v -0.481353 -0.000287 -0.073928
v -0.446408 -0.000187 -0.082493
v -0.414855 -0.000064 -0.089782
v -0.386884 0.000072 -0.095854
v -0.362682 0.000207 -0.100771
v -0.342434 0.000331 -0.104594
v -0.326311 0.000430 -0.107387
v -0.314435 0.000493 -0.109217
v -0.307092 0.000507 -0.110126
v -0.259930 0.000407 -0.115018
v -0.223903 0.000387 -0.119589
v -0.198406 0.000420 -0.123319
v -0.182626 0.000478 -0.125727
v -0.162235 0.000534 -0.115434
v -0.175621 0.000560 -0.096668
v -0.190713 0.000529 -0.091216
v -0.214730 0.000412 -0.082323
v -0.247957 0.000182 -0.069239
v -0.290241 -0.000188 -0.051377
v -0.335639 -0.000428 0.035271
v -0.285692 0.000117 0.059640
v -0.245175 0.000497 0.079098
v -0.213959 0.000738 0.094015
v -0.191801 0.000866 0.104823
v -0.177384 0.000908 0.112685
v -0.168954 0.000889 0.132588
v -0.189068 0.000836 0.141592
v -0.205278 0.000774 0.138542
v -0.229063 0.000731 0.133179
v -0.261438 0.000732 0.125720
v -0.302591 0.000803 0.116455
v -0.309776 0.000790 0.114788
v -0.321782 0.000735 0.111842
v -0.338299 0.000647 0.107598
v -0.359078 0.000533 0.102027
v -0.383858 0.000403 0.095098
v -0.412377 0.000265 0.086785
v -0.444371 0.000129 0.077058
v -0.479578 0.000001 0.065889
v -0.517734 -0.000108 0.053250
v -0.558574 -0.000190 0.039113
v -0.601835 -0.000236 0.023449
v -0.647289 -0.000239 0.006216
v -0.648210 -0.000232 0.005844
v -0.649307 -0.000213 0.005369
v -0.650543 -0.000185 0.004794
v -0.651910 -0.000151 0.004101
v -0.653421 -0.000112 0.003248
v -0.655131 -0.000071 0.002133
v -0.657180 -0.000030 0.000478
v -0.659778 0.000008 -0.002520
v -0.662251 0.000042 -0.008713
v -0.660957 0.000067 -0.017549
v -0.655878 0.000083 -0.023443
v -0.651929 0.000087 -0.025446
v -0.604630 -0.000029 -0.039964
v -0.560655 -0.000072 -0.052724
v -0.519499 -0.000056 -0.064025
v -0.481353 0.000008 -0.073928
v -0.446408 0.000108 -0.082493
v -0.414855 0.000232 -0.089782
v -0.386884 0.000367 -0.095854
v -0.362682 0.000503 -0.100771
v -0.342434 0.000626 -0.104594
v -0.326311 0.000725 -0.107387
v -0.314435 0.000788 -0.109217
v -0.307092 0.000803 -0.110126
v -0.259930 0.000702 -0.115018
v -0.223903 0.000682 -0.119589
v -0.198406 0.000715 -0.123319
v -0.182626 0.000774 -0.125727
v -0.162235 0.000830 -0.115434
v -0.175621 0.000856 -0.096668
v -0.190713 0.000824 -0.091216
v -0.214730 0.000707 -0.082323
v -0.247957 0.000478 -0.069239
v -0.290241 0.000108 -0.051377
v -0.335639 -0.000133 0.035271
v -0.285692 0.000413 0.059640
v -0.245175 0.000793 0.079098
v -0.213959 0.001034 0.094015
v -0.191801 0.001162 0.104823
v -0.177384 0.001203 0.112685
v -0.168954 0.001184 0.132588
v -0.189068 0.001131 0.141592
v -0.205278 0.001070 0.138542
v -0.229063 0.001026 0.133179
v -0.261438 0.001027 0.125720
v -0.302591 0.001098 0.116455
v -0.309776 0.001085 0.114788
v -0.321782 0.001031 0.111842
v -0.338299 0.000942 0.107598
v -0.359078 0.000828 0.102027
v -0.383858 0.000698 0.095098
v -0.412377 0.000561 0.086785
v -0.444371 0.000424 0.077058
v -0.479578 0.000297 0.065889
v -0.517734 0.000188 0.053250
v -0.558574 0.000106 0.039113
v -0.601835 0.000059 0.023449
v -0.647289 0.000057 0.006216
v -0.648210 0.000064 0.005844
v -0.649307 0.000082 0.005369
v -0.650543 0.000110 0.004794
v -0.651910 0.000144 0.004101
v -0.653421 0.000184 0.003248
v -0.655131 0.000225 0.002133
v -0.657180 0.000266 0.000478
v -0.659778 0.000304 -0.002520
v -0.662251 0.000337 -0.008713
v -0.660957 0.000362 -0.017549
v -0.655878 0.000378 -0.023443
v -0.651929 0.000382 -0.025446
v -0.604630 0.000266 -0.039964
v -0.560655 0.000223 -0.052724
v -0.519499 0.000239 -0.064025
v -0.481353 0.000303 -0.073928
v -0.446408 0.000403 -0.082493
v -0.414855 0.000527 -0.089782
v -0.386884 0.000662 -0.095854
v -0.362682 0.000798 -0.100771
v -0.342434 0.000921 -0.104594
v -0.326311 0.001020 -0.107387
v -0.314435 0.001083 -0.109217
v -0.307092 0.001098 -0.110126
v -0.259930 0.000998 -0.115018
v -0.223903 0.000978 -0.119589
v -0.198406 0.001011 -0.123319
v -0.182626 0.001069 -0.125727
v -0.162235 0.001125 -0.115434
v -0.175621 0.001151 -0.096668
v -0.190713 0.001119 -0.091216
v -0.214730 0.001002 -0.082323
v -0.247957 0.000773 -0.069239
v -0.290241 0.000403 -0.051377
v -0.335639 0.000163 0.035271
v -0.285692 0.000708 0.059640
v -0.245175 0.001088 0.079098
v -0.213959 0.001329 0.094015
v -0.191801 0.001457 0.104823
v -0.177384 0.001499 0.112685
v -0.168954 0.001480 0.132588
v -0.189068 0.001426 0.141592
v -0.205278 0.001365 0.138542
v -0.229063 0.001322 0.133179
v -0.261438 0.001322 0.125720
v -0.302591 0.001393 0.116455
v -0.309776 0.001381 0.114788
v -0.321782 0.001326 0.111842
v -0.338299 0.001237 0.107598
v -0.359078 0.001124 0.102027
v -0.383858 0.000994 0.095098
v -0.412377 0.000856 0.086785
v -0.444371 0.000719 0.077058
v -0.479578 0.000592 0.065889
v -0.517734 0.000483 0.053250
v -0.558574 0.000401 0.039113
v -0.601835 0.000354 0.023449
v -0.647289 0.000352 0.006216
v -0.648210 0.000359 0.005844
v -0.649307 0.000377 0.005369
v -0.650543 0.000405 0.004794
v -0.651910 0.000440 0.004101
v -0.653421 0.000479 0.003248
v -0.655131 0.000520 0.002133
v -0.657180 0.000561 0.000478
v -0.659778 0.000599 -0.002520
v -0.662251 0.000632 -0.008713
v -0.660957 0.000658 -0.017549
v -0.655878 0.000674 -0.023443
v -0.651929 0.000677 -0.025446
v -0.604630 0.000562 -0.039964
v -0.560655 0.000518 -0.052724
v -0.519499 0.000534 -0.064025
v -0.481353 0.000598 -0.073928
v -0.446408 0.000698 -0.082493
v -0.414855 0.000822 -0.089782
v -0.386884 0.000958 -0.095854
v -0.362682 0.001093 -0.100771
v -0.342434 0.001216 -0.104594
v -0.326311 0.001315 -0.107387
v -0.314435 0.001378 -0.109217
v -0.307092 0.001393 -0.110126
v -0.259930 0.001293 -0.115018
v -0.223903 0.001273 -0.119589
v -0.198406 0.001306 -0.123319
v -0.182626 0.001364 -0.125727
v -0.162235 0.001420 -0.115434
v -0.175621 0.001446 -0.096668
v -0.190713 0.001415 -0.091216
v -0.214730 0.001298 -0.082323
v -0.247957 0.001068 -0.069239
v -0.290241 0.000698 -0.051377
v -0.335639 0.000458 0.035271
v -0.285692 0.001003 0.059640
v -0.245175 0.001383 0.079098
v -0.213959 0.001624 0.094015
v -0.191801 0.001752 0.104823
v -0.177384 0.001794 0.112685
v -0.168954 0.001775 0.132588
v -0.189068 0.001722 0.141592
v -0.205278 0.001660 0.138542
v -0.229063 0.001617 0.133179
v -0.261438 0.001617 0.125720
v -0.302591 0.001689 0.116455
v -0.309776 0.001676 0.114788
v -0.321782 0.001621 0.111842
v -0.338299 0.001533 0.107598
v -0.359078 0.001419 0.102027
v -0.383858 0.001289 0.095098
v -0.412377 0.001151 0.086785
v -0.444371 0.001014 0.077058
v -0.479578 0.000887 0.065889
v -0.517734 0.000778 0.053250
v -0.558574 0.000696 0.039113
v -0.601835 0.000650 0.023449
v -0.647289 0.000647 0.006216
v -0.648210 0.000654 0.005844
v -0.649307 0.000673 0.005369
v -0.650543 0.000700 0.004794
v -0.651910 0.000735 0.004101
v -0.653421 0.000774 0.003248
v -0.655131 0.000815 0.002133
v -0.657180 0.000856 0.000478
v -0.659778 0.000894 -0.002520
v -0.662251 0.000927 -0.008713
v -0.660957 0.000953 -0.017549
v -0.655878 0.000969 -0.023443
v -0.651929 0.000972 -0.025446
v -0.604630 0.000857 -0.039964
v -0.560655 0.000813 -0.052724
v -0.519499 0.000830 -0.064025
v -0.481353 0.000894 -0.073928
v -0.446408 0.000994 -0.082493
v -0.414855 0.001117 -0.089782
v -0.386884 0.001253 -0.095854
v -0.362682 0.001388 -0.100771
v -0.342434 0.001512 -0.104594
v -0.326311 0.001611 -0.107387
v -0.314435 0.001674 -0.109217
v -0.307092 0.001689 -0.110126
v -0.259930 0.001588 -0.115018
v -0.223903 0.001568 -0.119589
v -0.198406 0.001601 -0.123319
v -0.182626 0.001659 -0.125727
v -0.162235 0.001715 -0.115434
v -0.175621 0.001741 -0.096668
v -0.190713 0.001710 -0.091216
v -0.214730 0.001593 -0.082323
v -0.247957 0.001363 -0.069239
v -0.290241 0.000993 -0.051377
v -0.335639 0.000753 0.035271
v -0.285692 0.001298 0.059640
v -0.245175 0.001678 0.079098
v -0.213959 0.001919 0.094015
v -0.191801 0.002048 0.104823
v -0.177384 0.002089 0.112685
v -0.168954 0.002070 0.132588
v -0.189068 0.002017 0.141592
v -0.205278 0.001955 0.138542
v -0.229063 0.001912 0.133179
v -0.261438 0.001913 0.125720
v -0.302591 0.001984 0.116455
v -0.309776 0.001971 0.114788
v -0.321782 0.001916 0.111842
v -0.338299 0.001828 0.107598
v -0.359078 0.001714 0.102027
v -0.383858 0.001584 0.095098
v -0.412377 0.001446 0.086785
v -0.444371 0.001310 0.077058
v -0.479578 0.001182 0.065889
v -0.517734 0.001073 0.053250
v -0.558574 0.000991 0.039113
v -0.601835 0.000945 0.023449
v -0.647289 0.000943 0.006216
v -0.648210 0.000949 0.005844
v -0.649307 0.000968 0.005369
v -0.650543 0.000996 0.004794
v -0.651910 0.001030 0.004101
v -0.653421 0.001069 0.003248
v -0.655131 0.001111 0.002133
v -0.657180 0.001151 0.000478
v -0.659778 0.001190 -0.002520
v -0.662251 0.001223 -0.008713
v -0.660957 0.001248 -0.017549
v -0.655878 0.001264 -0.023443
v -0.651929 0.001268 -0.025446
v -0.604630 0.001152 -0.039964
v -0.560655 0.001109 -0.052724
v -0.519499 0.001125 -0.064025
v -0.481353 0.001189 -0.073928
v -0.446408 0.001289 -0.082493
v -0.414855 0.001413 -0.089782
v -0.386884 0.001548 -0.095854
v -0.362682 0.001684 -0.100771
v -0.342434 0.001807 -0.104594
v -0.326311 0.001906 -0.107387
v -0.314435 0.001969 -0.109217
v -0.307092 0.001984 -0.110126
v -0.259930 0.001883 -0.115018
v -0.223903 0.001863 -0.119589
v -0.198406 0.001896 -0.123319
v -0.182626 0.001955 -0.125727
v -0.162235 0.002011 -0.115434
v -0.175621 0.002037 -0.096668
v -0.190713 0.002005 -0.091216
v -0.214730 0.001888 -0.082323
v -0.247957 0.001659 -0.069239
v -0.290241 0.001289 -0.051377
v -0.335639 0.001049 0.035271
v -0.285692 0.001594 0.059640
v -0.245175 0.001974 0.079098
v -0.213959 0.002215 0.094015
v -0.191801 0.002343 0.104823
v -0.177384 0.002384 0.112685
v -0.168954 0.002365 0.132588
v -0.189068 0.002312 0.141592
v -0.205278 0.002251 0.138542
v -0.229063 0.002207 0.133179
v -0.261438 0.002208 0.125720
v -0.302591 0.002279 0.116455
v -0.309776 0.002267 0.114788
v -0.321782 0.002212 0.111842
v -0.338299 0.002123 0.107598
v -0.359078 0.002009 0.102027
v -0.383858 0.001879 0.095098
v -0.412377 0.001742 0.086785
v -0.444371 0.001605 0.077058
v -0.479578 0.001478 0.065889
v -0.517734 0.001369 0.053250
v -0.558574 0.001287 0.039113
v -0.601835 0.001240 0.023449
v -0.647289 0.001238 0.006216
v -0.648210 0.001245 0.005844
v -0.649307 0.001263 0.005369
v -0.650543 0.001291 0.004794
v -0.651910 0.001326 0.004101
v -0.653421 0.001365 0.003248
v -0.655131 0.001406 0.002133
v -0.657180 0.001447 0.000478
v -0.659778 0.001485 -0.002520
v -0.662251 0.001518 -0.008713
v -0.660957 0.001544 -0.017549
v -0.655878 0.001559 -0.023443
v -0.651929 0.001563 -0.025446
v -0.604630 0.001448 -0.039964
v -0.560655 0.001404 -0.052724
v -0.519499 0.001420 -0.064025
v -0.481353 0.001484 -0.073928
v -0.446408 0.001584 -0.082493
v -0.414855 0.001708 -0.089782
v -0.386884 0.001843 -0.095854
v -0.362682 0.001979 -0.100771
v -0.342434 0.002102 -0.104594
v -0.326311 0.002201 -0.107387
v -0.314435 0.002264 -0.109217
v -0.307092 0.002279 -0.110126
v -0.259930 0.002179 -0.115018
v -0.223903 0.002159 -0.119589
v -0.198406 0.002192 -0.123319
v -0.182626 0.002250 -0.125727
v -0.162235 0.002306 -0.115434
v -0.175621 0.002332 -0.096668
v -0.190713 0.002300 -0.091216
v -0.214730 0.002184 -0.082323
v -0.247957 0.001954 -0.069239
v -0.290241 0.001584 -0.051377
v -0.335639 0.001344 0.035271
v -0.285692 0.001889 0.059640
v -0.245175 0.002269 0.079098
v -0.213959 0.002510 0.094015
v -0.191801 0.002638 0.104823
v -0.177384 0.002680 0.112685
v -0.168954 0.002661 0.132588
v -0.189068 0.002607 0.141592
v -0.205278 0.002546 0.138542
v -0.229063 0.002503 0.133179
v -0.261438 0.002503 0.125720
v -0.302591 0.002574 0.116455
v -0.309776 0.002562 0.114788
v -0.321782 0.002507 0.111842
v -0.338299 0.002418 0.107598
v -0.359078 0.002305 0.102027
v -0.383858 0.002175 0.095098
v -0.412377 0.002037 0.086785
v -0.444371 0.001900 0.077058
v -0.479578 0.001773 0.065889
v -0.517734 0.001664 0.053250
v -0.558574 0.001582 0.039113
v -0.601835 0.001535 0.023449
v -0.647289 0.001533 0.006216
v -0.648210 0.001540 0.005844
v -0.649307 0.001558 0.005369
v -0.650543 0.001586 0.004794
v -0.651910 0.001621 0.004101
v -0.653421 0.001660 0.003248
v -0.655131 0.001701 0.002133
v -0.657180 0.001742 0.000478
v -0.659778 0.001780 -0.002520
v -0.662251 0.001813 -0.008714
v -0.660957 0.001839 -0.017549
v -0.655879 0.001855 -0.023443
v -0.651929 0.001858 -0.025446
v -0.604630 0.001743 -0.039964
v -0.560655 0.001699 -0.052724
v -0.519499 0.001715 -0.064025
v -0.481353 0.001780 -0.073928
v -0.446408 0.001879 -0.082493
v -0.414855 0.002003 -0.089782
v -0.386884 0.002139 -0.095854
v -0.362682 0.002274 -0.100771
v -0.342434 0.002397 -0.104594
v -0.326311 0.002497 -0.107387
v -0.314435 0.002560 -0.109217
v -0.307092 0.002574 -0.110126
v -0.259930 0.002474 -0.115018
v -0.223903 0.002454 -0.119589
v -0.198406 0.002487 -0.123319
v -0.182626 0.002545 -0.125727
v -0.162235 0.002601 -0.115434
v -0.175621 0.002627 -0.096668
v -0.190713 0.002596 -0.091216
v -0.214730 0.002479 -0.082323
v -0.247957 0.002249 -0.069239
v -0.290241 0.001879 -0.051377
v -0.335639 0.001639 0.035271
v -0.285692 0.002184 0.059640
v -0.245175 0.002564 0.079098
v -0.213959 0.002805 0.094015
v -0.191801 0.002933 0.104823
v -0.177384 0.002975 0.112685
v -0.168954 0.002956 0.132588
v -0.189068 0.002903 0.141592
v -0.205278 0.002841 0.138542
v -0.229063 0.002798 0.133179
v -0.261438 0.002799 0.125720
v -0.302591 0.002870 0.116455
v -0.309776 0.002857 0.114788
v -0.321782 0.002802 0.111842
v -0.338299 0.002714 0.107598
v -0.359078 0.002600 0.102027
v -0.383858 0.002470 0.095098
v -0.412377 0.002332 0.086785
v -0.444371 0.002195 0.077058
v -0.479578 0.002068 0.065889
v -0.517734 0.001959 0.053250
v -0.558574 0.001877 0.039113
v -0.601835 0.001831 0.023449
v -0.647289 0.001828 0.006216
v -0.648210 0.001835 0.005844
v -0.649307 0.001854 0.005369
v -0.650543 0.001881 0.004794
v -0.651910 0.001916 0.004101
v -0.653421 0.001955 0.003248
v -0.655131 0.001996 0.002133
v -0.657180 0.002037 0.000478
v -0.659778 0.002075 -0.002520
v -0.662251 0.002108 -0.008714
v -0.660957 0.002134 -0.017549
v -0.655879 0.002150 -0.023443
v -0.651929 0.002153 -0.025446
v -0.604630 0.002038 -0.039964
v -0.560655 0.001994 -0.052724
v -0.519499 0.002011 -0.064025
v -0.481353 0.002075 -0.073928
v -0.446408 0.002175 -0.082493
v -0.414855 0.002298 -0.089782
v -0.386884 0.002434 -0.095854
v -0.362682 0.002569 -0.100771
v -0.342434 0.002693 -0.104594
v -0.326311 0.002792 -0.107387
v -0.314435 0.002855 -0.109217
v -0.307092 0.002870 -0.110126
v -0.259930 0.002769 -0.115018
v -0.223903 0.002749 -0.119589
v -0.198406 0.002782 -0.123319
v -0.182626 0.002841 -0.125727
v -0.162235 0.002896 -0.115434
v -0.175621 0.002922 -0.096668
v -0.190713 0.002891 -0.091216
v -0.214730 0.002774 -0.082323
v -0.247957 0.002544 -0.069239
v -0.290241 0.002174 -0.051377
v -0.335640 0.001934 0.035271
v -0.285693 0.002479 0.059640
v -0.245175 0.002859 0.079098
v -0.213959 0.003100 0.094015
v -0.191800 0.003229 0.104823
v -0.177384 0.003270 0.112684
v -0.168900 0.003251 0.132445
v -0.189062 0.003198 0.141593
v -0.205277 0.003137 0.138542
v -0.229063 0.003093 0.133179
v -0.261438 0.003094 0.125720
v -0.302591 0.003165 0.116455
v -0.309775 0.003152 0.114788
v -0.321782 0.003097 0.111842
v -0.338299 0.003009 0.107598
v -0.359077 0.002895 0.102027
v -0.383857 0.002765 0.095098
v -0.412376 0.002627 0.086785
v -0.444371 0.002491 0.077058
v -0.479578 0.002363 0.065889
v -0.517734 0.002254 0.053250
v -0.558574 0.002172 0.039113
v -0.601835 0.002126 0.023449
v -0.647290 0.002124 0.006216
v -0.648212 0.002130 0.005843
v -0.649310 0.002149 0.005368
v -0.650547 0.002177 0.004792
v -0.651917 0.002211 0.004097
v -0.653431 0.002250 0.003242
v -0.655147 0.002292 0.002121
v -0.657208 0.002332 0.000453
v -0.659822 0.002371 -0.002586
v -0.662274 0.002404 -0.008863
v -0.660902 0.002429 -0.017661
v -0.655856 0.002445 -0.023458
v -0.651928 0.002449 -0.025446
v -0.604630 0.002333 -0.039964
v -0.560655 0.002290 -0.052724
v -0.519499 0.002306 -0.064025
v -0.481353 0.002370 -0.073928
v -0.446408 0.002470 -0.082493
v -0.414855 0.002594 -0.089782
v -0.386883 0.002729 -0.095854
v -0.362682 0.002865 -0.100771
v -0.342433 0.002988 -0.104594
v -0.326310 0.003087 -0.107387
v -0.314434 0.003150 -0.109217
v -0.307092 0.003165 -0.110126
v -0.259930 0.003064 -0.115018
v -0.223903 0.003045 -0.119589
v -0.198406 0.003077 -0.123319
v -0.182623 0.003136 -0.125728
v -0.162142 0.003192 -0.115036
v -0.175621 0.003218 -0.096668
v -0.190713 0.003186 -0.091216
v -0.214731 0.003069 -0.082323
v -0.247958 0.002840 -0.069239
v -0.290242 0.002470 -0.051377
v -0.379459 -0.003254 0.029269
v -0.379299 -0.002957 0.029349
v -0.379139 -0.002660 0.029429
v -0.378980 -0.002362 0.029508
v -0.378820 -0.002065 0.029588
v -0.378660 -0.001768 0.029667
v -0.378500 -0.001471 0.029747
v -0.378340 -0.001173 0.029827
v -0.378180 -0.000876 0.029906
v -0.378021 -0.000579 0.029986
v -0.377861 -0.000282 0.030066
v -0.377701 0.000016 0.030145
v -0.377678 0.000311 0.030157
v -0.377610 0.000184 0.030191
v -0.377836 0.000604 0.030078
v -0.377994 0.000898 0.029999
v -0.378152 0.001191 0.029921
v -0.378309 0.001484 0.029842
v -0.372171 -0.003095 -0.028931
v -0.372008 -0.002797 -0.029010
v -0.371844 -0.002500 -0.029090
v -0.371681 -0.002203 -0.029170
v -0.371517 -0.001906 -0.029249
v -0.371354 -0.001608 -0.029329
v -0.371190 -0.001311 -0.029409
v -0.371027 -0.001014 -0.029488
v -0.370863 -0.000717 -0.029568
v -0.370700 -0.000419 -0.029648
v -0.370536 -0.000122 -0.029727
v -0.370373 0.000175 -0.029807
v -0.370368 0.000184 -0.029809
v -0.370524 0.000469 -0.029733
v -0.370685 0.000762 -0.029655
v -0.370847 0.001055 -0.029576
v -0.371008 0.001349 -0.029497
v -0.371169 0.001642 -0.029419
v -0.347353 -0.002639 0.029434
v -0.347513 -0.002936 0.029354
v -0.347193 -0.002342 0.029514
v -0.347033 -0.002045 0.029593
v -0.346873 -0.001747 0.029673
v -0.346713 -0.001450 0.029753
v -0.346554 -0.001153 0.029832
v -0.346394 -0.000856 0.029912
v -0.346234 -0.000558 0.029992
v -0.346074 -0.000261 0.030071
v -0.345914 0.000036 0.030151
v -0.345913 0.000331 0.030151
v -0.345834 0.000184 0.030191
v -0.346071 0.000625 0.030073
v -0.346229 0.000918 0.029994
v -0.346387 0.001211 0.029915
v -0.346544 0.001505 0.029837
v -0.346702 0.001798 0.029758
v -0.339333 -0.002476 -0.029097
v -0.339509 -0.002773 -0.029017
v -0.339158 -0.002179 -0.029176
v -0.338982 -0.001882 -0.029256
v -0.338807 -0.001584 -0.029335
v -0.338632 -0.001287 -0.029415
v -0.338456 -0.000990 -0.029495
v -0.338281 -0.000693 -0.029574
v -0.338105 -0.000396 -0.029654
v -0.337930 -0.000099 -0.029733
v -0.337771 0.000198 -0.029806
v -0.337763 0.000184 -0.029809
v -0.337944 0.000491 -0.029727
v -0.338117 0.000785 -0.029648
v -0.338290 0.001078 -0.029570
v -0.338464 0.001372 -0.029491
v -0.338637 0.001665 -0.029413
v -0.338810 0.001959 -0.029334
v -0.341779 -0.002793 -0.029012
v -0.341936 0.001932 -0.029341
v -0.379411 -0.002661 0.029428
v -0.419900 -0.002321 0.029519
v -0.419900 -0.002276 -0.029150
v -0.558915 -0.000170 0.000190
vn -0.3066 -0.7060 0.6384
vn -0.4423 -0.0000 0.8969
vn -0.2310 -0.1340 0.9637
vn -0.2101 -0.3453 0.9147
vn -0.4422 -0.0000 0.8969
vn -0.3046 -0.0903 0.9482
vn -0.1524 -0.1785 0.9721
vn -0.2310 0.1340 0.9637
vn -0.2264 -0.0000 0.9740
vn -0.3197 0.7063 0.6317
vn -0.2150 0.3439 0.9141
vn -0.3027 -0.7062 0.6400
vn -0.4357 -0.0000 0.9001
vn -0.3141 0.7065 0.6341
vn -0.3007 -0.7067 0.6404
vn -0.4320 -0.0000 0.9019
vn -0.3104 0.7070 0.6354
vn -0.3032 -0.7078 0.6380
vn -0.4347 -0.0000 0.9006
vn -0.3108 0.7082 0.6339
vn -0.3177 -0.7112 0.6271
vn -0.4555 -0.0000 0.8902
vn -0.4556 -0.0000 0.8902
vn -0.3225 0.7118 0.6240
vn -0.3931 -0.7366 0.5504
vn -0.5818 -0.0000 0.8133
vn -0.5819 -0.0000 0.8133
vn -0.3932 0.7377 0.5488
vn -0.1894 -0.9788 -0.0785
vn -0.9318 -0.0000 -0.3631
vn -0.9356 -0.0000 -0.3530
vn -0.9278 -0.0000 -0.3731
vn -0.1933 0.9786 -0.0706
vn 0.0655 -0.7300 -0.6803
vn 0.0916 -0.0000 -0.9958
vn 0.0912 -0.0000 -0.9958
vn 0.0920 -0.0000 -0.9958
vn 0.0598 0.7297 -0.6812
vn 0.1458 -0.7109 -0.6880
vn 0.2045 -0.0000 -0.9789
vn 0.2044 -0.0000 -0.9789
vn 0.1419 0.7105 -0.6893
vn 0.1576 -0.7078 -0.6886
vn 0.2223 -0.0000 -0.9750
vn 0.1565 0.7074 -0.6893
vn 0.1565 -0.7067 -0.6899
vn 0.2221 -0.0000 -0.9750
vn 0.1578 0.7064 -0.6900
vn 0.1575 -0.7074 -0.6890
vn 0.2228 -0.0000 -0.9749
vn 0.1573 0.7082 -0.6883
vn 0.1660 -0.7082 -0.6862
vn 0.2321 -0.0000 -0.9727
vn 0.1616 0.7089 -0.6866
vn 0.1753 -0.7082 -0.6839
vn 0.2436 -0.0000 -0.9699
vn 0.1686 0.7084 -0.6854
vn 0.1829 -0.7083 -0.6818
vn 0.2539 -0.0000 -0.9672
vn 0.1756 0.7083 -0.6837
vn 0.1900 -0.7083 -0.6798
vn 0.2641 -0.0000 -0.9645
vn 0.1829 0.7083 -0.6818
vn 0.1971 -0.7084 -0.6777
vn 0.2746 -0.0000 -0.9616
vn 0.1905 0.7083 -0.6797
vn 0.2044 -0.7085 -0.6755
vn 0.2854 -0.0000 -0.9584
vn 0.1985 0.7083 -0.6774
vn 0.2119 -0.7085 -0.6731
vn 0.2966 -0.0000 -0.9550
vn 0.2068 0.7084 -0.6748
vn 0.2197 -0.7086 -0.6705
vn 0.3084 -0.0000 -0.9513
vn 0.3084 -0.0000 -0.9512
vn 0.2156 0.7084 -0.6720
vn 0.2279 -0.7087 -0.6677
vn 0.3208 -0.0000 -0.9472
vn 0.3208 -0.0000 -0.9471
vn 0.2248 0.7085 -0.6689
vn 0.2364 -0.7088 -0.6646
vn 0.3338 -0.0000 -0.9426
vn 0.3338 -0.0000 -0.9427
vn 0.2345 0.7086 -0.6655
vn 0.2454 -0.7089 -0.6612
vn 0.3475 -0.0000 -0.9377
vn 0.2448 0.7087 -0.6617
vn 0.2536 -0.7106 -0.6562
vn 0.3644 -0.0000 -0.9312
vn 0.3645 -0.0000 -0.9312
vn 0.2600 0.7084 -0.6562
vn 0.2624 -0.7111 -0.6523
vn 0.3858 -0.0000 -0.9226
vn 0.3859 -0.0000 -0.9226
vn 0.3856 -0.0000 -0.9226
vn 0.3857 -0.0000 -0.9226
vn 0.2810 0.7085 -0.6474
vn 0.2740 -0.7108 -0.6478
vn 0.4095 -0.0000 -0.9123
vn 0.4097 -0.0000 -0.9122
vn 0.4092 -0.0000 -0.9124
vn 0.4094 -0.0000 -0.9123
vn 0.3025 0.7092 -0.6368
vn 0.2901 -0.7112 -0.6404
vn 0.4366 -0.0000 -0.8996
vn 0.4369 -0.0000 -0.8995
vn 0.4363 -0.0000 -0.8998
vn 0.3240 0.7100 -0.6252
vn 0.3124 -0.7122 -0.6286
vn 0.4708 -0.0000 -0.8823
vn 0.4712 -0.0000 -0.8820
vn 0.4703 -0.0000 -0.8825
vn 0.3487 0.7113 -0.6103
vn 0.3436 -0.7142 -0.6097
vn 0.5165 -0.0000 -0.8563
vn 0.5172 -0.0000 -0.8558
vn 0.5158 -0.0000 -0.8567
vn 0.3795 0.7134 -0.5891
vn 0.3889 -0.7181 -0.5772
vn 0.5816 -0.0000 -0.8135
vn 0.5827 -0.0000 -0.8127
vn 0.5805 -0.0000 -0.8143
vn 0.4208 0.7171 -0.5555
vn 0.4555 -0.7259 -0.5154
vn 0.6799 -0.0000 -0.7333
vn 0.6818 -0.0000 -0.7315
vn 0.6779 -0.0000 -0.7351
vn 0.4801 0.7248 -0.4942
vn 0.5478 -0.7431 -0.3843
vn 0.8298 -0.0000 -0.5581
vn 0.8329 -0.0000 -0.5535
vn 0.8267 -0.0000 -0.5627
vn 0.8298 -0.0000 -0.5580
vn 0.5635 0.7420 -0.3633
vn 0.6218 -0.7753 -0.1107
vn 0.9877 -0.0000 -0.1561
vn 0.9894 -0.0000 -0.1455
vn 0.9860 -0.0000 -0.1666
vn 0.9877 -0.0000 -0.1562
vn 0.6244 0.7763 -0.0863
vn 0.5637 -0.7833 0.2622
vn 0.9006 -0.0000 0.4346
vn 0.8968 -0.0000 0.4425
vn 0.9043 -0.0000 0.4269
vn 0.5502 0.7883 0.2754
vn 0.3801 -0.7502 0.5410
vn 0.5710 -0.0000 0.8209
vn 0.5695 -0.0000 0.8220
vn 0.5726 -0.0000 0.8198
vn 0.3721 0.7547 0.5404
vn 0.2422 -0.7201 0.6502
vn 0.3495 -0.0000 0.9369
vn 0.2423 0.7214 0.6487
vn 0.2005 -0.7089 0.6762
vn 0.2858 -0.0000 0.9583
vn 0.2028 0.7086 0.6758
vn 0.1915 -0.7089 0.6788
vn 0.2717 -0.0000 0.9624
vn 0.1919 0.7086 0.6790
vn 0.1827 -0.7088 0.6813
vn 0.2580 -0.0000 0.9661
vn 0.1814 0.7085 0.6820
vn 0.1741 -0.7088 0.6836
vn 0.2447 -0.0000 0.9696
vn 0.1711 0.7085 0.6846
vn 0.1657 -0.7087 0.6858
vn 0.2316 -0.0000 0.9728
vn 0.1611 0.7085 0.6871
vn 0.1572 -0.7087 0.6878
vn 0.2186 -0.0000 0.9758
vn 0.1513 0.7085 0.6893
vn 0.1486 -0.7087 0.6897
vn 0.2056 -0.0000 0.9786
vn 0.2057 -0.0000 0.9786
vn 0.1415 0.7085 0.6914
vn 0.1397 -0.7087 0.6915
vn 0.1923 -0.0000 0.9813
vn 0.1924 -0.0000 0.9813
vn 0.1317 0.7086 0.6932
vn 0.1299 -0.7088 0.6933
vn 0.1781 -0.0000 0.9840
vn 0.1214 0.7088 0.6949
vn 0.1179 -0.7091 0.6952
vn 0.1615 -0.0000 0.9869
vn 0.1616 -0.0000 0.9869
vn 0.1098 0.7093 0.6963
vn 0.0995 -0.7101 0.6970
vn 0.1376 -0.0000 0.9905
vn 0.0942 0.7108 0.6970
vn 0.0797 -0.7089 0.7008
vn 0.1130 -0.0000 0.9936
vn 0.0796 0.7098 0.6999
vn 0.0803 -0.7047 0.7049
vn 0.1145 -0.0000 0.9934
vn 0.0822 0.7044 0.7051
vn 0.0962 -0.7052 0.7025
vn 0.1353 -0.0000 0.9908
vn 0.0957 0.7048 0.7030
vn 0.1066 -0.7066 0.6995
vn 0.1482 -0.0000 0.9890
vn 0.1032 0.7061 0.7006
vn 0.0803 -0.7167 0.6928
vn 0.1114 -0.0000 0.9938
vn 0.1112 -0.0000 0.9938
vn 0.1116 -0.0000 0.9938
vn 0.0752 0.7160 0.6940
vn -0.0864 -0.9959 0.0266
vn -0.9703 -0.0000 0.2421
vn -0.9768 -0.0000 0.2140
vn -0.9629 -0.0000 0.2698
vn -0.0899 0.9958 0.0174
vn -0.2605 -0.7147 -0.6491
vn -0.3728 -0.0000 -0.9279
vn -0.3727 -0.0000 -0.9279
vn -0.2605 0.7158 -0.6479
vn -0.2410 -0.7059 -0.6661
vn -0.3432 -0.0000 -0.9392
vn -0.3433 -0.0000 -0.9392
vn -0.2451 0.7064 -0.6640
vn -0.2496 -0.7046 -0.6643
vn -0.3568 -0.0000 -0.9342
vn -0.3569 -0.0000 -0.9341
vn -0.2567 0.7050 -0.6611
vn -0.2636 -0.7042 -0.6593
vn -0.3778 -0.0000 -0.9259
vn -0.3779 -0.0000 -0.9259
vn -0.2728 0.7045 -0.6552
vn -0.2794 -0.7040 -0.6530
vn -0.4012 -0.0000 -0.9160
vn -0.4013 -0.0000 -0.9159
vn -0.2905 0.7043 -0.6478
vn -0.2959 -0.7039 -0.6458
vn -0.4257 -0.0000 -0.9049
vn -0.4256 -0.0000 -0.9049
vn -0.4257 -0.0000 -0.9048
vn -0.3087 0.7042 -0.6394
vn -0.2266 -0.1339 -0.9647
vn -0.2063 -0.3428 -0.9165
vn -0.2989 -0.0901 -0.9500
vn -0.1488 -0.1787 -0.9726
vn -0.2266 -0.1339 -0.9648
vn -0.2267 -0.1338 -0.9647
vn -0.2266 0.1339 -0.9648
vn -0.2221 -0.0001 -0.9750
vn -0.2266 0.1339 -0.9647
vn -0.2111 0.3414 -0.9159
vn 0.8570 -0.4972 0.1358
vn 0.4423 -0.0000 -0.8969
vn 0.3190 -0.7078 -0.6302
vn 0.1402 -0.9375 0.3183
vn 0.8569 -0.4972 0.1360
vn 0.8569 -0.4972 0.1362
vn 0.4422 -0.0000 -0.8969
vn 0.8568 -0.4973 0.1363
vn 0.8568 0.4973 0.1361
vn 0.3980 -0.0000 0.9174
vn 0.8568 0.4973 0.1363
vn 0.8569 0.4972 0.1362
vn 0.8569 0.4972 0.1358
vn 0.8569 0.4972 0.1361
vn 0.1290 0.9445 0.3022
vn 0.3056 0.7081 -0.6365
vn 0.4357 -0.0000 -0.9001
vn 0.3137 -0.7076 -0.6332
vn 0.3019 0.7079 -0.6385
vn 0.4320 -0.0000 -0.9019
vn 0.3104 -0.7071 -0.6353
vn 0.3004 0.7074 -0.6397
vn 0.4348 -0.0000 -0.9005
vn 0.3118 -0.7060 -0.6359
vn 0.3039 0.7064 -0.6393
vn 0.4587 -0.0000 -0.8886
vn 0.3292 -0.7018 -0.6318
vn 0.3241 0.7023 -0.6338
vn 0.7396 -0.0472 -0.6714
vn 0.5419 -0.6818 -0.4915
vn 0.7411 -0.0000 -0.6714
vn 0.7391 -0.0471 -0.6720
vn 0.5908 0.5988 -0.5408
vn 0.9626 -0.0279 0.2695
vn 0.6983 -0.5483 0.4602
vn 0.9306 -0.0000 0.3659
vn 0.8881 0.0258 0.4590
vn 0.8262 0.5459 0.1390
vn 0.1170 0.0464 0.9920
vn 0.0893 -0.6058 0.7906
vn 0.1172 -0.0000 0.9931
vn 0.1145 0.0456 0.9924
vn 0.0851 0.6872 0.7215
vn -0.2025 0.0002 0.9793
vn -0.1420 -0.7032 0.6967
vn -0.2025 -0.0000 0.9793
vn -0.1459 0.7030 0.6961
vn -0.2222 -0.0000 0.9750
vn -0.1566 -0.7068 0.6899
vn -0.1579 0.7064 0.6900
vn -0.2221 -0.0000 0.9750
vn -0.1575 -0.7079 0.6886
vn -0.1564 0.7075 0.6892
vn -0.2228 -0.0000 0.9749
vn -0.1578 -0.7060 0.6904
vn -0.1576 0.7068 0.6897
vn -0.2321 -0.0000 0.9727
vn -0.1624 -0.7054 0.6900
vn -0.1665 0.7060 0.6884
vn -0.2436 -0.0000 0.9699
vn -0.1693 -0.7058 0.6879
vn -0.1758 0.7060 0.6861
vn -0.2539 -0.0000 0.9672
vn -0.1763 -0.7059 0.6860
vn -0.1834 0.7059 0.6841
vn -0.2641 -0.0000 0.9645
vn -0.1836 -0.7059 0.6841
vn -0.1906 0.7059 0.6822
vn -0.2746 -0.0000 0.9616
vn -0.1912 -0.7059 0.6820
vn -0.1978 0.7058 0.6802
vn -0.2854 -0.0000 0.9584
vn -0.1992 -0.7059 0.6798
vn -0.2051 0.7058 0.6781
vn -0.2966 -0.0000 0.9550
vn -0.2076 -0.7058 0.6773
vn -0.2127 0.7057 0.6758
vn -0.3084 -0.0000 0.9513
vn -0.2164 -0.7058 0.6746
vn -0.3084 -0.0000 0.9512
vn -0.2206 0.7056 0.6734
vn -0.3208 -0.0000 0.9472
vn -0.2257 -0.7057 0.6716
vn -0.2289 0.7055 0.6707
vn -0.3338 -0.0000 0.9426
vn -0.2356 -0.7056 0.6683
vn -0.2376 0.7054 0.6678
vn -0.3475 -0.0000 0.9377
vn -0.2459 -0.7055 0.6646
vn -0.2467 0.7053 0.6646
vn -0.3646 -0.0000 0.9312
vn -0.2611 -0.7055 0.6589
vn -0.2563 0.7039 0.6625
vn -0.3860 -0.0000 0.9225
vn -0.2821 -0.7053 0.6504
vn -0.3859 -0.0000 0.9225
vn -0.2658 0.7033 0.6593
vn -0.4098 0.0001 0.9122
vn -0.3042 -0.7044 0.6413
vn -0.4097 -0.0000 0.9122
vn -0.2778 0.7033 0.6543
vn -0.4373 0.0001 0.8993
vn -0.3267 -0.7034 0.6313
vn -0.4373 -0.0000 0.8993
vn -0.4372 -0.0000 0.8994
vn -0.2949 0.7029 0.6473
vn -0.4722 0.0001 0.8815
vn -0.3530 -0.7018 0.6187
vn -0.4720 -0.0000 0.8816
vn -0.4719 0.0001 0.8816
vn -0.3193 0.7019 0.6367
vn -0.5195 0.0003 0.8545
vn -0.3870 -0.6993 0.6010
vn -0.5192 -0.0000 0.8546
vn -0.5190 0.0002 0.8548
vn -0.3547 0.7001 0.6197
vn -0.5886 0.0008 0.8084
vn -0.4353 -0.6947 0.5726
vn -0.5879 -0.0000 0.8089
vn -0.5872 0.0008 0.8094
vn -0.4091 0.6968 0.5892
vn -0.6967 0.0031 0.7174
vn -0.5113 -0.6849 0.5191
vn -0.6946 -0.0000 0.7194
vn -0.6946 -0.0001 0.7194
vn -0.6946 0.0001 0.7194
vn -0.6925 0.0029 0.7214
vn -0.4973 0.6905 0.5252
vn -0.8605 0.0103 0.5094
vn -0.6313 -0.6636 0.4014
vn -0.8542 -0.0000 0.5200
vn -0.8541 -0.0000 0.5201
vn -0.8541 -0.0000 0.5200
vn -0.8542 0.0001 0.5200
vn -0.8475 0.0090 0.5307
vn -0.6331 0.6807 0.3685
vn -0.9968 0.0004 0.0803
vn -0.7501 -0.6448 0.1469
vn -0.9932 -0.0000 0.1168
vn -0.9931 -0.0000 0.1170
vn -0.9931 -0.0000 0.1169
vn -0.9931 0.0001 0.1170
vn -0.9881 0.0073 0.1534
vn -0.7554 0.6545 0.0304
vn -0.8953 -0.0167 -0.4451
vn -0.7037 -0.6599 -0.2634
vn -0.9097 -0.0001 -0.4154
vn -0.9097 -0.0000 -0.4153
vn -0.9096 -0.0001 -0.4154
vn -0.9230 -0.0126 -0.3847
vn -0.6790 0.6342 -0.3697
vn -0.6127 -0.0120 -0.7903
vn -0.4603 -0.6762 -0.5752
vn -0.6167 -0.0001 -0.7872
vn -0.6166 -0.0000 -0.7873
vn -0.6166 -0.0000 -0.7872
vn -0.6204 -0.0130 -0.7842
vn -0.4586 0.6566 -0.5988
vn -0.3743 -0.0016 -0.9273
vn -0.2717 -0.6890 -0.6719
vn -0.3742 -0.0000 -0.9273
vn -0.3742 -0.0016 -0.9274
vn -0.2712 0.6876 -0.6735
vn -0.2861 -0.0000 -0.9582
vn -0.2038 -0.7055 -0.6787
vn -0.2017 0.7052 -0.6797
vn -0.2717 -0.0000 -0.9624
vn -0.1927 -0.7056 -0.6819
vn -0.1924 0.7053 -0.6823
vn -0.2580 -0.0000 -0.9661
vn -0.1821 -0.7057 -0.6847
vn -0.1836 0.7054 -0.6846
vn -0.2447 -0.0000 -0.9696
vn -0.1719 -0.7057 -0.6873
vn -0.1749 0.7055 -0.6868
vn -0.2316 -0.0000 -0.9728
vn -0.1618 -0.7057 -0.6898
vn -0.1664 0.7055 -0.6889
vn -0.2186 -0.0000 -0.9758
vn -0.1519 -0.7057 -0.6920
vn -0.1579 0.7055 -0.6909
vn -0.2056 -0.0000 -0.9786
vn -0.1422 -0.7057 -0.6941
vn -0.1492 0.7055 -0.6928
vn -0.1923 -0.0000 -0.9813
vn -0.1323 -0.7056 -0.6962
vn -0.1403 0.7055 -0.6947
vn -0.1781 -0.0000 -0.9840
vn -0.1221 -0.7054 -0.6982
vn -0.1304 0.7054 -0.6967
vn -0.1615 -0.0000 -0.9869
vn -0.1106 -0.7049 -0.7006
vn -0.1184 0.7051 -0.6991
vn -0.1376 -0.0000 -0.9905
vn -0.0953 -0.7034 -0.7044
vn -0.1002 0.7041 -0.7029
vn -0.1131 -0.0000 -0.9936
vn -0.0803 -0.7044 -0.7052
vn -0.0801 0.7053 -0.7043
vn -0.1145 -0.0000 -0.9934
vn -0.0816 -0.7099 -0.6996
vn -0.0798 0.7095 -0.7002
vn -0.1353 -0.0000 -0.9908
vn -0.0951 -0.7095 -0.6983
vn -0.0957 0.7090 -0.6986
vn -0.1478 -0.0000 -0.9890
vn -0.1026 -0.7081 -0.6987
vn -0.1062 0.7075 -0.6986
vn 0.1461 0.1237 -0.9815
vn 0.1144 -0.5405 -0.8335
vn 0.1573 -0.0000 -0.9875
vn 0.1473 0.1239 -0.9813
vn 0.0916 0.7553 -0.6489
vn 0.9896 -0.1333 -0.0541
vn 0.7269 -0.4220 -0.5418
vn 0.9709 -0.0000 -0.2395
vn 0.9009 0.1315 -0.4135
vn 0.8966 0.4195 0.1417
vn 0.5933 -0.1246 0.7953
vn 0.3880 -0.7552 0.5284
vn 0.6043 -0.0000 0.7967
vn 0.5912 -0.1241 0.7969
vn 0.4925 0.5420 0.6810
vn 0.3435 -0.0000 0.9392
vn 0.2449 -0.7077 0.6627
vn 0.2403 0.7083 0.6638
vn 0.3568 -0.0000 0.9342
vn 0.2552 -0.7092 0.6572
vn 0.2478 0.7096 0.6596
vn 0.3778 -0.0000 0.9259
vn 0.2709 -0.7097 0.6503
vn 0.2613 0.7100 0.6539
vn 0.4013 -0.0000 0.9160
vn 0.2883 -0.7099 0.6426
vn 0.4012 -0.0000 0.9160
vn 0.2767 0.7102 0.6473
vn 0.1238 -0.9367 -0.3274
vn 0.8422 -0.5273 -0.1123
vn 0.8422 -0.5274 -0.1126
vn 0.8421 -0.5274 -0.1126
vn 0.8421 -0.5273 -0.1127
vn 0.8422 -0.5274 -0.1123
vn 0.8425 0.5272 -0.1107
vn 0.3478 -0.0002 -0.9376
vn 0.8421 0.5274 -0.1127
vn 0.8422 0.5273 -0.1125
vn 0.8422 0.5273 -0.1124
vn 0.8421 0.5273 -0.1127
vn 0.1136 0.9426 -0.3140
vn 0.0058 -0.7922 -0.6103
vn -0.0058 0.7947 -0.6070
vn 0.0046 0.9994 0.0345
vn 0.0024 1.0000 0.0003
vn 0.0081 0.9991 -0.0412
vn -0.1043 0.0002 -0.9945
vn -0.1049 0.4974 -0.8612
vn -0.0000 0.5000 -0.8660
vn -0.0000 -0.0000 -1.0000
vn -0.1053 0.8613 -0.4971
vn -0.0000 0.8660 -0.5000
vn -0.1054 0.9944 -0.0000
vn -0.0000 1.0000 -0.0000
vn -0.1053 0.8613 0.4971
vn -0.0000 0.8660 0.5000
vn -0.1049 0.4974 0.8612
vn -0.0000 0.5000 0.8660
vn -0.0000 -0.0000 1.0000
vn -0.1043 0.0002 0.9945
vn -0.1023 -0.2575 0.9609
vn -0.0000 -0.2588 0.9659
vn -0.1037 -0.4972 0.8614
vn -0.0000 -0.5000 0.8660
vn -0.1033 -0.8613 0.4974
vn -0.0000 -0.8660 0.5000
vn -0.1031 -0.9947 -0.0000
vn -0.0000 -1.0000 -0.0000
vn -0.1033 -0.8613 -0.4974
vn -0.0000 -0.8660 -0.5000
vn -0.1037 -0.4972 -0.8614
vn -0.0000 -0.5000 -0.8660
vn -0.1023 -0.2575 -0.9609
vn 0.6532 0.3786 -0.6557
vn 0.6532 -0.0000 -0.7572
vn 0.6532 0.6557 -0.3786
vn 0.6532 0.7572 -0.0000
vn 0.6532 0.6557 0.3786
vn 0.6532 0.3786 0.6557
vn 0.6532 -0.0000 0.7572
vn 0.6532 -0.3786 0.6557
vn 0.6532 -0.6557 0.3786
vn 0.6532 -0.7572 -0.0000
vn 0.6532 -0.6557 -0.3786
vn 0.6532 -0.3786 -0.6557
vn -1.0000 -0.0024 -0.0000
vt 0.000000 -0.001089
vt 0.000000 -0.002067
vt 0.000000 -0.002071
vt 0.000000 -0.002063
vt 0.000000 -0.002059
vt 0.000000 -0.002054
vt 0.000000 -0.002050
vt 0.000000 -0.002046
vt 0.000000 -0.002042
vt 0.000000 -0.002038
vt 0.000000 -0.002034
vt 0.000000 -0.002029
vt 0.000000 -0.002025
vt 0.000000 -0.002025
vt 0.000000 -0.002023
vt 0.000000 -0.002029
vt 0.000000 -0.002033
vt 0.000000 -0.002037
vt 0.000000 -0.002041
vt 0.000000 0.000065
vt 0.000000 0.000869
vt 0.000000 0.001380
vt 0.000000 0.001651
vt 0.000000 0.001739
vt 0.000000 0.001699
vt 0.000000 0.001586
vt 0.000000 0.001456
vt 0.000000 0.001364
vt 0.000000 0.001366
vt 0.000000 0.001516
vt 0.000000 0.001489
vt 0.000000 0.001373
vt 0.000000 0.001186
vt 0.000000 0.000945
vt 0.000000 0.000670
vt 0.000000 0.000378
vt 0.000000 0.000089
vt 0.000000 -0.000180
vt 0.000000 -0.000411
vt 0.000000 -0.000585
vt 0.000000 -0.000683
vt 0.000000 -0.000688
vt 0.000000 -0.000674
vt 0.000000 -0.000634
vt 0.000000 -0.000576
vt 0.000000 -0.000502
vt 0.000000 -0.000420
vt 0.000000 -0.000333
vt 0.000000 -0.000246
vt 0.000000 -0.000165
vt 0.000000 -0.000095
vt 0.000000 -0.000041
vt 0.000000 -0.000008
vt 0.000000 0.000000
vt 0.000000 -0.000244
vt 0.000000 -0.000336
vt 0.000000 -0.000302
vt 0.000000 -0.000166
vt 0.000000 0.000045
vt 0.000000 0.000307
vt 0.000000 0.000594
vt 0.000000 0.000881
vt 0.000000 0.001141
vt 0.000000 0.001351
vt 0.000000 0.001485
vt 0.000000 0.001303
vt 0.000000 0.001261
vt 0.000000 0.001331
vt 0.000000 0.001454
vt 0.000000 0.001573
vt 0.000000 0.001628
vt 0.000000 0.001561
vt 0.000000 0.001314
vt 0.000000 0.000828
vt 0.000000 0.000044
vt 0.000000 -0.001094
vt 0.000000 -0.001730
vt 0.000000 -0.001734
vt 0.000000 -0.001725
vt 0.000000 -0.001721
vt 0.000000 -0.001717
vt 0.000000 -0.001713
vt 0.000000 -0.001709
vt 0.000000 -0.001704
vt 0.000000 -0.001700
vt 0.000000 -0.001696
vt 0.000000 -0.001692
vt 0.000000 -0.001687
vt 0.000000 -0.001691
vt 0.000000 -0.001687
vt 0.000000 -0.001695
vt 0.000000 -0.001700
vt 0.000000 -0.001704
vt 0.000000 -0.001708
vt 0.000000 -0.001394
vt 0.000000 -0.001399
vt 0.000000 -0.001390
vt 0.000000 -0.001386
vt 0.000000 -0.001382
vt 0.000000 -0.001378
vt 0.000000 -0.001374
vt 0.000000 -0.001369
vt 0.000000 -0.001365
vt 0.000000 -0.001361
vt 0.000000 -0.001357
vt 0.000000 -0.001357
vt 0.000000 -0.001355
vt 0.000000 -0.001361
vt 0.000000 -0.001365
vt 0.000000 -0.001369
vt 0.000000 -0.001373
vt 0.000000 -0.001378
vt 0.000000 -0.001053
vt 0.000000 -0.001049
vt 0.000000 -0.001045
vt 0.000000 -0.001041
vt 0.000000 -0.001037
vt 0.000000 -0.001033
vt 0.000000 -0.001029
vt 0.000000 -0.001025
vt 0.000000 -0.001022
vt 0.000000 -0.001018
vt 0.000000 -0.001014
vt 0.000000 -0.001014
vt 0.000000 -0.001018
vt 0.000000 -0.001022
vt 0.000000 -0.001026
vt 0.000000 -0.001029
vt 0.000000 -0.001033
vt 0.000000 -0.001037
vt 0.016511 0.916667
vt 0.000000 0.916667
vt 0.000000 1.000000
vt 0.028571 1.000000
vt 0.028571 0.916667
vt 0.027379 0.916667
vt 0.027376 0.916742
vt 0.027319 0.918372
vt 0.027261 0.920003
vt 0.027203 0.921633
vt 0.027145 0.923263
vt 0.027088 0.924893
vt 0.027030 0.926524
vt 0.025988 0.926373
vt 0.016243 0.924763
vt 0.016297 0.923134
vt 0.016351 0.921504
vt 0.016405 0.919875
vt 0.016458 0.918245
vt 0.000000 0.083333
vt 0.028571 0.083333
vt 0.028571 0.000000
vt 0.000000 0.166667
vt 0.028571 0.166667
vt 0.000000 0.250000
vt 0.028571 0.250000
vt 0.000000 0.333333
vt 0.028571 0.333333
vt 0.024688 0.416667
vt 0.028571 0.416667
vt 0.000000 0.416667
vt 0.014096 0.416667
vt 0.014074 0.415963
vt 0.014021 0.414333
vt 0.013969 0.412704
vt 0.013916 0.411074
vt 0.013863 0.409445
vt 0.024399 0.407703
vt 0.024452 0.409333
vt 0.024504 0.410962
vt 0.024557 0.412592
vt 0.024609 0.414221
vt 0.024662 0.415851
vt 0.013587 0.432467
vt 0.013640 0.430816
vt 0.013693 0.429164
vt 0.013747 0.427513
vt 0.013800 0.425862
vt 0.013853 0.424210
vt 0.013906 0.422559
vt 0.013960 0.420908
vt 0.014013 0.419256
vt 0.014066 0.417605
vt 0.000000 0.430587
vt 0.013496 0.432478
vt 0.000000 0.500000
vt 0.028571 0.500000
vt 0.024662 0.417491
vt 0.024608 0.419143
vt 0.024555 0.420794
vt 0.024502 0.422445
vt 0.024449 0.424097
vt 0.024395 0.425748
vt 0.024342 0.427399
vt 0.024289 0.429051
vt 0.024236 0.430702
vt 0.024182 0.432353
vt 0.024129 0.434005
vt 0.013480 0.435770
vt 0.013533 0.434118
vt 0.000000 0.583333
vt 0.028571 0.583333
vt 0.000000 0.666667
vt 0.028571 0.666667
vt 0.000000 0.750000
vt 0.028571 0.750000
vt 0.000000 0.833333
vt 0.028571 0.833333
vt 0.000000 0.902997
vt 0.016018 0.901752
vt 0.015964 0.900101
vt 0.015909 0.898449
vt 0.026040 0.900127
vt 0.026797 0.900237
vt 0.026855 0.901888
vt 0.026914 0.903538
vt 0.026972 0.905189
vt 0.027031 0.906839
vt 0.027089 0.908490
vt 0.027148 0.910141
vt 0.027206 0.911791
vt 0.027265 0.913442
vt 0.027323 0.915093
vt 0.016509 0.916615
vt 0.016454 0.914964
vt 0.016400 0.913312
vt 0.016345 0.911661
vt 0.016291 0.910010
vt 0.016236 0.908358
vt 0.016182 0.906707
vt 0.016127 0.905055
vt 0.016073 0.903404
vt 0.057143 1.000000
vt 0.057143 0.916667
vt 0.057143 0.083333
vt 0.057143 0.000000
vt 0.057143 0.166667
vt 0.057143 0.250000
vt 0.057143 0.333333
vt 0.057143 0.416667
vt 0.057143 0.500000
vt 0.057143 0.583333
vt 0.057143 0.666667
vt 0.057143 0.750000
vt 0.057143 0.833333
vt 0.085714 1.000000
vt 0.085714 0.916667
vt 0.085714 0.083333
vt 0.085714 0.000000
vt 0.085714 0.166667
vt 0.085714 0.250000
vt 0.085714 0.333333
vt 0.085714 0.416667
vt 0.085714 0.500000
vt 0.085714 0.583333
vt 0.085714 0.666667
vt 0.085714 0.750000
vt 0.085714 0.833333
vt 0.114286 1.000000
vt 0.114286 0.916667
vt 0.114286 0.083333
vt 0.114286 0.000000
vt 0.114286 0.166667
vt 0.114286 0.250000
vt 0.114286 0.333333
vt 0.114286 0.416667
vt 0.114286 0.500000
vt 0.114286 0.583333
vt 0.114286 0.666667
vt 0.114286 0.750000
vt 0.114286 0.833333
vt 0.142857 1.000000
vt 0.142857 0.916667
vt 0.142857 0.083333
vt 0.142857 0.000000
vt 0.142857 0.166667
vt 0.142857 0.250000
vt 0.142857 0.333333
vt 0.142857 0.416667
vt 0.142857 0.500000
vt 0.142857 0.583333
vt 0.142857 0.666667
vt 0.142857 0.750000
vt 0.142857 0.833333
vt 0.171429 1.000000
vt 0.171429 0.916667
vt 0.171429 0.083333
vt 0.171429 0.000000
vt 0.171429 0.166667
vt 0.171429 0.250000
vt 0.171429 0.333333
vt 0.171429 0.416667
vt 0.171429 0.500000
vt 0.171429 0.583333
vt 0.171429 0.666667
vt 0.171429 0.750000
vt 0.171429 0.833333
vt 0.200000 1.000000
vt 0.200000 0.916667
vt 0.200000 0.083333
vt 0.200000 0.000000
vt 0.200000 0.166667
vt 0.200000 0.250000
vt 0.200000 0.333333
vt 0.200000 0.416667
vt 0.200000 0.500000
vt 0.200000 0.583333
vt 0.200000 0.666667
vt 0.200000 0.750000
vt 0.200000 0.833333
vt 0.228571 1.000000
vt 0.228571 0.916667
vt 0.228571 0.083333
vt 0.228571 0.000000
vt 0.228571 0.166667
vt 0.228571 0.250000
vt 0.228571 0.333333
vt 0.228571 0.416667
vt 0.228571 0.500000
vt 0.228571 0.583333
vt 0.228571 0.666667
vt 0.228571 0.750000
vt 0.228571 0.833333
vt 0.257143 1.000000
vt 0.257143 0.916667
vt 0.257143 0.083333
vt 0.257143 0.000000
vt 0.257143 0.166667
vt 0.257143 0.250000
vt 0.257143 0.333333
vt 0.257143 0.416667
vt 0.257143 0.500000
vt 0.257143 0.583333
vt 0.257143 0.666667
vt 0.257143 0.750000
vt 0.257143 0.833333
vt 0.285714 1.000000
vt 0.285714 0.916667
vt 0.285714 0.083333
vt 0.285714 0.000000
vt 0.285714 0.166667
vt 0.285714 0.250000
vt 0.285714 0.333333
vt 0.285714 0.416667
vt 0.285714 0.500000
vt 0.285714 0.583333
vt 0.285714 0.666667
vt 0.285714 0.750000
vt 0.285714 0.833333
vt 0.314286 1.000000
vt 0.314286 0.916667
vt 0.314286 0.083333
vt 0.314286 0.000000
vt 0.314286 0.166667
vt 0.314286 0.250000
vt 0.314286 0.333333
vt 0.314286 0.416667
vt 0.314286 0.500000
vt 0.314286 0.583333
vt 0.314286 0.666667
vt 0.314286 0.750000
vt 0.314286 0.833333
vt 0.342857 1.000000
vt 0.342857 0.916667
vt 0.342857 0.083333
vt 0.342857 0.000000
vt 0.342857 0.166667
vt 0.342857 0.250000
vt 0.342857 0.333333
vt 0.342857 0.416667
vt 0.342857 0.500000
vt 0.342857 0.583333
vt 0.342857 0.666667
vt 0.342857 0.750000
vt 0.342857 0.833333
vt 0.371429 1.000000
vt 0.371429 0.916667
vt 0.371429 0.083333
vt 0.371429 0.000000
vt 0.371429 0.166667
vt 0.371429 0.250000
vt 0.371429 0.333333
vt 0.371429 0.416667
vt 0.371429 0.500000
vt 0.371429 0.583333
vt 0.371429 0.666667
vt 0.371429 0.750000
vt 0.371429 0.833333
vt 0.400000 1.000000
vt 0.400000 0.916667
vt 0.400000 0.083333
vt 0.400000 0.000000
vt 0.400000 0.166667
vt 0.400000 0.250000
vt 0.400000 0.333333
vt 0.400000 0.416667
vt 0.400000 0.500000
vt 0.400000 0.583333
vt 0.400000 0.666667
vt 0.400000 0.750000
vt 0.400000 0.833333
s 1
usemtl Material.002
f 2/1/1 134/1/2 2184/2/3 2183/3/4
f 134/1/2 265/1/5 2185/4/6 2184/2/3
f 265/1/2 371/1/2 2186/5/3 2185/4/7
f 371/1/2 430/1/2 2187/6/3 2186/5/3
f 430/1/2 489/1/2 2188/7/3 2187/6/3
f 489/1/2 548/1/2 2189/8/3 2188/7/3
f 548/1/2 607/1/2 2190/9/3 2189/8/3
f 607/1/2 666/1/2 2191/10/3 2190/9/3
f 666/1/2 725/1/2 2192/11/3 2191/10/3
f 725/1/2 784/1/2 2193/12/3 2192/11/3
f 784/1/2 843/1/2 2194/13/3 2193/12/3
f 843/1/2 902/1/2 2195/14/8 2196/15/9 2194/13/3
f 2195/14/8 902/1/2 961/1/2 2197/16/8
f 2197/16/8 961/1/2 1020/1/2 2198/17/8
f 2198/17/8 1020/1/2 1079/1/2 2199/18/8
f 2199/18/8 1079/1/2 1138/1/10 2200/19/11
f 2/1/1 4/20/12 136/20/13 134/1/2
f 134/1/2 136/20/13 267/20/13 265/1/5
f 265/1/2 267/20/13 372/20/13 371/1/2
f 371/1/2 372/20/13 431/20/13 430/1/2
f 430/1/2 431/20/13 490/20/13 489/1/2
f 489/1/2 490/20/13 549/20/13 548/1/2
f 548/1/2 549/20/13 608/20/13 607/1/2
f 607/1/2 608/20/13 667/20/13 666/1/2
f 666/1/2 667/20/13 726/20/13 725/1/2
f 725/1/2 726/20/13 785/20/13 784/1/2
f 784/1/2 785/20/13 844/20/13 843/1/2
f 843/1/2 844/20/13 903/20/13 902/1/2
f 902/1/2 903/20/13 962/20/13 961/1/2
f 961/1/2 962/20/13 1021/20/13 1020/1/2
f 1020/1/2 1021/20/13 1080/20/13 1079/1/2
f 1079/1/2 1080/20/13 1139/20/14 1138/1/10
f 4/20/12 6/21/15 138/21/16 136/20/13
f 136/20/13 138/21/16 269/21/16 267/20/13
f 267/20/13 269/21/16 373/21/16 372/20/13
f 372/20/13 373/21/16 432/21/16 431/20/13
f 431/20/13 432/21/16 491/21/16 490/20/13
f 490/20/13 491/21/16 550/21/16 549/20/13
f 549/20/13 550/21/16 609/21/16 608/20/13
f 608/20/13 609/21/16 668/21/16 667/20/13
f 667/20/13 668/21/16 727/21/16 726/20/13
f 726/20/13 727/21/16 786/21/16 785/20/13
f 785/20/13 786/21/16 845/21/16 844/20/13
f 844/20/13 845/21/16 904/21/16 903/20/13
f 903/20/13 904/21/16 963/21/16 962/20/13
f 962/20/13 963/21/16 1022/21/16 1021/20/13
f 1021/20/13 1022/21/16 1081/21/16 1080/20/13
f 1080/20/13 1081/21/16 1140/21/17 1139/20/14
f 6/21/15 9/22/18 139/22/19 138/21/16
f 138/21/16 139/22/19 272/22/19 269/21/16
f 269/21/16 272/22/19 374/22/19 373/21/16
f 373/21/16 374/22/19 433/22/19 432/21/16
f 432/21/16 433/22/19 492/22/19 491/21/16
f 491/21/16 492/22/19 551/22/19 550/21/16
f 550/21/16 551/22/19 610/22/19 609/21/16
f 609/21/16 610/22/19 669/22/19 668/21/16
f 668/21/16 669/22/19 728/22/19 727/21/16
f 727/21/16 728/22/19 787/22/19 786/21/16
f 786/21/16 787/22/19 846/22/19 845/21/16
f 845/21/16 846/22/19 905/22/19 904/21/16
f 904/21/16 905/22/19 964/22/19 963/21/16
f 963/21/16 964/22/19 1023/22/19 1022/21/16
f 1022/21/16 1023/22/19 1082/22/19 1081/21/16
f 1081/21/16 1082/22/19 1141/22/20 1140/21/17
f 9/22/18 11/23/21 142/23/22 139/22/19
f 139/22/19 142/23/22 273/23/23 272/22/19
f 272/22/19 273/23/22 375/23/22 374/22/19
f 374/22/19 375/23/22 434/23/22 433/22/19
f 433/22/19 434/23/22 493/23/22 492/22/19
f 492/22/19 493/23/22 552/23/22 551/22/19
f 551/22/19 552/23/22 611/23/22 610/22/19
f 610/22/19 611/23/22 670/23/22 669/22/19
f 669/22/19 670/23/22 729/23/22 728/22/19
f 728/22/19 729/23/22 788/23/22 787/22/19
f 787/22/19 788/23/22 847/23/22 846/22/19
f 846/22/19 847/23/22 906/23/22 905/22/19
f 905/22/19 906/23/22 965/23/22 964/22/19
f 964/22/19 965/23/22 1024/23/22 1023/22/19
f 1023/22/19 1024/23/22 1083/23/22 1082/22/19
f 1082/22/19 1083/23/22 1142/23/24 1141/22/20
f 11/23/21 12/24/25 143/24/26 142/23/22
f 142/23/22 143/24/26 276/24/26 273/23/23
f 273/23/22 276/24/27 376/24/26 375/23/22
f 375/23/22 376/24/26 435/24/26 434/23/22
f 434/23/22 435/24/26 494/24/26 493/23/22
f 493/23/22 494/24/26 553/24/26 552/23/22
f 552/23/22 553/24/26 612/24/26 611/23/22
f 611/23/22 612/24/26 671/24/26 670/23/22
f 670/23/22 671/24/26 730/24/26 729/23/22
f 729/23/22 730/24/26 789/24/26 788/23/22
f 788/23/22 789/24/26 848/24/26 847/23/22
f 847/23/22 848/24/26 907/24/26 906/23/22
f 906/23/22 907/24/26 966/24/26 965/23/22
f 965/23/22 966/24/26 1025/24/26 1024/23/22
f 1024/23/22 1025/24/26 1084/24/26 1083/23/22
f 1083/23/22 1084/24/26 1143/24/28 1142/23/24
f 12/24/25 14/25/29 145/25/30 143/24/26
f 143/24/26 145/25/30 277/25/31 276/24/26
f 276/24/27 277/25/32 377/25/30 376/24/26
f 376/24/26 377/25/30 436/25/30 435/24/26
f 435/24/26 436/25/30 495/25/30 494/24/26
f 494/24/26 495/25/30 554/25/30 553/24/26
f 553/24/26 554/25/30 613/25/30 612/24/26
f 612/24/26 613/25/30 672/25/30 671/24/26
f 671/24/26 672/25/30 731/25/30 730/24/26
f 730/24/26 731/25/30 790/25/30 789/24/26
f 789/24/26 790/25/30 849/25/30 848/24/26
f 848/24/26 849/25/30 908/25/30 907/24/26
f 907/24/26 908/25/30 967/25/30 966/24/26
f 966/24/26 967/25/30 1026/25/30 1025/24/26
f 1025/24/26 1026/25/30 1085/25/30 1084/24/26
f 1084/24/26 1085/25/30 1144/25/33 1143/24/28
f 14/25/29 16/26/34 148/26/35 145/25/30
f 145/25/30 148/26/35 280/26/36 277/25/31
f 277/25/32 280/26/37 378/26/35 377/25/30
f 377/25/30 378/26/35 437/26/35 436/25/30
f 436/25/30 437/26/35 496/26/35 495/25/30
f 495/25/30 496/26/35 555/26/35 554/25/30
f 554/25/30 555/26/35 614/26/35 613/25/30
f 613/25/30 614/26/35 673/26/35 672/25/30
f 672/25/30 673/26/35 732/26/35 731/25/30
f 731/25/30 732/26/35 791/26/35 790/25/30
f 790/25/30 791/26/35 850/26/35 849/25/30
f 849/25/30 850/26/35 909/26/35 908/25/30
f 908/25/30 909/26/35 968/26/35 967/25/30
f 967/25/30 968/26/35 1027/26/35 1026/25/30
f 1026/25/30 1027/26/35 1086/26/35 1085/25/30
f 1085/25/30 1086/26/35 1145/26/38 1144/25/33
f 16/26/34 19/27/39 149/27/40 148/26/35
f 148/26/35 149/27/40 282/27/41 280/26/36
f 280/26/37 282/27/40 379/27/40 378/26/35
f 378/26/35 379/27/40 438/27/40 437/26/35
f 437/26/35 438/27/40 497/27/40 496/26/35
f 496/26/35 497/27/40 556/27/40 555/26/35
f 555/26/35 556/27/40 615/27/40 614/26/35
f 614/26/35 615/27/40 674/27/40 673/26/35
f 673/26/35 674/27/40 733/27/40 732/26/35
f 732/26/35 733/27/40 792/27/40 791/26/35
f 791/26/35 792/27/40 851/27/40 850/26/35
f 850/26/35 851/27/40 910/27/40 909/26/35
f 909/26/35 910/27/40 969/27/40 968/26/35
f 968/26/35 969/27/40 1028/27/40 1027/26/35
f 1027/26/35 1028/27/40 1087/27/40 1086/26/35
f 1086/26/35 1087/27/40 1146/27/42 1145/26/38
f 19/27/39 20/28/43 151/28/44 149/27/40
f 149/27/40 151/28/44 283/28/44 282/27/41
f 282/27/40 283/28/44 380/28/44 379/27/40
f 379/27/40 380/28/44 439/28/44 438/27/40
f 438/27/40 439/28/44 498/28/44 497/27/40
f 497/27/40 498/28/44 557/28/44 556/27/40
f 556/27/40 557/28/44 616/28/44 615/27/40
f 615/27/40 616/28/44 675/28/44 674/27/40
f 674/27/40 675/28/44 734/28/44 733/27/40
f 733/27/40 734/28/44 793/28/44 792/27/40
f 792/27/40 793/28/44 852/28/44 851/27/40
f 851/27/40 852/28/44 911/28/44 910/27/40
f 910/27/40 911/28/44 970/28/44 969/27/40
f 969/27/40 970/28/44 1029/28/44 1028/27/40
f 1028/27/40 1029/28/44 1088/28/44 1087/27/40
f 1087/27/40 1088/28/44 1147/28/45 1146/27/42
f 20/28/43 23/29/46 153/29/47 151/28/44
f 151/28/44 153/29/47 285/29/47 283/28/44
f 283/28/44 285/29/47 381/29/47 380/28/44
f 380/28/44 381/29/47 440/29/47 439/28/44
f 439/28/44 440/29/47 499/29/47 498/28/44
f 498/28/44 499/29/47 558/29/47 557/28/44
f 557/28/44 558/29/47 617/29/47 616/28/44
f 616/28/44 617/29/47 676/29/47 675/28/44
f 675/28/44 676/29/47 735/29/47 734/28/44
f 734/28/44 735/29/47 794/29/47 793/28/44
f 793/28/44 794/29/47 853/29/47 852/28/44
f 852/28/44 853/29/47 912/29/47 911/28/44
f 911/28/44 912/29/47 971/29/47 970/28/44
f 970/28/44 971/29/47 1030/29/47 1029/28/44
f 1029/28/44 1030/29/47 1089/29/47 1088/28/44
f 1088/28/44 1089/29/47 1148/29/48 1147/28/45
f 23/29/46 25/30/49 156/30/50 153/29/47
f 153/29/47 156/30/50 287/30/50 285/29/47
f 285/29/47 287/30/50 382/30/50 381/29/47
f 381/29/47 382/30/50 441/30/50 440/29/47
f 440/29/47 441/30/50 500/30/50 499/29/47
f 499/29/47 500/30/50 559/30/50 558/29/47
f 558/29/47 559/30/50 618/30/50 617/29/47
f 617/29/47 618/30/50 677/30/50 676/29/47
f 676/29/47 677/30/50 736/30/50 735/29/47
f 735/29/47 736/30/50 795/30/50 794/29/47
f 794/29/47 795/30/50 854/30/50 853/29/47
f 853/29/47 854/30/50 913/30/50 912/29/47
f 912/29/47 913/30/50 972/30/50 971/29/47
f 971/29/47 972/30/50 1031/30/50 1030/29/47
f 1030/29/47 1031/30/50 1090/30/50 1089/29/47
f 1089/29/47 1090/30/50 1149/30/51 1148/29/48
f 25/30/49 27/31/52 157/31/53 156/30/50
f 156/30/50 157/31/53 290/31/53 287/30/50
f 287/30/50 290/31/53 383/31/53 382/30/50
f 382/30/50 383/31/53 442/31/53 441/30/50
f 441/30/50 442/31/53 501/31/53 500/30/50
f 500/30/50 501/31/53 560/31/53 559/30/50
f 559/30/50 560/31/53 619/31/53 618/30/50
f 618/30/50 619/31/53 678/31/53 677/30/50
f 677/30/50 678/31/53 737/31/53 736/30/50
f 736/30/50 737/31/53 796/31/53 795/30/50
f 795/30/50 796/31/53 855/31/53 854/30/50
f 854/30/50 855/31/53 914/31/53 913/30/50
f 913/30/50 914/31/53 973/31/53 972/30/50
f 972/30/50 973/31/53 1032/31/53 1031/30/50
f 1031/30/50 1032/31/53 1091/31/53 1090/30/50
f 1090/30/50 1091/31/53 1150/31/54 1149/30/51
f 27/31/52 28/32/55 159/32/56 157/31/53
f 157/31/53 159/32/56 291/32/56 290/31/53
f 290/31/53 291/32/56 384/32/56 383/31/53
f 383/31/53 384/32/56 443/32/56 442/31/53
f 442/31/53 443/32/56 502/32/56 501/31/53
f 501/31/53 502/32/56 561/32/56 560/31/53
f 560/31/53 561/32/56 620/32/56 619/31/53
f 619/31/53 620/32/56 679/32/56 678/31/53
f 678/31/53 679/32/56 738/32/56 737/31/53
f 737/31/53 738/32/56 797/32/56 796/31/53
f 796/31/53 797/32/56 856/32/56 855/31/53
f 855/31/53 856/32/56 915/32/56 914/31/53
f 914/31/53 915/32/56 974/32/56 973/31/53
f 973/31/53 974/32/56 1033/32/56 1032/31/53
f 1032/31/53 1033/32/56 1092/32/56 1091/31/53
f 1091/31/53 1092/32/56 1151/32/57 1150/31/54
f 28/32/55 31/33/58 161/33/59 159/32/56
f 159/32/56 161/33/59 293/33/59 291/32/56
f 291/32/56 293/33/59 385/33/59 384/32/56
f 384/32/56 385/33/59 444/33/59 443/32/56
f 443/32/56 444/33/59 503/33/59 502/32/56
f 502/32/56 503/33/59 562/33/59 561/32/56
f 561/32/56 562/33/59 621/33/59 620/32/56
f 620/32/56 621/33/59 680/33/59 679/32/56
f 679/32/56 680/33/59 739/33/59 738/32/56
f 738/32/56 739/33/59 798/33/59 797/32/56
f 797/32/56 798/33/59 857/33/59 856/32/56
f 856/32/56 857/33/59 916/33/59 915/32/56
f 915/32/56 916/33/59 975/33/59 974/32/56
f 974/32/56 975/33/59 1034/33/59 1033/32/56
f 1033/32/56 1034/33/59 1093/33/59 1092/32/56
f 1092/32/56 1093/33/59 1152/33/60 1151/32/57
f 31/33/58 33/34/61 163/34/62 161/33/59
f 161/33/59 163/34/62 295/34/62 293/33/59
f 293/33/59 295/34/62 386/34/62 385/33/59
f 385/33/59 386/34/62 445/34/62 444/33/59
f 444/33/59 445/34/62 504/34/62 503/33/59
f 503/33/59 504/34/62 563/34/62 562/33/59
f 562/33/59 563/34/62 622/34/62 621/33/59
f 621/33/59 622/34/62 681/34/62 680/33/59
f 680/33/59 681/34/62 740/34/62 739/33/59
f 739/33/59 740/34/62 799/34/62 798/33/59
f 798/33/59 799/34/62 858/34/62 857/33/59
f 857/33/59 858/34/62 917/34/62 916/33/59
f 916/33/59 917/34/62 976/34/62 975/33/59
f 975/33/59 976/34/62 1035/34/62 1034/33/59
f 1034/33/59 1035/34/62 1094/34/62 1093/33/59
f 1093/33/59 1094/34/62 1153/34/63 1152/33/60
f 33/34/61 35/35/64 165/35/65 163/34/62
f 163/34/62 165/35/65 298/35/65 295/34/62
f 295/34/62 298/35/65 387/35/65 386/34/62
f 386/34/62 387/35/65 446/35/65 445/34/62
f 445/34/62 446/35/65 505/35/65 504/34/62
f 504/34/62 505/35/65 564/35/65 563/34/62
f 563/34/62 564/35/65 623/35/65 622/34/62
f 622/34/62 623/35/65 682/35/65 681/34/62
f 681/34/62 682/35/65 741/35/65 740/34/62
f 740/34/62 741/35/65 800/35/65 799/34/62
f 799/34/62 800/35/65 859/35/65 858/34/62
f 858/34/62 859/35/65 918/35/65 917/34/62
f 917/34/62 918/35/65 977/35/65 976/34/62
f 976/34/62 977/35/65 1036/35/65 1035/34/62
f 1035/34/62 1036/35/65 1095/35/65 1094/34/62
f 1094/34/62 1095/35/65 1154/35/66 1153/34/63
f 35/35/64 37/36/67 168/36/68 165/35/65
f 165/35/65 168/36/68 300/36/68 298/35/65
f 298/35/65 300/36/68 388/36/68 387/35/65
f 387/35/65 388/36/68 447/36/68 446/35/65
f 446/35/65 447/36/68 506/36/68 505/35/65
f 505/35/65 506/36/68 565/36/68 564/35/65
f 564/35/65 565/36/68 624/36/68 623/35/65
f 623/35/65 624/36/68 683/36/68 682/35/65
f 682/35/65 683/36/68 742/36/68 741/35/65
f 741/35/65 742/36/68 801/36/68 800/35/65
f 800/35/65 801/36/68 860/36/68 859/35/65
f 859/35/65 860/36/68 919/36/68 918/35/65
f 918/35/65 919/36/68 978/36/68 977/35/65
f 977/35/65 978/36/68 1037/36/68 1036/35/65
f 1036/35/65 1037/36/68 1096/36/68 1095/35/65
f 1095/35/65 1096/36/68 1155/36/69 1154/35/66
f 37/36/67 39/37/70 170/37/71 168/36/68
f 168/36/68 170/37/71 301/37/71 300/36/68
f 300/36/68 301/37/71 389/37/71 388/36/68
f 388/36/68 389/37/71 448/37/71 447/36/68
f 447/36/68 448/37/71 507/37/71 506/36/68
f 506/36/68 507/37/71 566/37/71 565/36/68
f 565/36/68 566/37/71 625/37/71 624/36/68
f 624/36/68 625/37/71 684/37/71 683/36/68
f 683/36/68 684/37/71 743/37/71 742/36/68
f 742/36/68 743/37/71 802/37/71 801/36/68
f 801/36/68 802/37/71 861/37/71 860/36/68
f 860/36/68 861/37/71 920/37/71 919/36/68
f 919/36/68 920/37/71 979/37/71 978/36/68
f 978/36/68 979/37/71 1038/37/71 1037/36/68
f 1037/36/68 1038/37/71 1097/37/71 1096/36/68
f 1096/36/68 1097/37/71 1156/37/72 1155/36/69
f 39/37/70 41/38/73 172/38/74 170/37/71
f 170/37/71 172/38/74 304/38/74 301/37/71
f 301/37/71 304/38/75 390/38/74 389/37/71
f 389/37/71 390/38/74 449/38/74 448/37/71
f 448/37/71 449/38/74 508/38/74 507/37/71
f 507/37/71 508/38/74 567/38/74 566/37/71
f 566/37/71 567/38/74 626/38/74 625/37/71
f 625/37/71 626/38/74 685/38/74 684/37/71
f 684/37/71 685/38/74 744/38/74 743/37/71
f 743/37/71 744/38/74 803/38/74 802/37/71
f 802/37/71 803/38/74 862/38/74 861/37/71
f 861/37/71 862/38/74 921/38/74 920/37/71
f 920/37/71 921/38/74 980/38/74 979/37/71
f 979/37/71 980/38/74 1039/38/74 1038/37/71
f 1038/37/71 1039/38/74 1098/38/74 1097/37/71
f 1097/37/71 1098/38/74 1157/38/76 1156/37/72
f 41/38/73 42/39/77 174/39/78 172/38/74
f 172/38/74 174/39/78 306/39/78 304/38/74
f 304/38/75 306/39/79 391/39/78 390/38/74
f 390/38/74 391/39/78 450/39/78 449/38/74
f 449/38/74 450/39/78 509/39/78 508/38/74
f 508/38/74 509/39/78 568/39/78 567/38/74
f 567/38/74 568/39/78 627/39/78 626/38/74
f 626/38/74 627/39/78 686/39/78 685/38/74
f 685/38/74 686/39/78 745/39/78 744/38/74
f 744/38/74 745/39/78 804/39/78 803/38/74
f 803/38/74 804/39/78 863/39/78 862/38/74
f 862/38/74 863/39/78 922/39/78 921/38/74
f 921/38/74 922/39/78 981/39/78 980/38/74
f 980/38/74 981/39/78 1040/39/78 1039/38/74
f 1039/38/74 1040/39/78 1099/39/78 1098/38/74
f 1098/38/74 1099/39/78 1158/39/80 1157/38/76
f 42/39/77 45/40/81 176/40/82 174/39/78
f 174/39/78 176/40/82 308/40/83 306/39/78
f 306/39/79 308/40/82 392/40/82 391/39/78
f 391/39/78 392/40/82 451/40/82 450/39/78
f 450/39/78 451/40/82 510/40/82 509/39/78
f 509/39/78 510/40/82 569/40/82 568/39/78
f 568/39/78 569/40/82 628/40/82 627/39/78
f 627/39/78 628/40/82 687/40/82 686/39/78
f 686/39/78 687/40/82 746/40/82 745/39/78
f 745/39/78 746/40/82 805/40/82 804/39/78
f 804/39/78 805/40/82 864/40/82 863/39/78
f 863/39/78 864/40/82 923/40/82 922/39/78
f 922/39/78 923/40/82 982/40/82 981/39/78
f 981/39/78 982/40/82 1041/40/82 1040/39/78
f 1040/39/78 1041/40/82 1100/40/82 1099/39/78
f 1099/39/78 1100/40/82 1159/40/84 1158/39/80
f 45/40/81 46/41/85 178/41/86 176/40/82
f 176/40/82 178/41/86 309/41/86 308/40/83
f 308/40/82 309/41/86 393/41/86 392/40/82
f 392/40/82 393/41/86 452/41/86 451/40/82
f 451/40/82 452/41/86 511/41/86 510/40/82
f 510/40/82 511/41/86 570/41/86 569/40/82
f 569/40/82 570/41/86 629/41/86 628/40/82
f 628/40/82 629/41/86 688/41/86 687/40/82
f 687/40/82 688/41/86 747/41/86 746/40/82
f 746/40/82 747/41/86 806/41/86 805/40/82
f 805/40/82 806/41/86 865/41/86 864/40/82
f 864/40/82 865/41/86 924/41/86 923/40/82
f 923/40/82 924/41/86 983/41/86 982/40/82
f 982/40/82 983/41/86 1042/41/86 1041/40/82
f 1041/40/82 1042/41/86 1101/41/86 1100/40/82
f 1100/40/82 1101/41/86 1160/41/87 1159/40/84
f 46/41/85 49/42/88 180/42/89 178/41/86
f 178/41/86 180/42/89 312/42/90 309/41/86
f 309/41/86 312/42/89 394/42/89 393/41/86
f 393/41/86 394/42/89 453/42/89 452/41/86
f 452/41/86 453/42/89 512/42/89 511/41/86
f 511/41/86 512/42/89 571/42/89 570/41/86
f 570/41/86 571/42/89 630/42/89 629/41/86
f 629/41/86 630/42/89 689/42/89 688/41/86
f 688/41/86 689/42/89 748/42/89 747/41/86
f 747/41/86 748/42/89 807/42/89 806/41/86
f 806/41/86 807/42/89 866/42/89 865/41/86
f 865/41/86 866/42/89 925/42/89 924/41/86
f 924/41/86 925/42/89 984/42/89 983/41/86
f 983/41/86 984/42/89 1043/42/89 1042/41/86
f 1042/41/86 1043/42/89 1102/42/89 1101/41/86
f 1101/41/86 1102/42/89 1161/42/91 1160/41/87
f 49/42/88 51/43/92 181/43/93 180/42/89
f 180/42/89 181/43/93 314/43/94 312/42/90
f 312/42/89 314/43/95 395/43/93 394/42/89
f 394/42/89 395/43/93 454/43/93 453/42/89
f 453/42/89 454/43/93 513/43/93 512/42/89
f 512/42/89 513/43/93 572/43/93 571/42/89
f 571/42/89 572/43/93 631/43/93 630/42/89
f 630/42/89 631/43/93 690/43/93 689/42/89
f 689/42/89 690/43/93 749/43/93 748/42/89
f 748/42/89 749/43/93 808/43/96 807/42/89
f 807/42/89 808/43/96 867/43/93 866/42/89
f 866/42/89 867/43/93 926/43/93 925/42/89
f 925/42/89 926/43/93 985/43/93 984/42/89
f 984/42/89 985/43/93 1044/43/93 1043/42/89
f 1043/42/89 1044/43/93 1103/43/93 1102/42/89
f 1102/42/89 1103/43/93 1162/43/97 1161/42/91
f 51/43/92 53/44/98 183/44/99 181/43/93
f 181/43/93 183/44/99 315/44/100 314/43/94
f 314/43/95 315/44/101 396/44/102 395/43/93
f 395/43/93 396/44/102 455/44/102 454/43/93
f 454/43/93 455/44/102 514/44/102 513/43/93
f 513/43/93 514/44/102 573/44/102 572/43/93
f 572/43/93 573/44/102 632/44/102 631/43/93
f 631/43/93 632/44/102 691/44/99 690/43/93
f 690/43/93 691/44/99 750/44/99 749/43/93
f 749/43/93 750/44/99 809/44/102 808/43/96
f 808/43/96 809/44/102 868/44/102 867/43/93
f 867/43/93 868/44/102 927/44/102 926/43/93
f 926/43/93 927/44/102 986/44/102 985/43/93
f 985/43/93 986/44/102 1045/44/99 1044/43/93
f 1044/43/93 1045/44/99 1104/44/99 1103/43/93
f 1103/43/93 1104/44/99 1163/44/103 1162/43/97
f 53/44/98 55/45/104 186/45/105 183/44/99
f 183/44/99 186/45/105 317/45/106 315/44/100
f 315/44/101 317/45/107 397/45/105 396/44/102
f 396/44/102 397/45/105 456/45/105 455/44/102
f 455/44/102 456/45/105 515/45/105 514/44/102
f 514/44/102 515/45/105 574/45/105 573/44/102
f 573/44/102 574/45/105 633/45/105 632/44/102
f 632/44/102 633/45/105 692/45/105 691/44/99
f 691/44/99 692/45/105 751/45/105 750/44/99
f 750/44/99 751/45/105 810/45/105 809/44/102
f 809/44/102 810/45/105 869/45/105 868/44/102
f 868/44/102 869/45/105 928/45/105 927/44/102
f 927/44/102 928/45/105 987/45/105 986/44/102
f 986/44/102 987/45/105 1046/45/105 1045/44/99
f 1045/44/99 1046/45/105 1105/45/105 1104/44/99
f 1104/44/99 1105/45/105 1164/45/108 1163/44/103
f 55/45/104 57/46/109 188/46/110 186/45/105
f 186/45/105 188/46/110 319/46/111 317/45/106
f 317/45/107 319/46/112 398/46/110 397/45/105
f 397/45/105 398/46/110 457/46/110 456/45/105
f 456/45/105 457/46/110 516/46/110 515/45/105
f 515/45/105 516/46/110 575/46/110 574/45/105
f 574/45/105 575/46/110 634/46/110 633/45/105
f 633/45/105 634/46/110 693/46/110 692/45/105
f 692/45/105 693/46/110 752/46/110 751/45/105
f 751/45/105 752/46/110 811/46/110 810/45/105
f 810/45/105 811/46/110 870/46/110 869/45/105
f 869/45/105 870/46/110 929/46/110 928/45/105
f 928/45/105 929/46/110 988/46/110 987/45/105
f 987/45/105 988/46/110 1047/46/110 1046/45/105
f 1046/45/105 1047/46/110 1106/46/110 1105/45/105
f 1105/45/105 1106/46/110 1165/46/113 1164/45/108
f 57/46/109 59/47/114 189/47/115 188/46/110
f 188/46/110 189/47/115 322/47/116 319/46/111
f 319/46/112 322/47/117 399/47/115 398/46/110
f 398/46/110 399/47/115 458/47/115 457/46/110
f 457/46/110 458/47/115 517/47/115 516/46/110
f 516/46/110 517/47/115 576/47/115 575/46/110
f 575/46/110 576/47/115 635/47/115 634/46/110
f 634/46/110 635/47/115 694/47/115 693/46/110
f 693/46/110 694/47/115 753/47/115 752/46/110
f 752/46/110 753/47/115 812/47/115 811/46/110
f 811/46/110 812/47/115 871/47/115 870/46/110
f 870/46/110 871/47/115 930/47/115 929/46/110
f 929/46/110 930/47/115 989/47/115 988/46/110
f 988/46/110 989/47/115 1048/47/115 1047/46/110
f 1047/46/110 1048/47/115 1107/47/115 1106/46/110
f 1106/46/110 1107/47/115 1166/47/118 1165/46/113
f 59/47/114 61/48/119 191/48/120 189/47/115
f 189/47/115 191/48/120 324/48/121 322/47/116
f 322/47/117 324/48/122 400/48/120 399/47/115
f 399/47/115 400/48/120 459/48/120 458/47/115
f 458/47/115 459/48/120 518/48/120 517/47/115
f 517/47/115 518/48/120 577/48/120 576/47/115
f 576/47/115 577/48/120 636/48/120 635/47/115
f 635/47/115 636/48/120 695/48/120 694/47/115
f 694/47/115 695/48/120 754/48/120 753/47/115
f 753/47/115 754/48/120 813/48/120 812/47/115
f 812/47/115 813/48/120 872/48/120 871/47/115
f 871/47/115 872/48/120 931/48/120 930/47/115
f 930/47/115 931/48/120 990/48/120 989/47/115
f 989/47/115 990/48/120 1049/48/120 1048/47/115
f 1048/47/115 1049/48/120 1108/48/120 1107/47/115
f 1107/47/115 1108/48/120 1167/48/123 1166/47/118
f 61/48/119 62/49/124 193/49/125 191/48/120
f 191/48/120 193/49/125 325/49/126 324/48/121
f 324/48/122 325/49/127 401/49/125 400/48/120
f 400/48/120 401/49/125 460/49/125 459/48/120
f 459/48/120 460/49/125 519/49/125 518/48/120
f 518/48/120 519/49/125 578/49/125 577/48/120
f 577/48/120 578/49/125 637/49/125 636/48/120
f 636/48/120 637/49/125 696/49/125 695/48/120
f 695/48/120 696/49/125 755/49/125 754/48/120
f 754/48/120 755/49/125 814/49/125 813/48/120
f 813/48/120 814/49/125 873/49/125 872/48/120
f 872/48/120 873/49/125 932/49/125 931/48/120
f 931/48/120 932/49/125 991/49/125 990/48/120
f 990/48/120 991/49/125 1050/49/125 1049/48/120
f 1049/48/120 1050/49/125 1109/49/125 1108/48/120
f 1108/48/120 1109/49/125 1168/49/128 1167/48/123
f 62/49/124 64/50/129 195/50/130 193/49/125
f 193/49/125 195/50/130 328/50/131 325/49/126
f 325/49/127 328/50/132 402/50/130 401/49/125
f 401/49/125 402/50/130 461/50/130 460/49/125
f 460/49/125 461/50/130 520/50/130 519/49/125
f 519/49/125 520/50/130 579/50/130 578/49/125
f 578/49/125 579/50/130 638/50/133 637/49/125
f 637/49/125 638/50/133 697/50/130 696/49/125
f 696/49/125 697/50/130 756/50/130 755/49/125
f 755/49/125 756/50/130 815/50/130 814/49/125
f 814/49/125 815/50/130 874/50/130 873/49/125
f 873/49/125 874/50/130 933/50/130 932/49/125
f 932/49/125 933/50/130 992/50/130 991/49/125
f 991/49/125 992/50/130 1051/50/130 1050/49/125
f 1050/49/125 1051/50/130 1110/50/130 1109/49/125
f 1109/49/125 1110/50/130 1169/50/134 1168/49/128
f 64/50/129 66/51/135 197/51/136 195/50/130
f 195/50/130 197/51/136 330/51/137 328/50/131
f 328/50/132 330/51/138 403/51/136 402/50/130
f 402/50/130 403/51/136 462/51/136 461/50/130
f 461/50/130 462/51/136 521/51/136 520/50/130
f 520/50/130 521/51/136 580/51/136 579/50/130
f 579/50/130 580/51/136 639/51/136 638/50/133
f 638/50/133 639/51/136 698/51/139 697/50/130
f 697/50/130 698/51/139 757/51/139 756/50/130
f 756/50/130 757/51/139 816/51/139 815/50/130
f 815/50/130 816/51/139 875/51/136 874/50/130
f 874/50/130 875/51/136 934/51/136 933/50/130
f 933/50/130 934/51/136 993/51/136 992/50/130
f 992/50/130 993/51/136 1052/51/136 1051/50/130
f 1051/50/130 1052/51/136 1111/51/136 1110/50/130
f 1110/50/130 1111/51/136 1170/51/140 1169/50/134
f 66/51/135 68/52/141 199/52/142 197/51/136
f 197/51/136 199/52/142 331/52/143 330/51/137
f 330/51/138 331/52/144 404/52/142 403/51/136
f 403/51/136 404/52/142 463/52/142 462/51/136
f 462/51/136 463/52/142 522/52/142 521/51/136
f 521/51/136 522/52/142 581/52/142 580/51/136
f 580/51/136 581/52/142 640/52/142 639/51/136
f 639/51/136 640/52/142 699/52/142 698/51/139
f 698/51/139 699/52/142 758/52/142 757/51/139
f 757/51/139 758/52/142 817/52/142 816/51/139
f 816/51/139 817/52/142 876/52/142 875/51/136
f 875/51/136 876/52/142 935/52/142 934/51/136
f 934/51/136 935/52/142 994/52/142 993/51/136
f 993/51/136 994/52/142 1053/52/142 1052/51/136
f 1052/51/136 1053/52/142 1112/52/142 1111/51/136
f 1111/51/136 1112/52/142 1171/52/145 1170/51/140
f 68/52/141 70/53/146 201/53/147 199/52/142
f 199/52/142 201/53/147 334/53/148 331/52/143
f 331/52/144 334/53/149 405/53/147 404/52/142
f 404/52/142 405/53/147 464/53/147 463/52/142
f 463/52/142 464/53/147 523/53/147 522/52/142
f 522/52/142 523/53/147 582/53/147 581/52/142
f 581/52/142 582/53/147 641/53/147 640/52/142
f 640/52/142 641/53/147 700/53/147 699/52/142
f 699/52/142 700/53/147 759/53/147 758/52/142
f 758/52/142 759/53/147 818/53/147 817/52/142
f 817/52/142 818/53/147 877/53/147 876/52/142
f 876/52/142 877/53/147 936/53/147 935/52/142
f 935/52/142 936/53/147 995/53/147 994/52/142
f 994/52/142 995/53/147 1054/53/147 1053/52/142
f 1053/52/142 1054/53/147 1113/53/147 1112/52/142
f 1112/52/142 1113/53/147 1172/53/150 1171/52/145
f 70/53/146 72/54/151 204/54/152 201/53/147
f 201/53/147 204/54/152 335/54/152 334/53/148
f 334/53/149 335/54/152 406/54/152 405/53/147
f 405/53/147 406/54/152 465/54/152 464/53/147
f 464/53/147 465/54/152 524/54/152 523/53/147
f 523/53/147 524/54/152 583/54/152 582/53/147
f 582/53/147 583/54/152 642/54/152 641/53/147
f 641/53/147 642/54/152 701/54/152 700/53/147
f 700/53/147 701/54/152 760/54/152 759/53/147
f 759/53/147 760/54/152 819/54/152 818/53/147
f 818/53/147 819/54/152 878/54/152 877/53/147
f 877/53/147 878/54/152 937/54/152 936/53/147
f 936/53/147 937/54/152 996/54/152 995/53/147
f 995/53/147 996/54/152 1055/54/152 1054/53/147
f 1054/53/147 1055/54/152 1114/54/152 1113/53/147
f 1113/53/147 1114/54/152 1173/54/153 1172/53/150
f 72/54/151 75/55/154 206/55/155 204/54/152
f 204/54/152 206/55/155 336/55/155 335/54/152
f 335/54/152 336/55/155 407/55/155 406/54/152
f 406/54/152 407/55/155 466/55/155 465/54/152
f 465/54/152 466/55/155 525/55/155 524/54/152
f 524/54/152 525/55/155 584/55/155 583/54/152
f 583/54/152 584/55/155 643/55/155 642/54/152
f 642/54/152 643/55/155 702/55/155 701/54/152
f 701/54/152 702/55/155 761/55/155 760/54/152
f 760/54/152 761/55/155 820/55/155 819/54/152
f 819/54/152 820/55/155 879/55/155 878/54/152
f 878/54/152 879/55/155 938/55/155 937/54/152
f 937/54/152 938/55/155 997/55/155 996/54/152
f 996/54/152 997/55/155 1056/55/155 1055/54/152
f 1055/54/152 1056/55/155 1115/55/155 1114/54/152
f 1114/54/152 1115/55/155 1174/55/156 1173/54/153
f 75/55/154 77/56/157 208/56/158 206/55/155
f 206/55/155 208/56/158 337/56/158 336/55/155
f 336/55/155 337/56/158 408/56/158 407/55/155
f 407/55/155 408/56/158 467/56/158 466/55/155
f 466/55/155 467/56/158 526/56/158 525/55/155
f 525/55/155 526/56/158 585/56/158 584/55/155
f 584/55/155 585/56/158 644/56/158 643/55/155
f 643/55/155 644/56/158 703/56/158 702/55/155
f 702/55/155 703/56/158 762/56/158 761/55/155
f 761/55/155 762/56/158 821/56/158 820/55/155
f 820/55/155 821/56/158 880/56/158 879/55/155
f 879/55/155 880/56/158 939/56/158 938/55/155
f 938/55/155 939/56/158 998/56/158 997/55/155
f 997/55/155 998/56/158 1057/56/158 1056/55/155
f 1056/55/155 1057/56/158 1116/56/158 1115/55/155
f 1115/55/155 1116/56/158 1175/56/159 1174/55/156
f 77/56/157 79/57/160 210/57/161 208/56/158
f 208/56/158 210/57/161 338/57/161 337/56/158
f 337/56/158 338/57/161 409/57/161 408/56/158
f 408/56/158 409/57/161 468/57/161 467/56/158
f 467/56/158 468/57/161 527/57/161 526/56/158
f 526/56/158 527/57/161 586/57/161 585/56/158
f 585/56/158 586/57/161 645/57/161 644/56/158
f 644/56/158 645/57/161 704/57/161 703/56/158
f 703/56/158 704/57/161 763/57/161 762/56/158
f 762/56/158 763/57/161 822/57/161 821/56/158
f 821/56/158 822/57/161 881/57/161 880/56/158
f 880/56/158 881/57/161 940/57/161 939/56/158
f 939/56/158 940/57/161 999/57/161 998/56/158
f 998/56/158 999/57/161 1058/57/161 1057/56/158
f 1057/56/158 1058/57/161 1117/57/161 1116/56/158
f 1116/56/158 1117/57/161 1176/57/162 1175/56/159
f 79/57/160 81/58/163 211/58/164 210/57/161
f 210/57/161 211/58/164 339/58/164 338/57/161
f 338/57/161 339/58/164 410/58/164 409/57/161
f 409/57/161 410/58/164 469/58/164 468/57/161
f 468/57/161 469/58/164 528/58/164 527/57/161
f 527/57/161 528/58/164 587/58/164 586/57/161
f 586/57/161 587/58/164 646/58/164 645/57/161
f 645/57/161 646/58/164 705/58/164 704/57/161
f 704/57/161 705/58/164 764/58/164 763/57/161
f 763/57/161 764/58/164 823/58/164 822/57/161
f 822/57/161 823/58/164 882/58/164 881/57/161
f 881/57/161 882/58/164 941/58/164 940/57/161
f 940/57/161 941/58/164 1000/58/164 999/57/161
f 999/57/161 1000/58/164 1059/58/164 1058/57/161
f 1058/57/161 1059/58/164 1118/58/164 1117/57/161
f 1117/57/161 1118/58/164 1177/58/165 1176/57/162
f 81/58/163 83/59/166 213/59/167 211/58/164
f 211/58/164 213/59/167 340/59/167 339/58/164
f 339/58/164 340/59/167 411/59/167 410/58/164
f 410/58/164 411/59/167 470/59/167 469/58/164
f 469/58/164 470/59/167 529/59/167 528/58/164
f 528/58/164 529/59/167 588/59/167 587/58/164
f 587/58/164 588/59/167 647/59/167 646/58/164
f 646/58/164 647/59/167 706/59/167 705/58/164
f 705/58/164 706/59/167 765/59/167 764/58/164
f 764/58/164 765/59/167 824/59/167 823/58/164
f 823/58/164 824/59/167 883/59/167 882/58/164
f 882/58/164 883/59/167 942/59/167 941/58/164
f 941/58/164 942/59/167 1001/59/167 1000/58/164
f 1000/58/164 1001/59/167 1060/59/167 1059/58/164
f 1059/58/164 1060/59/167 1119/59/167 1118/58/164
f 1118/58/164 1119/59/167 1178/59/168 1177/58/165
f 83/59/166 85/60/169 216/60/170 213/59/167
f 213/59/167 216/60/170 341/60/170 340/59/167
f 340/59/167 341/60/170 412/60/170 411/59/167
f 411/59/167 412/60/170 471/60/170 470/59/167
f 470/59/167 471/60/170 530/60/170 529/59/167
f 529/59/167 530/60/170 589/60/170 588/59/167
f 588/59/167 589/60/170 648/60/170 647/59/167
f 647/59/167 648/60/170 707/60/170 706/59/167
f 706/59/167 707/60/170 766/60/170 765/59/167
f 765/59/167 766/60/170 825/60/170 824/59/167
f 824/59/167 825/60/170 884/60/170 883/59/167
f 883/59/167 884/60/170 943/60/170 942/59/167
f 942/59/167 943/60/170 1002/60/170 1001/59/167
f 1001/59/167 1002/60/170 1061/60/170 1060/59/167
f 1060/59/167 1061/60/170 1120/60/170 1119/59/167
f 1119/59/167 1120/60/170 1179/60/171 1178/59/168
f 85/60/169 86/61/172 218/61/173 216/60/170
f 216/60/170 218/61/173 342/61/173 341/60/170
f 341/60/170 342/61/174 413/61/173 412/60/170
f 412/60/170 413/61/173 472/61/173 471/60/170
f 471/60/170 472/61/173 531/61/173 530/60/170
f 530/60/170 531/61/173 590/61/173 589/60/170
f 589/60/170 590/61/173 649/61/173 648/60/170
f 648/60/170 649/61/173 708/61/173 707/60/170
f 707/60/170 708/61/173 767/61/173 766/60/170
f 766/60/170 767/61/173 826/61/173 825/60/170
f 825/60/170 826/61/173 885/61/173 884/60/170
f 884/60/170 885/61/173 944/61/173 943/60/170
f 943/60/170 944/61/173 1003/61/173 1002/60/170
f 1002/60/170 1003/61/173 1062/61/173 1061/60/170
f 1061/60/170 1062/61/173 1121/61/173 1120/60/170
f 1120/60/170 1121/61/173 1180/61/175 1179/60/171
f 86/61/172 89/62/176 220/62/177 218/61/173
f 218/61/173 220/62/177 343/62/177 342/61/173
f 342/61/174 343/62/178 414/62/177 413/61/173
f 413/61/173 414/62/177 473/62/177 472/61/173
f 472/61/173 473/62/177 532/62/177 531/61/173
f 531/61/173 532/62/177 591/62/177 590/61/173
f 590/61/173 591/62/177 650/62/177 649/61/173
f 649/61/173 650/62/177 709/62/177 708/61/173
f 708/61/173 709/62/177 768/62/177 767/61/173
f 767/61/173 768/62/177 827/62/177 826/61/173
f 826/61/173 827/62/177 886/62/177 885/61/173
f 885/61/173 886/62/177 945/62/177 944/61/173
f 944/61/173 945/62/177 1004/62/177 1003/61/173
f 1003/61/173 1004/62/177 1063/62/177 1062/61/173
f 1062/61/173 1063/62/177 1122/62/177 1121/61/173
f 1121/61/173 1122/62/177 1181/62/179 1180/61/175
f 89/62/176 90/63/180 222/63/181 220/62/177
f 220/62/177 222/63/181 344/63/181 343/62/177
f 343/62/178 344/63/181 415/63/181 414/62/177
f 414/62/177 415/63/181 474/63/181 473/62/177
f 473/62/177 474/63/181 533/63/181 532/62/177
f 532/62/177 533/63/181 592/63/181 591/62/177
f 591/62/177 592/63/181 651/63/181 650/62/177
f 650/62/177 651/63/181 710/63/181 709/62/177
f 709/62/177 710/63/181 769/63/181 768/62/177
f 768/62/177 769/63/181 828/63/181 827/62/177
f 827/62/177 828/63/181 887/63/181 886/62/177
f 886/62/177 887/63/181 946/63/181 945/62/177
f 945/62/177 946/63/181 1005/63/181 1004/62/177
f 1004/62/177 1005/63/181 1064/63/181 1063/62/177
f 1063/62/177 1064/63/181 1123/63/181 1122/62/177
f 1122/62/177 1123/63/181 1182/63/182 1181/62/179
f 90/63/180 92/64/183 223/64/184 222/63/181
f 222/63/181 223/64/184 345/64/184 344/63/181
f 344/63/181 345/64/185 416/64/184 415/63/181
f 415/63/181 416/64/184 475/64/184 474/63/181
f 474/63/181 475/64/184 534/64/184 533/63/181
f 533/63/181 534/64/184 593/64/184 592/63/181
f 592/63/181 593/64/184 652/64/184 651/63/181
f 651/63/181 652/64/184 711/64/184 710/63/181
f 710/63/181 711/64/184 770/64/184 769/63/181
f 769/63/181 770/64/184 829/64/184 828/63/181
f 828/63/181 829/64/184 888/64/184 887/63/181
f 887/63/181 888/64/184 947/64/184 946/63/181
f 946/63/181 947/64/184 1006/64/184 1005/63/181
f 1005/63/181 1006/64/184 1065/64/184 1064/63/181
f 1064/63/181 1065/64/184 1124/64/184 1123/63/181
f 1123/63/181 1124/64/184 1183/64/186 1182/63/182
f 92/64/183 94/65/187 226/65/188 223/64/184
f 223/64/184 226/65/188 346/65/188 345/64/184
f 345/64/185 346/65/188 417/65/188 416/64/184
f 416/64/184 417/65/188 476/65/188 475/64/184
f 475/64/184 476/65/188 535/65/188 534/64/184
f 534/64/184 535/65/188 594/65/188 593/64/184
f 593/64/184 594/65/188 653/65/188 652/64/184
f 652/64/184 653/65/188 712/65/188 711/64/184
f 711/64/184 712/65/188 771/65/188 770/64/184
f 770/64/184 771/65/188 830/65/188 829/64/184
f 829/64/184 830/65/188 889/65/188 888/64/184
f 888/64/184 889/65/188 948/65/188 947/64/184
f 947/64/184 948/65/188 1007/65/188 1006/64/184
f 1006/64/184 1007/65/188 1066/65/188 1065/64/184
f 1065/64/184 1066/65/188 1125/65/188 1124/64/184
f 1124/64/184 1125/65/188 1184/65/189 1183/64/186
f 94/65/187 97/30/190 227/30/191 226/65/188
f 226/65/188 227/30/191 347/30/191 346/65/188
f 346/65/188 347/30/191 418/30/191 417/65/188
f 417/65/188 418/30/191 477/30/191 476/65/188
f 476/65/188 477/30/191 536/30/191 535/65/188
f 535/65/188 536/30/191 595/30/191 594/65/188
f 594/65/188 595/30/191 654/30/191 653/65/188
f 653/65/188 654/30/191 713/30/191 712/65/188
f 712/65/188 713/30/191 772/30/191 771/65/188
f 771/65/188 772/30/191 831/30/191 830/65/188
f 830/65/188 831/30/191 890/30/191 889/65/188
f 889/65/188 890/30/191 949/30/191 948/65/188
f 948/65/188 949/30/191 1008/30/191 1007/65/188
f 1007/65/188 1008/30/191 1067/30/191 1066/65/188
f 1066/65/188 1067/30/191 1126/30/191 1125/65/188
f 1125/65/188 1126/30/191 1185/30/192 1184/65/189
f 97/30/190 99/66/193 230/66/194 227/30/191
f 227/30/191 230/66/194 348/66/194 347/30/191
f 347/30/191 348/66/194 419/66/194 418/30/191
f 418/30/191 419/66/194 478/66/194 477/30/191
f 477/30/191 478/66/194 537/66/194 536/30/191
f 536/30/191 537/66/194 596/66/194 595/30/191
f 595/30/191 596/66/194 655/66/194 654/30/191
f 654/30/191 655/66/194 714/66/194 713/30/191
f 713/30/191 714/66/194 773/66/194 772/30/191
f 772/30/191 773/66/194 832/66/194 831/30/191
f 831/30/191 832/66/194 891/66/194 890/30/191
f 890/30/191 891/66/194 950/66/194 949/30/191
f 949/30/191 950/66/194 1009/66/194 1008/30/191
f 1008/30/191 1009/66/194 1068/66/194 1067/30/191
f 1067/30/191 1068/66/194 1127/66/194 1126/30/191
f 1126/30/191 1127/66/194 1186/66/195 1185/30/192
f 99/66/193 101/67/196 231/67/197 230/66/194
f 230/66/194 231/67/197 349/67/197 348/66/194
f 348/66/194 349/67/197 420/67/197 419/66/194
f 419/66/194 420/67/197 479/67/197 478/66/194
f 478/66/194 479/67/197 538/67/197 537/66/194
f 537/66/194 538/67/197 597/67/197 596/66/194
f 596/66/194 597/67/197 656/67/197 655/66/194
f 655/66/194 656/67/197 715/67/197 714/66/194
f 714/66/194 715/67/197 774/67/197 773/66/194
f 773/66/194 774/67/197 833/67/197 832/66/194
f 832/66/194 833/67/197 892/67/197 891/66/194
f 891/66/194 892/67/197 951/67/197 950/66/194
f 950/66/194 951/67/197 1010/67/197 1009/66/194
f 1009/66/194 1010/67/197 1069/67/197 1068/66/194
f 1068/66/194 1069/67/197 1128/67/197 1127/66/194
f 1127/66/194 1128/67/197 1187/67/198 1186/66/195
f 101/67/196 102/68/199 233/68/200 231/67/197
f 231/67/197 233/68/200 350/68/200 349/67/197
f 349/67/197 350/68/200 421/68/200 420/67/197
f 420/67/197 421/68/200 480/68/200 479/67/197
f 479/67/197 480/68/200 539/68/200 538/67/197
f 538/67/197 539/68/200 598/68/200 597/67/197
f 597/67/197 598/68/200 657/68/200 656/67/197
f 656/67/197 657/68/200 716/68/200 715/67/197
f 715/67/197 716/68/200 775/68/200 774/67/197
f 774/67/197 775/68/200 834/68/200 833/67/197
f 833/67/197 834/68/200 893/68/200 892/67/197
f 892/67/197 893/68/200 952/68/200 951/67/197
f 951/67/197 952/68/200 1011/68/200 1010/67/197
f 1010/67/197 1011/68/200 1070/68/200 1069/67/197
f 1069/67/197 1070/68/200 1129/68/200 1128/67/197
f 1128/67/197 1129/68/200 1188/68/201 1187/67/198
f 102/68/199 104/69/202 235/69/203 233/68/200
f 233/68/200 235/69/203 351/69/204 350/68/200
f 350/68/200 351/69/205 422/69/203 421/68/200
f 421/68/200 422/69/203 481/69/203 480/68/200
f 480/68/200 481/69/203 540/69/203 539/68/200
f 539/68/200 540/69/203 599/69/203 598/68/200
f 598/68/200 599/69/203 658/69/203 657/68/200
f 657/68/200 658/69/203 717/69/203 716/68/200
f 716/68/200 717/69/203 776/69/203 775/68/200
f 775/68/200 776/69/203 835/69/203 834/68/200
f 834/68/200 835/69/203 894/69/203 893/68/200
f 893/68/200 894/69/203 953/69/203 952/68/200
f 952/68/200 953/69/203 1012/69/203 1011/68/200
f 1011/68/200 1012/69/203 1071/69/203 1070/68/200
f 1070/68/200 1071/69/203 1130/69/203 1129/68/200
f 1129/68/200 1130/69/203 1189/69/206 1188/68/201
f 104/69/202 106/70/207 237/70/208 235/69/203
f 235/69/203 237/70/208 352/70/209 351/69/204
f 351/69/205 352/70/210 423/70/208 422/69/203
f 422/69/203 423/70/208 482/70/208 481/69/203
f 481/69/203 482/70/208 541/70/208 540/69/203
f 540/69/203 541/70/208 600/70/208 599/69/203
f 599/69/203 600/70/208 659/70/208 658/69/203
f 658/69/203 659/70/208 718/70/208 717/69/203
f 717/69/203 718/70/208 777/70/208 776/69/203
f 776/69/203 777/70/208 836/70/208 835/69/203
f 835/69/203 836/70/208 895/70/208 894/69/203
f 894/69/203 895/70/208 954/70/208 953/69/203
f 953/69/203 954/70/208 1013/70/208 1012/69/203
f 1012/69/203 1013/70/208 1072/70/208 1071/69/203
f 1071/69/203 1072/70/208 1131/70/208 1130/69/203
f 1130/69/203 1131/70/208 1190/70/211 1189/69/206
f 106/70/207 108/71/212 239/71/213 237/70/208
f 237/70/208 239/71/213 353/71/214 352/70/209
f 352/70/210 353/71/213 424/71/213 423/70/208
f 423/70/208 424/71/213 483/71/213 482/70/208
f 482/70/208 483/71/213 542/71/213 541/70/208
f 541/70/208 542/71/213 601/71/213 600/70/208
f 600/70/208 601/71/213 660/71/213 659/70/208
f 659/70/208 660/71/213 719/71/213 718/70/208
f 718/70/208 719/71/213 778/71/213 777/70/208
f 777/70/208 778/71/213 837/71/213 836/70/208
f 836/70/208 837/71/213 896/71/213 895/70/208
f 895/70/208 896/71/213 955/71/213 954/70/208
f 954/70/208 955/71/213 1014/71/213 1013/70/208
f 1013/70/208 1014/71/213 1073/71/213 1072/70/208
f 1072/70/208 1073/71/213 1132/71/213 1131/70/208
f 1131/70/208 1132/71/213 1191/71/215 1190/70/211
f 108/71/212 110/72/216 241/72/217 239/71/213
f 239/71/213 241/72/217 354/72/217 353/71/214
f 353/71/213 354/72/218 425/72/217 424/71/213
f 424/71/213 425/72/217 484/72/217 483/71/213
f 483/71/213 484/72/217 543/72/217 542/71/213
f 542/71/213 543/72/217 602/72/217 601/71/213
f 601/71/213 602/72/217 661/72/217 660/71/213
f 660/71/213 661/72/217 720/72/217 719/71/213
f 719/71/213 720/72/217 779/72/217 778/71/213
f 778/71/213 779/72/217 838/72/217 837/71/213
f 837/71/213 838/72/217 897/72/217 896/71/213
f 896/71/213 897/72/217 956/72/217 955/71/213
f 955/71/213 956/72/217 1015/72/217 1014/71/213
f 1014/71/213 1015/72/217 1074/72/217 1073/71/213
f 1073/71/213 1074/72/217 1133/72/217 1132/71/213
f 1132/71/213 1133/72/217 1192/72/219 1191/71/215
f 110/72/216 112/73/220 243/73/221 241/72/217
f 241/72/217 243/73/221 355/73/221 354/72/217
f 354/72/218 355/73/222 426/73/221 425/72/217
f 425/72/217 426/73/221 485/73/221 484/72/217
f 484/72/217 485/73/221 544/73/221 543/72/217
f 543/72/217 544/73/221 603/73/221 602/72/217
f 602/72/217 603/73/221 662/73/221 661/72/217
f 661/72/217 662/73/221 721/73/221 720/72/217
f 720/72/217 721/73/221 780/73/221 779/72/217
f 779/72/217 780/73/221 839/73/221 838/72/217
f 838/72/217 839/73/221 898/73/221 897/72/217
f 897/72/217 898/73/221 957/73/221 956/72/217
f 956/72/217 957/73/221 1016/73/221 1015/72/217
f 1015/72/217 1016/73/221 1075/73/221 1074/72/217
f 1074/72/217 1075/73/221 1134/73/221 1133/72/217
f 1133/72/217 1134/73/221 1193/73/223 1192/72/219
f 112/73/220 114/74/224 245/74/225 243/73/221
f 243/73/221 245/74/225 356/74/225 355/73/221
f 355/73/222 356/74/226 427/74/225 426/73/221
f 426/73/221 427/74/225 486/74/225 485/73/221
f 485/73/221 486/74/225 545/74/225 544/73/221
f 544/73/221 545/74/225 604/74/225 603/73/221
f 603/73/221 604/74/225 663/74/225 662/73/221
f 662/73/221 663/74/225 722/74/225 721/73/221
f 721/73/221 722/74/225 781/74/225 780/73/221
f 780/73/221 781/74/225 840/74/225 839/73/221
f 839/73/221 840/74/225 899/74/225 898/73/221
f 898/73/221 899/74/225 958/74/225 957/73/221
f 957/73/221 958/74/225 1017/74/225 1016/73/221
f 1016/73/221 1017/74/225 1076/74/225 1075/73/221
f 1075/73/221 1076/74/225 1135/74/225 1134/73/221
f 1134/73/221 1135/74/225 1194/74/227 1193/73/223
f 114/74/224 116/75/228 247/75/229 245/74/225
f 245/74/225 247/75/229 357/75/229 356/74/225
f 356/74/226 357/75/230 428/75/229 427/74/225
f 427/74/225 428/75/229 487/75/229 486/74/225
f 486/74/225 487/75/229 546/75/229 545/74/225
f 545/74/225 546/75/229 605/75/229 604/74/225
f 604/74/225 605/75/229 664/75/229 663/74/225
f 663/74/225 664/75/229 723/75/229 722/74/225
f 722/74/225 723/75/229 782/75/229 781/74/225
f 781/74/225 782/75/229 841/75/229 840/74/225
f 840/74/225 841/75/229 900/75/229 899/74/225
f 899/74/225 900/75/229 959/75/229 958/74/225
f 958/74/225 959/75/229 1018/75/229 1017/74/225
f 1017/74/225 1018/75/229 1077/75/229 1076/74/225
f 1076/74/225 1077/75/229 1136/75/229 1135/74/225
f 1135/74/225 1136/75/229 1195/75/231 1194/74/227
f 116/75/228 119/76/232 250/76/233 247/75/229
f 247/75/229 250/76/233 358/76/234 357/75/229
f 357/75/230 358/76/235 429/76/233 428/75/229
f 428/75/229 429/76/233 488/76/233 487/75/229
f 487/75/229 488/76/233 547/76/233 546/75/229
f 546/75/229 547/76/233 606/76/233 605/75/229
f 605/75/229 606/76/233 665/76/233 664/75/229
f 664/75/229 665/76/233 724/76/233 723/75/229
f 723/75/229 724/76/233 783/76/233 782/75/229
f 782/75/229 783/76/233 842/76/233 841/75/229
f 841/75/229 842/76/233 901/76/233 900/75/229
f 900/75/229 901/76/233 960/76/233 959/75/229
f 959/75/229 960/76/233 1019/76/233 1018/75/229
f 1018/75/229 1019/76/233 1078/76/233 1077/75/229
f 1077/75/229 1078/76/233 1137/76/233 1136/75/229
f 1136/75/229 1137/76/233 1196/76/236 1195/75/231
f 2202/77/237 250/76/233 119/76/232 2201/78/238
f 2203/79/239 358/76/234 250/76/233 2202/77/237
f 2204/80/237 429/76/233 358/76/235 2203/79/240
f 2205/81/241 488/76/233 429/76/233 2204/80/237
f 2206/82/237 547/76/233 488/76/233 2205/81/241
f 2207/83/237 606/76/233 547/76/233 2206/82/237
f 2208/84/237 665/76/233 606/76/233 2207/83/237
f 2209/85/237 724/76/233 665/76/233 2208/84/237
f 2210/86/237 783/76/233 724/76/233 2209/85/237
f 2211/87/237 842/76/233 783/76/233 2210/86/237
f 2212/88/242 901/76/233 842/76/233 2211/87/237
f 2214/89/243 960/76/233 901/76/233 2212/88/242 2213/90/244
f 2215/91/245 1019/76/233 960/76/233 2214/89/243
f 2216/92/245 1078/76/233 1019/76/233 2215/91/245
f 2217/93/245 1137/76/233 1078/76/233 2216/92/245
f 2218/94/246 1196/76/236 1137/76/233 2217/93/245
f 2219/95/247 1255/1/248 1197/1/249 2220/96/250
f 2221/97/251 1313/1/248 1255/1/248 2219/95/247
f 2222/98/252 1371/1/248 1313/1/248 2221/97/251
f 2223/99/252 1429/1/248 1371/1/248 2222/98/252
f 2224/100/252 1487/1/248 1429/1/248 2223/99/252
f 2225/101/252 1545/1/248 1487/1/248 2224/100/252
f 2226/102/252 1603/1/253 1545/1/248 2225/101/252
f 2227/103/252 1661/1/253 1603/1/253 2226/102/252
f 2228/104/252 1719/1/248 1661/1/253 2227/103/252
f 2229/105/254 1777/1/248 1719/1/248 2228/104/252
f 2230/106/255 1835/1/248 1777/1/248 2229/105/254 2231/107/256
f 2232/108/257 1893/1/253 1835/1/248 2230/106/255
f 2233/109/258 1951/1/253 1893/1/253 2232/108/257
f 2234/110/259 2009/1/253 1951/1/253 2233/109/258
f 2235/111/260 2067/1/253 2009/1/253 2234/110/259
f 2236/112/261 2125/1/262 2067/1/253 2235/111/260
f 1197/1/249 1255/1/248 1256/20/263 1198/20/264
f 1255/1/248 1313/1/248 1314/20/263 1256/20/263
f 1313/1/248 1371/1/248 1372/20/263 1314/20/263
f 1371/1/248 1429/1/248 1430/20/263 1372/20/263
f 1429/1/248 1487/1/248 1488/20/263 1430/20/263
f 1487/1/248 1545/1/248 1546/20/263 1488/20/263
f 1545/1/248 1603/1/253 1604/20/263 1546/20/263
f 1603/1/253 1661/1/253 1662/20/263 1604/20/263
f 1661/1/253 1719/1/248 1720/20/263 1662/20/263
f 1719/1/248 1777/1/248 1778/20/263 1720/20/263
f 1777/1/248 1835/1/248 1836/20/263 1778/20/263
f 1835/1/248 1893/1/253 1894/20/263 1836/20/263
f 1893/1/253 1951/1/253 1952/20/263 1894/20/263
f 1951/1/253 2009/1/253 2010/20/263 1952/20/263
f 2009/1/253 2067/1/253 2068/20/263 2010/20/263
f 2067/1/253 2125/1/262 2126/20/265 2068/20/263
f 1198/20/264 1256/20/263 1257/21/266 1199/21/267
f 1256/20/263 1314/20/263 1315/21/266 1257/21/266
f 1314/20/263 1372/20/263 1373/21/266 1315/21/266
f 1372/20/263 1430/20/263 1431/21/266 1373/21/266
f 1430/20/263 1488/20/263 1489/21/266 1431/21/266
f 1488/20/263 1546/20/263 1547/21/266 1489/21/266
f 1546/20/263 1604/20/263 1605/21/266 1547/21/266
f 1604/20/263 1662/20/263 1663/21/266 1605/21/266
f 1662/20/263 1720/20/263 1721/21/266 1663/21/266
f 1720/20/263 1778/20/263 1779/21/266 1721/21/266
f 1778/20/263 1836/20/263 1837/21/266 1779/21/266
f 1836/20/263 1894/20/263 1895/21/266 1837/21/266
f 1894/20/263 1952/20/263 1953/21/266 1895/21/266
f 1952/20/263 2010/20/263 2011/21/266 1953/21/266
f 2010/20/263 2068/20/263 2069/21/266 2011/21/266
f 2068/20/263 2126/20/265 2127/21/268 2069/21/266
f 1199/21/267 1257/21/266 1258/22/269 1200/22/270
f 1257/21/266 1315/21/266 1316/22/269 1258/22/269
f 1315/21/266 1373/21/266 1374/22/269 1316/22/269
f 1373/21/266 1431/21/266 1432/22/269 1374/22/269
f 1431/21/266 1489/21/266 1490/22/269 1432/22/269
f 1489/21/266 1547/21/266 1548/22/269 1490/22/269
f 1547/21/266 1605/21/266 1606/22/269 1548/22/269
f 1605/21/266 1663/21/266 1664/22/269 1606/22/269
f 1663/21/266 1721/21/266 1722/22/269 1664/22/269
f 1721/21/266 1779/21/266 1780/22/269 1722/22/269
f 1779/21/266 1837/21/266 1838/22/269 1780/22/269
f 1837/21/266 1895/21/266 1896/22/269 1838/22/269
f 1895/21/266 1953/21/266 1954/22/269 1896/22/269
f 1953/21/266 2011/21/266 2012/22/269 1954/22/269
f 2011/21/266 2069/21/266 2070/22/269 2012/22/269
f 2069/21/266 2127/21/268 2128/22/271 2070/22/269
f 1200/22/270 1258/22/269 1259/23/272 1201/23/273
f 1258/22/269 1316/22/269 1317/23/272 1259/23/272
f 1316/22/269 1374/22/269 1375/23/272 1317/23/272
f 1374/22/269 1432/22/269 1433/23/272 1375/23/272
f 1432/22/269 1490/22/269 1491/23/272 1433/23/272
f 1490/22/269 1548/22/269 1549/23/272 1491/23/272
f 1548/22/269 1606/22/269 1607/23/272 1549/23/272
f 1606/22/269 1664/22/269 1665/23/272 1607/23/272
f 1664/22/269 1722/22/269 1723/23/272 1665/23/272
f 1722/22/269 1780/22/269 1781/23/272 1723/23/272
f 1780/22/269 1838/22/269 1839/23/272 1781/23/272
f 1838/22/269 1896/22/269 1897/23/272 1839/23/272
f 1896/22/269 1954/22/269 1955/23/272 1897/23/272
f 1954/22/269 2012/22/269 2013/23/272 1955/23/272
f 2012/22/269 2070/22/269 2071/23/272 2013/23/272
f 2070/22/269 2128/22/271 2129/23/274 2071/23/272
f 1201/23/273 1259/23/272 1260/24/275 1202/24/276
f 1259/23/272 1317/23/272 1318/24/277 1260/24/275
f 1317/23/272 1375/23/272 1376/24/277 1318/24/277
f 1375/23/272 1433/23/272 1434/24/277 1376/24/277
f 1433/23/272 1491/23/272 1492/24/277 1434/24/277
f 1491/23/272 1549/23/272 1550/24/277 1492/24/277
f 1549/23/272 1607/23/272 1608/24/277 1550/24/277
f 1607/23/272 1665/23/272 1666/24/277 1608/24/277
f 1665/23/272 1723/23/272 1724/24/277 1666/24/277
f 1723/23/272 1781/23/272 1782/24/277 1724/24/277
f 1781/23/272 1839/23/272 1840/24/277 1782/24/277
f 1839/23/272 1897/23/272 1898/24/277 1840/24/277
f 1897/23/272 1955/23/272 1956/24/277 1898/24/277
f 1955/23/272 2013/23/272 2014/24/277 1956/24/277
f 2013/23/272 2071/23/272 2072/24/278 2014/24/277
f 2071/23/272 2129/23/274 2130/24/279 2072/24/278
f 1202/24/276 1260/24/275 1261/25/280 1203/25/281
f 1260/24/275 1318/24/277 1319/25/282 1261/25/280
f 1318/24/277 1376/24/277 1377/25/282 1319/25/282
f 1376/24/277 1434/24/277 1435/25/282 1377/25/282
f 1434/24/277 1492/24/277 1493/25/282 1435/25/282
f 1492/24/277 1550/24/277 1551/25/282 1493/25/282
f 1550/24/277 1608/24/277 1609/25/282 1551/25/282
f 1608/24/277 1666/24/277 1667/25/282 1609/25/282
f 1666/24/277 1724/24/277 1725/25/282 1667/25/282
f 1724/24/277 1782/24/277 1783/25/282 1725/25/282
f 1782/24/277 1840/24/277 1841/25/282 1783/25/282
f 1840/24/277 1898/24/277 1899/25/282 1841/25/282
f 1898/24/277 1956/24/277 1957/25/282 1899/25/282
f 1956/24/277 2014/24/277 2015/25/282 1957/25/282
f 2014/24/277 2072/24/278 2073/25/283 2015/25/282
f 2072/24/278 2130/24/279 2131/25/284 2073/25/283
f 1203/25/281 1261/25/280 1262/26/285 1204/26/286
f 1261/25/280 1319/25/282 1320/26/287 1262/26/285
f 1319/25/282 1377/25/282 1378/26/287 1320/26/287
f 1377/25/282 1435/25/282 1436/26/287 1378/26/287
f 1435/25/282 1493/25/282 1494/26/287 1436/26/287
f 1493/25/282 1551/25/282 1552/26/287 1494/26/287
f 1551/25/282 1609/25/282 1610/26/287 1552/26/287
f 1609/25/282 1667/25/282 1668/26/287 1610/26/287
f 1667/25/282 1725/25/282 1726/26/287 1668/26/287
f 1725/25/282 1783/25/282 1784/26/287 1726/26/287
f 1783/25/282 1841/25/282 1842/26/287 1784/26/287
f 1841/25/282 1899/25/282 1900/26/287 1842/26/287
f 1899/25/282 1957/25/282 1958/26/287 1900/26/287
f 1957/25/282 2015/25/282 2016/26/287 1958/26/287
f 2015/25/282 2073/25/283 2074/26/288 2016/26/287
f 2073/25/283 2131/25/284 2132/26/289 2074/26/288
f 1204/26/286 1262/26/285 1263/27/290 1205/27/291
f 1262/26/285 1320/26/287 1321/27/292 1263/27/290
f 1320/26/287 1378/26/287 1379/27/292 1321/27/292
f 1378/26/287 1436/26/287 1437/27/292 1379/27/292
f 1436/26/287 1494/26/287 1495/27/292 1437/27/292
f 1494/26/287 1552/26/287 1553/27/292 1495/27/292
f 1552/26/287 1610/26/287 1611/27/292 1553/27/292
f 1610/26/287 1668/26/287 1669/27/292 1611/27/292
f 1668/26/287 1726/26/287 1727/27/292 1669/27/292
f 1726/26/287 1784/26/287 1785/27/292 1727/27/292
f 1784/26/287 1842/26/287 1843/27/292 1785/27/292
f 1842/26/287 1900/26/287 1901/27/292 1843/27/292
f 1900/26/287 1958/26/287 1959/27/292 1901/27/292
f 1958/26/287 2016/26/287 2017/27/292 1959/27/292
f 2016/26/287 2074/26/288 2075/27/290 2017/27/292
f 2074/26/288 2132/26/289 2133/27/293 2075/27/290
f 1205/27/291 1263/27/290 1264/28/294 1206/28/295
f 1263/27/290 1321/27/292 1322/28/294 1264/28/294
f 1321/27/292 1379/27/292 1380/28/294 1322/28/294
f 1379/27/292 1437/27/292 1438/28/294 1380/28/294
f 1437/27/292 1495/27/292 1496/28/294 1438/28/294
f 1495/27/292 1553/27/292 1554/28/294 1496/28/294
f 1553/27/292 1611/27/292 1612/28/294 1554/28/294
f 1611/27/292 1669/27/292 1670/28/294 1612/28/294
f 1669/27/292 1727/27/292 1728/28/294 1670/28/294
f 1727/27/292 1785/27/292 1786/28/294 1728/28/294
f 1785/27/292 1843/27/292 1844/28/294 1786/28/294
f 1843/27/292 1901/27/292 1902/28/294 1844/28/294
f 1901/27/292 1959/27/292 1960/28/294 1902/28/294
f 1959/27/292 2017/27/292 2018/28/294 1960/28/294
f 2017/27/292 2075/27/290 2076/28/294 2018/28/294
f 2075/27/290 2133/27/293 2134/28/296 2076/28/294
f 1206/28/295 1264/28/294 1265/29/297 1207/29/298
f 1264/28/294 1322/28/294 1323/29/297 1265/29/297
f 1322/28/294 1380/28/294 1381/29/297 1323/29/297
f 1380/28/294 1438/28/294 1439/29/297 1381/29/297
f 1438/28/294 1496/28/294 1497/29/297 1439/29/297
f 1496/28/294 1554/28/294 1555/29/297 1497/29/297
f 1554/28/294 1612/28/294 1613/29/297 1555/29/297
f 1612/28/294 1670/28/294 1671/29/297 1613/29/297
f 1670/28/294 1728/28/294 1729/29/297 1671/29/297
f 1728/28/294 1786/28/294 1787/29/297 1729/29/297
f 1786/28/294 1844/28/294 1845/29/297 1787/29/297
f 1844/28/294 1902/28/294 1903/29/297 1845/29/297
f 1902/28/294 1960/28/294 1961/29/297 1903/29/297
f 1960/28/294 2018/28/294 2019/29/297 1961/29/297
f 2018/28/294 2076/28/294 2077/29/297 2019/29/297
f 2076/28/294 2134/28/296 2135/29/299 2077/29/297
f 1207/29/298 1265/29/297 1266/30/300 1208/30/301
f 1265/29/297 1323/29/297 1324/30/300 1266/30/300
f 1323/29/297 1381/29/297 1382/30/300 1324/30/300
f 1381/29/297 1439/29/297 1440/30/300 1382/30/300
f 1439/29/297 1497/29/297 1498/30/300 1440/30/300
f 1497/29/297 1555/29/297 1556/30/300 1498/30/300
f 1555/29/297 1613/29/297 1614/30/300 1556/30/300
f 1613/29/297 1671/29/297 1672/30/300 1614/30/300
f 1671/29/297 1729/29/297 1730/30/300 1672/30/300
f 1729/29/297 1787/29/297 1788/30/300 1730/30/300
f 1787/29/297 1845/29/297 1846/30/300 1788/30/300
f 1845/29/297 1903/29/297 1904/30/300 1846/30/300
f 1903/29/297 1961/29/297 1962/30/300 1904/30/300
f 1961/29/297 2019/29/297 2020/30/300 1962/30/300
f 2019/29/297 2077/29/297 2078/30/300 2020/30/300
f 2077/29/297 2135/29/299 2136/30/302 2078/30/300
f 1208/30/301 1266/30/300 1267/31/303 1209/31/304
f 1266/30/300 1324/30/300 1325/31/303 1267/31/303
f 1324/30/300 1382/30/300 1383/31/303 1325/31/303
f 1382/30/300 1440/30/300 1441/31/303 1383/31/303
f 1440/30/300 1498/30/300 1499/31/303 1441/31/303
f 1498/30/300 1556/30/300 1557/31/303 1499/31/303
f 1556/30/300 1614/30/300 1615/31/303 1557/31/303
f 1614/30/300 1672/30/300 1673/31/303 1615/31/303
f 1672/30/300 1730/30/300 1731/31/303 1673/31/303
f 1730/30/300 1788/30/300 1789/31/303 1731/31/303
f 1788/30/300 1846/30/300 1847/31/303 1789/31/303
f 1846/30/300 1904/30/300 1905/31/303 1847/31/303
f 1904/30/300 1962/30/300 1963/31/303 1905/31/303
f 1962/30/300 2020/30/300 2021/31/303 1963/31/303
f 2020/30/300 2078/30/300 2079/31/303 2021/31/303
f 2078/30/300 2136/30/302 2137/31/305 2079/31/303
f 1209/31/304 1267/31/303 1268/32/306 1210/32/307
f 1267/31/303 1325/31/303 1326/32/306 1268/32/306
f 1325/31/303 1383/31/303 1384/32/306 1326/32/306
f 1383/31/303 1441/31/303 1442/32/306 1384/32/306
f 1441/31/303 1499/31/303 1500/32/306 1442/32/306
f 1499/31/303 1557/31/303 1558/32/306 1500/32/306
f 1557/31/303 1615/31/303 1616/32/306 1558/32/306
f 1615/31/303 1673/31/303 1674/32/306 1616/32/306
f 1673/31/303 1731/31/303 1732/32/306 1674/32/306
f 1731/31/303 1789/31/303 1790/32/306 1732/32/306
f 1789/31/303 1847/31/303 1848/32/306 1790/32/306
f 1847/31/303 1905/31/303 1906/32/306 1848/32/306
f 1905/31/303 1963/31/303 1964/32/306 1906/32/306
f 1963/31/303 2021/31/303 2022/32/306 1964/32/306
f 2021/31/303 2079/31/303 2080/32/306 2022/32/306
f 2079/31/303 2137/31/305 2138/32/308 2080/32/306
f 1210/32/307 1268/32/306 1269/33/309 1211/33/310
f 1268/32/306 1326/32/306 1327/33/309 1269/33/309
f 1326/32/306 1384/32/306 1385/33/309 1327/33/309
f 1384/32/306 1442/32/306 1443/33/309 1385/33/309
f 1442/32/306 1500/32/306 1501/33/309 1443/33/309
f 1500/32/306 1558/32/306 1559/33/309 1501/33/309
f 1558/32/306 1616/32/306 1617/33/309 1559/33/309
f 1616/32/306 1674/32/306 1675/33/309 1617/33/309
f 1674/32/306 1732/32/306 1733/33/309 1675/33/309
f 1732/32/306 1790/32/306 1791/33/309 1733/33/309
f 1790/32/306 1848/32/306 1849/33/309 1791/33/309
f 1848/32/306 1906/32/306 1907/33/309 1849/33/309
f 1906/32/306 1964/32/306 1965/33/309 1907/33/309
f 1964/32/306 2022/32/306 2023/33/309 1965/33/309
f 2022/32/306 2080/32/306 2081/33/309 2023/33/309
f 2080/32/306 2138/32/308 2139/33/311 2081/33/309
f 1211/33/310 1269/33/309 1270/34/312 1212/34/313
f 1269/33/309 1327/33/309 1328/34/312 1270/34/312
f 1327/33/309 1385/33/309 1386/34/312 1328/34/312
f 1385/33/309 1443/33/309 1444/34/312 1386/34/312
f 1443/33/309 1501/33/309 1502/34/312 1444/34/312
f 1501/33/309 1559/33/309 1560/34/312 1502/34/312
f 1559/33/309 1617/33/309 1618/34/312 1560/34/312
f 1617/33/309 1675/33/309 1676/34/312 1618/34/312
f 1675/33/309 1733/33/309 1734/34/312 1676/34/312
f 1733/33/309 1791/33/309 1792/34/312 1734/34/312
f 1791/33/309 1849/33/309 1850/34/312 1792/34/312
f 1849/33/309 1907/33/309 1908/34/312 1850/34/312
f 1907/33/309 1965/33/309 1966/34/312 1908/34/312
f 1965/33/309 2023/33/309 2024/34/312 1966/34/312
f 2023/33/309 2081/33/309 2082/34/312 2024/34/312
f 2081/33/309 2139/33/311 2140/34/314 2082/34/312
f 1212/34/313 1270/34/312 1271/35/315 1213/35/316
f 1270/34/312 1328/34/312 1329/35/315 1271/35/315
f 1328/34/312 1386/34/312 1387/35/315 1329/35/315
f 1386/34/312 1444/34/312 1445/35/315 1387/35/315
f 1444/34/312 1502/34/312 1503/35/315 1445/35/315
f 1502/34/312 1560/34/312 1561/35/315 1503/35/315
f 1560/34/312 1618/34/312 1619/35/315 1561/35/315
f 1618/34/312 1676/34/312 1677/35/315 1619/35/315
f 1676/34/312 1734/34/312 1735/35/315 1677/35/315
f 1734/34/312 1792/34/312 1793/35/315 1735/35/315
f 1792/34/312 1850/34/312 1851/35/315 1793/35/315
f 1850/34/312 1908/34/312 1909/35/315 1851/35/315
f 1908/34/312 1966/34/312 1967/35/315 1909/35/315
f 1966/34/312 2024/34/312 2025/35/315 1967/35/315
f 2024/34/312 2082/34/312 2083/35/315 2025/35/315
f 2082/34/312 2140/34/314 2141/35/317 2083/35/315
f 1213/35/316 1271/35/315 1272/36/318 1214/36/319
f 1271/35/315 1329/35/315 1330/36/318 1272/36/318
f 1329/35/315 1387/35/315 1388/36/318 1330/36/318
f 1387/35/315 1445/35/315 1446/36/318 1388/36/318
f 1445/35/315 1503/35/315 1504/36/318 1446/36/318
f 1503/35/315 1561/35/315 1562/36/318 1504/36/318
f 1561/35/315 1619/35/315 1620/36/318 1562/36/318
f 1619/35/315 1677/35/315 1678/36/318 1620/36/318
f 1677/35/315 1735/35/315 1736/36/318 1678/36/318
f 1735/35/315 1793/35/315 1794/36/318 1736/36/318
f 1793/35/315 1851/35/315 1852/36/318 1794/36/318
f 1851/35/315 1909/35/315 1910/36/318 1852/36/318
f 1909/35/315 1967/35/315 1968/36/318 1910/36/318
f 1967/35/315 2025/35/315 2026/36/318 1968/36/318
f 2025/35/315 2083/35/315 2084/36/318 2026/36/318
f 2083/35/315 2141/35/317 2142/36/320 2084/36/318
f 1214/36/319 1272/36/318 1273/37/321 1215/37/322
f 1272/36/318 1330/36/318 1331/37/321 1273/37/321
f 1330/36/318 1388/36/318 1389/37/321 1331/37/321
f 1388/36/318 1446/36/318 1447/37/321 1389/37/321
f 1446/36/318 1504/36/318 1505/37/321 1447/37/321
f 1504/36/318 1562/36/318 1563/37/321 1505/37/321
f 1562/36/318 1620/36/318 1621/37/321 1563/37/321
f 1620/36/318 1678/36/318 1679/37/321 1621/37/321
f 1678/36/318 1736/36/318 1737/37/321 1679/37/321
f 1736/36/318 1794/36/318 1795/37/321 1737/37/321
f 1794/36/318 1852/36/318 1853/37/321 1795/37/321
f 1852/36/318 1910/36/318 1911/37/321 1853/37/321
f 1910/36/318 1968/36/318 1969/37/321 1911/37/321
f 1968/36/318 2026/36/318 2027/37/321 1969/37/321
f 2026/36/318 2084/36/318 2085/37/321 2027/37/321
f 2084/36/318 2142/36/320 2143/37/323 2085/37/321
f 1215/37/322 1273/37/321 1274/38/324 1216/38/325
f 1273/37/321 1331/37/321 1332/38/324 1274/38/324
f 1331/37/321 1389/37/321 1390/38/324 1332/38/324
f 1389/37/321 1447/37/321 1448/38/324 1390/38/324
f 1447/37/321 1505/37/321 1506/38/326 1448/38/324
f 1505/37/321 1563/37/321 1564/38/326 1506/38/326
f 1563/37/321 1621/37/321 1622/38/326 1564/38/326
f 1621/37/321 1679/37/321 1680/38/324 1622/38/326
f 1679/37/321 1737/37/321 1738/38/324 1680/38/324
f 1737/37/321 1795/37/321 1796/38/324 1738/38/324
f 1795/37/321 1853/37/321 1854/38/324 1796/38/324
f 1853/37/321 1911/37/321 1912/38/324 1854/38/324
f 1911/37/321 1969/37/321 1970/38/324 1912/38/324
f 1969/37/321 2027/37/321 2028/38/326 1970/38/324
f 2027/37/321 2085/37/321 2086/38/326 2028/38/326
f 2085/37/321 2143/37/323 2144/38/327 2086/38/326
f 1216/38/325 1274/38/324 1275/39/328 1217/39/329
f 1274/38/324 1332/38/324 1333/39/328 1275/39/328
f 1332/38/324 1390/38/324 1391/39/328 1333/39/328
f 1390/38/324 1448/38/324 1449/39/328 1391/39/328
f 1448/38/324 1506/38/326 1507/39/328 1449/39/328
f 1506/38/326 1564/38/326 1565/39/328 1507/39/328
f 1564/38/326 1622/38/326 1623/39/328 1565/39/328
f 1622/38/326 1680/38/324 1681/39/328 1623/39/328
f 1680/38/324 1738/38/324 1739/39/328 1681/39/328
f 1738/38/324 1796/38/324 1797/39/328 1739/39/328
f 1796/38/324 1854/38/324 1855/39/328 1797/39/328
f 1854/38/324 1912/38/324 1913/39/328 1855/39/328
f 1912/38/324 1970/38/324 1971/39/328 1913/39/328
f 1970/38/324 2028/38/326 2029/39/328 1971/39/328
f 2028/38/326 2086/38/326 2087/39/328 2029/39/328
f 2086/38/326 2144/38/327 2145/39/330 2087/39/328
f 1217/39/329 1275/39/328 1276/40/331 1218/40/332
f 1275/39/328 1333/39/328 1334/40/331 1276/40/331
f 1333/39/328 1391/39/328 1392/40/331 1334/40/331
f 1391/39/328 1449/39/328 1450/40/331 1392/40/331
f 1449/39/328 1507/39/328 1508/40/331 1450/40/331
f 1507/39/328 1565/39/328 1566/40/331 1508/40/331
f 1565/39/328 1623/39/328 1624/40/331 1566/40/331
f 1623/39/328 1681/39/328 1682/40/331 1624/40/331
f 1681/39/328 1739/39/328 1740/40/331 1682/40/331
f 1739/39/328 1797/39/328 1798/40/331 1740/40/331
f 1797/39/328 1855/39/328 1856/40/331 1798/40/331
f 1855/39/328 1913/39/328 1914/40/331 1856/40/331
f 1913/39/328 1971/39/328 1972/40/331 1914/40/331
f 1971/39/328 2029/39/328 2030/40/331 1972/40/331
f 2029/39/328 2087/39/328 2088/40/331 2030/40/331
f 2087/39/328 2145/39/330 2146/40/333 2088/40/331
f 1218/40/332 1276/40/331 1277/41/334 1219/41/335
f 1276/40/331 1334/40/331 1335/41/334 1277/41/334
f 1334/40/331 1392/40/331 1393/41/334 1335/41/334
f 1392/40/331 1450/40/331 1451/41/334 1393/41/334
f 1450/40/331 1508/40/331 1509/41/334 1451/41/334
f 1508/40/331 1566/40/331 1567/41/334 1509/41/334
f 1566/40/331 1624/40/331 1625/41/334 1567/41/334
f 1624/40/331 1682/40/331 1683/41/334 1625/41/334
f 1682/40/331 1740/40/331 1741/41/334 1683/41/334
f 1740/40/331 1798/40/331 1799/41/334 1741/41/334
f 1798/40/331 1856/40/331 1857/41/334 1799/41/334
f 1856/40/331 1914/40/331 1915/41/334 1857/41/334
f 1914/40/331 1972/40/331 1973/41/334 1915/41/334
f 1972/40/331 2030/40/331 2031/41/334 1973/41/334
f 2030/40/331 2088/40/331 2089/41/334 2031/41/334
f 2088/40/331 2146/40/333 2147/41/336 2089/41/334
f 1219/41/335 1277/41/334 1278/42/337 1220/42/338
f 1277/41/334 1335/41/334 1336/42/337 1278/42/337
f 1335/41/334 1393/41/334 1394/42/337 1336/42/337
f 1393/41/334 1451/41/334 1452/42/337 1394/42/337
f 1451/41/334 1509/41/334 1510/42/337 1452/42/337
f 1509/41/334 1567/41/334 1568/42/337 1510/42/337
f 1567/41/334 1625/41/334 1626/42/337 1568/42/337
f 1625/41/334 1683/41/334 1684/42/337 1626/42/337
f 1683/41/334 1741/41/334 1742/42/337 1684/42/337
f 1741/41/334 1799/41/334 1800/42/337 1742/42/337
f 1799/41/334 1857/41/334 1858/42/337 1800/42/337
f 1857/41/334 1915/41/334 1916/42/337 1858/42/337
f 1915/41/334 1973/41/334 1974/42/337 1916/42/337
f 1973/41/334 2031/41/334 2032/42/337 1974/42/337
f 2031/41/334 2089/41/334 2090/42/337 2032/42/337
f 2089/41/334 2147/41/336 2148/42/339 2090/42/337
f 1220/42/338 1278/42/337 1279/43/340 1221/43/341
f 1278/42/337 1336/42/337 1337/43/340 1279/43/340
f 1336/42/337 1394/42/337 1395/43/340 1337/43/340
f 1394/42/337 1452/42/337 1453/43/340 1395/43/340
f 1452/42/337 1510/42/337 1511/43/340 1453/43/340
f 1510/42/337 1568/42/337 1569/43/340 1511/43/340
f 1568/42/337 1626/42/337 1627/43/340 1569/43/340
f 1626/42/337 1684/42/337 1685/43/340 1627/43/340
f 1684/42/337 1742/42/337 1743/43/340 1685/43/340
f 1742/42/337 1800/42/337 1801/43/340 1743/43/340
f 1800/42/337 1858/42/337 1859/43/340 1801/43/340
f 1858/42/337 1916/42/337 1917/43/340 1859/43/340
f 1916/42/337 1974/42/337 1975/43/340 1917/43/340
f 1974/42/337 2032/42/337 2033/43/340 1975/43/340
f 2032/42/337 2090/42/337 2091/43/342 2033/43/340
f 2090/42/337 2148/42/339 2149/43/343 2091/43/342
f 1221/43/341 1279/43/340 1280/44/344 1222/44/345
f 1279/43/340 1337/43/340 1338/44/346 1280/44/344
f 1337/43/340 1395/43/340 1396/44/346 1338/44/346
f 1395/43/340 1453/43/340 1454/44/346 1396/44/346
f 1453/43/340 1511/43/340 1512/44/346 1454/44/346
f 1511/43/340 1569/43/340 1570/44/346 1512/44/346
f 1569/43/340 1627/43/340 1628/44/346 1570/44/346
f 1627/43/340 1685/43/340 1686/44/346 1628/44/346
f 1685/43/340 1743/43/340 1744/44/346 1686/44/346
f 1743/43/340 1801/43/340 1802/44/346 1744/44/346
f 1801/43/340 1859/43/340 1860/44/346 1802/44/346
f 1859/43/340 1917/43/340 1918/44/346 1860/44/346
f 1917/43/340 1975/43/340 1976/44/346 1918/44/346
f 1975/43/340 2033/43/340 2034/44/346 1976/44/346
f 2033/43/340 2091/43/342 2092/44/346 2034/44/346
f 2091/43/342 2149/43/343 2150/44/347 2092/44/346
f 1222/44/345 1280/44/344 1281/45/348 1223/45/349
f 1280/44/344 1338/44/346 1339/45/350 1281/45/348
f 1338/44/346 1396/44/346 1397/45/350 1339/45/350
f 1396/44/346 1454/44/346 1455/45/350 1397/45/350
f 1454/44/346 1512/44/346 1513/45/350 1455/45/350
f 1512/44/346 1570/44/346 1571/45/350 1513/45/350
f 1570/44/346 1628/44/346 1629/45/350 1571/45/350
f 1628/44/346 1686/44/346 1687/45/350 1629/45/350
f 1686/44/346 1744/44/346 1745/45/350 1687/45/350
f 1744/44/346 1802/44/346 1803/45/350 1745/45/350
f 1802/44/346 1860/44/346 1861/45/350 1803/45/350
f 1860/44/346 1918/44/346 1919/45/350 1861/45/350
f 1918/44/346 1976/44/346 1977/45/350 1919/45/350
f 1976/44/346 2034/44/346 2035/45/350 1977/45/350
f 2034/44/346 2092/44/346 2093/45/351 2035/45/350
f 2092/44/346 2150/44/347 2151/45/352 2093/45/351
f 1223/45/349 1281/45/348 1282/46/353 1224/46/354
f 1281/45/348 1339/45/350 1340/46/355 1282/46/353
f 1339/45/350 1397/45/350 1398/46/355 1340/46/355
f 1397/45/350 1455/45/350 1456/46/355 1398/46/355
f 1455/45/350 1513/45/350 1514/46/355 1456/46/355
f 1513/45/350 1571/45/350 1572/46/355 1514/46/355
f 1571/45/350 1629/45/350 1630/46/355 1572/46/355
f 1629/45/350 1687/45/350 1688/46/355 1630/46/355
f 1687/45/350 1745/45/350 1746/46/355 1688/46/355
f 1745/45/350 1803/45/350 1804/46/355 1746/46/355
f 1803/45/350 1861/45/350 1862/46/355 1804/46/355
f 1861/45/350 1919/45/350 1920/46/355 1862/46/355
f 1919/45/350 1977/45/350 1978/46/355 1920/46/355
f 1977/45/350 2035/45/350 2036/46/355 1978/46/355
f 2035/45/350 2093/45/351 2094/46/356 2036/46/355
f 2093/45/351 2151/45/352 2152/46/357 2094/46/356
f 1224/46/354 1282/46/353 1283/47/358 1225/47/359
f 1282/46/353 1340/46/355 1341/47/360 1283/47/358
f 1340/46/355 1398/46/355 1399/47/360 1341/47/360
f 1398/46/355 1456/46/355 1457/47/360 1399/47/360
f 1456/46/355 1514/46/355 1515/47/360 1457/47/360
f 1514/46/355 1572/46/355 1573/47/360 1515/47/360
f 1572/46/355 1630/46/355 1631/47/360 1573/47/360
f 1630/46/355 1688/46/355 1689/47/360 1631/47/360
f 1688/46/355 1746/46/355 1747/47/360 1689/47/360
f 1746/46/355 1804/46/355 1805/47/360 1747/47/360
f 1804/46/355 1862/46/355 1863/47/360 1805/47/360
f 1862/46/355 1920/46/355 1921/47/360 1863/47/360
f 1920/46/355 1978/46/355 1979/47/360 1921/47/360
f 1978/46/355 2036/46/355 2037/47/360 1979/47/360
f 2036/46/355 2094/46/356 2095/47/361 2037/47/360
f 2094/46/356 2152/46/357 2153/47/362 2095/47/361
f 1225/47/359 1283/47/358 1284/48/363 1226/48/364
f 1283/47/358 1341/47/360 1342/48/365 1284/48/363
f 1341/47/360 1399/47/360 1400/48/365 1342/48/365
f 1399/47/360 1457/47/360 1458/48/365 1400/48/365
f 1457/47/360 1515/47/360 1516/48/365 1458/48/365
f 1515/47/360 1573/47/360 1574/48/365 1516/48/365
f 1573/47/360 1631/47/360 1632/48/365 1574/48/365
f 1631/47/360 1689/47/360 1690/48/365 1632/48/365
f 1689/47/360 1747/47/360 1748/48/365 1690/48/365
f 1747/47/360 1805/47/360 1806/48/365 1748/48/365
f 1805/47/360 1863/47/360 1864/48/365 1806/48/365
f 1863/47/360 1921/47/360 1922/48/365 1864/48/365
f 1921/47/360 1979/47/360 1980/48/365 1922/48/365
f 1979/47/360 2037/47/360 2038/48/365 1980/48/365
f 2037/47/360 2095/47/361 2096/48/366 2038/48/365
f 2095/47/361 2153/47/362 2154/48/367 2096/48/366
f 1226/48/364 1284/48/363 1285/49/368 1227/49/369
f 1284/48/363 1342/48/365 1343/49/370 1285/49/368
f 1342/48/365 1400/48/365 1401/49/370 1343/49/370
f 1400/48/365 1458/48/365 1459/49/371 1401/49/370
f 1458/48/365 1516/48/365 1517/49/371 1459/49/371
f 1516/48/365 1574/48/365 1575/49/372 1517/49/371
f 1574/48/365 1632/48/365 1633/49/372 1575/49/372
f 1632/48/365 1690/48/365 1691/49/370 1633/49/372
f 1690/48/365 1748/48/365 1749/49/370 1691/49/370
f 1748/48/365 1806/48/365 1807/49/371 1749/49/370
f 1806/48/365 1864/48/365 1865/49/370 1807/49/371
f 1864/48/365 1922/48/365 1923/49/372 1865/49/370
f 1922/48/365 1980/48/365 1981/49/371 1923/49/372
f 1980/48/365 2038/48/365 2039/49/370 1981/49/371
f 2038/48/365 2096/48/366 2097/49/373 2039/49/370
f 2096/48/366 2154/48/367 2155/49/374 2097/49/373
f 1227/49/369 1285/49/368 1286/50/375 1228/50/376
f 1285/49/368 1343/49/370 1344/50/377 1286/50/375
f 1343/49/370 1401/49/370 1402/50/378 1344/50/377
f 1401/49/370 1459/49/371 1460/50/379 1402/50/378
f 1459/49/371 1517/49/371 1518/50/377 1460/50/379
f 1517/49/371 1575/49/372 1576/50/379 1518/50/377
f 1575/49/372 1633/49/372 1634/50/379 1576/50/379
f 1633/49/372 1691/49/370 1692/50/379 1634/50/379
f 1691/49/370 1749/49/370 1750/50/379 1692/50/379
f 1749/49/370 1807/49/371 1808/50/379 1750/50/379
f 1807/49/371 1865/49/370 1866/50/379 1808/50/379
f 1865/49/370 1923/49/372 1924/50/379 1866/50/379
f 1923/49/372 1981/49/371 1982/50/379 1924/50/379
f 1981/49/371 2039/49/370 2040/50/380 1982/50/379
f 2039/49/370 2097/49/373 2098/50/381 2040/50/380
f 2097/49/373 2155/49/374 2156/50/382 2098/50/381
f 1228/50/376 1286/50/375 1287/51/383 1229/51/384
f 1286/50/375 1344/50/377 1345/51/385 1287/51/383
f 1344/50/377 1402/50/378 1403/51/386 1345/51/385
f 1402/50/378 1460/50/379 1461/51/387 1403/51/386
f 1460/50/379 1518/50/377 1519/51/387 1461/51/387
f 1518/50/377 1576/50/379 1577/51/387 1519/51/387
f 1576/50/379 1634/50/379 1635/51/387 1577/51/387
f 1634/50/379 1692/50/379 1693/51/387 1635/51/387
f 1692/50/379 1750/50/379 1751/51/387 1693/51/387
f 1750/50/379 1808/50/379 1809/51/387 1751/51/387
f 1808/50/379 1866/50/379 1867/51/387 1809/51/387
f 1866/50/379 1924/50/379 1925/51/387 1867/51/387
f 1924/50/379 1982/50/379 1983/51/388 1925/51/387
f 1982/50/379 2040/50/380 2041/51/387 1983/51/388
f 2040/50/380 2098/50/381 2099/51/389 2041/51/387
f 2098/50/381 2156/50/382 2157/51/390 2099/51/389
f 1229/51/384 1287/51/383 1288/52/391 1230/52/392
f 1287/51/383 1345/51/385 1346/52/393 1288/52/391
f 1345/51/385 1403/51/386 1404/52/394 1346/52/393
f 1403/51/386 1461/51/387 1462/52/394 1404/52/394
f 1461/51/387 1519/51/387 1520/52/394 1462/52/394
f 1519/51/387 1577/51/387 1578/52/394 1520/52/394
f 1577/51/387 1635/51/387 1636/52/394 1578/52/394
f 1635/51/387 1693/51/387 1694/52/394 1636/52/394
f 1693/51/387 1751/51/387 1752/52/394 1694/52/394
f 1751/51/387 1809/51/387 1810/52/394 1752/52/394
f 1809/51/387 1867/51/387 1868/52/394 1810/52/394
f 1867/51/387 1925/51/387 1926/52/394 1868/52/394
f 1925/51/387 1983/51/388 1984/52/394 1926/52/394
f 1983/51/388 2041/51/387 2042/52/395 1984/52/394
f 2041/51/387 2099/51/389 2100/52/396 2042/52/395
f 2099/51/389 2157/51/390 2158/52/397 2100/52/396
f 1230/52/392 1288/52/391 1289/53/398 1231/53/399
f 1288/52/391 1346/52/393 1347/53/400 1289/53/398
f 1346/52/393 1404/52/394 1405/53/401 1347/53/400
f 1404/52/394 1462/52/394 1463/53/401 1405/53/401
f 1462/52/394 1520/52/394 1521/53/401 1463/53/401
f 1520/52/394 1578/52/394 1579/53/401 1521/53/401
f 1578/52/394 1636/52/394 1637/53/401 1579/53/401
f 1636/52/394 1694/52/394 1695/53/401 1637/53/401
f 1694/52/394 1752/52/394 1753/53/401 1695/53/401
f 1752/52/394 1810/52/394 1811/53/401 1753/53/401
f 1810/52/394 1868/52/394 1869/53/401 1811/53/401
f 1868/52/394 1926/52/394 1927/53/401 1869/53/401
f 1926/52/394 1984/52/394 1985/53/401 1927/53/401
f 1984/52/394 2042/52/395 2043/53/402 1985/53/401
f 2042/52/395 2100/52/396 2101/53/403 2043/53/402
f 2100/52/396 2158/52/397 2159/53/404 2101/53/403
f 1231/53/399 1289/53/398 1290/54/405 1232/54/406
f 1289/53/398 1347/53/400 1348/54/407 1290/54/405
f 1347/53/400 1405/53/401 1406/54/407 1348/54/407
f 1405/53/401 1463/53/401 1464/54/407 1406/54/407
f 1463/53/401 1521/53/401 1522/54/407 1464/54/407
f 1521/53/401 1579/53/401 1580/54/407 1522/54/407
f 1579/53/401 1637/53/401 1638/54/407 1580/54/407
f 1637/53/401 1695/53/401 1696/54/407 1638/54/407
f 1695/53/401 1753/53/401 1754/54/407 1696/54/407
f 1753/53/401 1811/53/401 1812/54/407 1754/54/407
f 1811/53/401 1869/53/401 1870/54/407 1812/54/407
f 1869/53/401 1927/53/401 1928/54/407 1870/54/407
f 1927/53/401 1985/53/401 1986/54/407 1928/54/407
f 1985/53/401 2043/53/402 2044/54/407 1986/54/407
f 2043/53/402 2101/53/403 2102/54/408 2044/54/407
f 2101/53/403 2159/53/404 2160/54/409 2102/54/408
f 1232/54/406 1290/54/405 1291/55/410 1233/55/411
f 1290/54/405 1348/54/407 1349/55/410 1291/55/410
f 1348/54/407 1406/54/407 1407/55/410 1349/55/410
f 1406/54/407 1464/54/407 1465/55/410 1407/55/410
f 1464/54/407 1522/54/407 1523/55/410 1465/55/410
f 1522/54/407 1580/54/407 1581/55/410 1523/55/410
f 1580/54/407 1638/54/407 1639/55/410 1581/55/410
f 1638/54/407 1696/54/407 1697/55/410 1639/55/410
f 1696/54/407 1754/54/407 1755/55/410 1697/55/410
f 1754/54/407 1812/54/407 1813/55/410 1755/55/410
f 1812/54/407 1870/54/407 1871/55/410 1813/55/410
f 1870/54/407 1928/54/407 1929/55/410 1871/55/410
f 1928/54/407 1986/54/407 1987/55/410 1929/55/410
f 1986/54/407 2044/54/407 2045/55/410 1987/55/410
f 2044/54/407 2102/54/408 2103/55/410 2045/55/410
f 2102/54/408 2160/54/409 2161/55/412 2103/55/410
f 1233/55/411 1291/55/410 1292/56/413 1234/56/414
f 1291/55/410 1349/55/410 1350/56/413 1292/56/413
f 1349/55/410 1407/55/410 1408/56/413 1350/56/413
f 1407/55/410 1465/55/410 1466/56/413 1408/56/413
f 1465/55/410 1523/55/410 1524/56/413 1466/56/413
f 1523/55/410 1581/55/410 1582/56/413 1524/56/413
f 1581/55/410 1639/55/410 1640/56/413 1582/56/413
f 1639/55/410 1697/55/410 1698/56/413 1640/56/413
f 1697/55/410 1755/55/410 1756/56/413 1698/56/413
f 1755/55/410 1813/55/410 1814/56/413 1756/56/413
f 1813/55/410 1871/55/410 1872/56/413 1814/56/413
f 1871/55/410 1929/55/410 1930/56/413 1872/56/413
f 1929/55/410 1987/55/410 1988/56/413 1930/56/413
f 1987/55/410 2045/55/410 2046/56/413 1988/56/413
f 2045/55/410 2103/55/410 2104/56/413 2046/56/413
f 2103/55/410 2161/55/412 2162/56/415 2104/56/413
f 1234/56/414 1292/56/413 1293/57/416 1235/57/417
f 1292/56/413 1350/56/413 1351/57/416 1293/57/416
f 1350/56/413 1408/56/413 1409/57/416 1351/57/416
f 1408/56/413 1466/56/413 1467/57/416 1409/57/416
f 1466/56/413 1524/56/413 1525/57/416 1467/57/416
f 1524/56/413 1582/56/413 1583/57/416 1525/57/416
f 1582/56/413 1640/56/413 1641/57/416 1583/57/416
f 1640/56/413 1698/56/413 1699/57/416 1641/57/416
f 1698/56/413 1756/56/413 1757/57/416 1699/57/416
f 1756/56/413 1814/56/413 1815/57/416 1757/57/416
f 1814/56/413 1872/56/413 1873/57/416 1815/57/416
f 1872/56/413 1930/56/413 1931/57/416 1873/57/416
f 1930/56/413 1988/56/413 1989/57/416 1931/57/416
f 1988/56/413 2046/56/413 2047/57/416 1989/57/416
f 2046/56/413 2104/56/413 2105/57/416 2047/57/416
f 2104/56/413 2162/56/415 2163/57/418 2105/57/416
f 1235/57/417 1293/57/416 1294/58/419 1236/58/420
f 1293/57/416 1351/57/416 1352/58/419 1294/58/419
f 1351/57/416 1409/57/416 1410/58/419 1352/58/419
f 1409/57/416 1467/57/416 1468/58/419 1410/58/419
f 1467/57/416 1525/57/416 1526/58/419 1468/58/419
f 1525/57/416 1583/57/416 1584/58/419 1526/58/419
f 1583/57/416 1641/57/416 1642/58/419 1584/58/419
f 1641/57/416 1699/57/416 1700/58/419 1642/58/419
f 1699/57/416 1757/57/416 1758/58/419 1700/58/419
f 1757/57/416 1815/57/416 1816/58/419 1758/58/419
f 1815/57/416 1873/57/416 1874/58/419 1816/58/419
f 1873/57/416 1931/57/416 1932/58/419 1874/58/419
f 1931/57/416 1989/57/416 1990/58/419 1932/58/419
f 1989/57/416 2047/57/416 2048/58/419 1990/58/419
f 2047/57/416 2105/57/416 2106/58/419 2048/58/419
f 2105/57/416 2163/57/418 2164/58/421 2106/58/419
f 1236/58/420 1294/58/419 1295/59/422 1237/59/423
f 1294/58/419 1352/58/419 1353/59/422 1295/59/422
f 1352/58/419 1410/58/419 1411/59/422 1353/59/422
f 1410/58/419 1468/58/419 1469/59/422 1411/59/422
f 1468/58/419 1526/58/419 1527/59/422 1469/59/422
f 1526/58/419 1584/58/419 1585/59/422 1527/59/422
f 1584/58/419 1642/58/419 1643/59/422 1585/59/422
f 1642/58/419 1700/58/419 1701/59/422 1643/59/422
f 1700/58/419 1758/58/419 1759/59/422 1701/59/422
f 1758/58/419 1816/58/419 1817/59/422 1759/59/422
f 1816/58/419 1874/58/419 1875/59/422 1817/59/422
f 1874/58/419 1932/58/419 1933/59/422 1875/59/422
f 1932/58/419 1990/58/419 1991/59/422 1933/59/422
f 1990/58/419 2048/58/419 2049/59/422 1991/59/422
f 2048/58/419 2106/58/419 2107/59/422 2049/59/422
f 2106/58/419 2164/58/421 2165/59/424 2107/59/422
f 1237/59/423 1295/59/422 1296/60/425 1238/60/426
f 1295/59/422 1353/59/422 1354/60/425 1296/60/425
f 1353/59/422 1411/59/422 1412/60/425 1354/60/425
f 1411/59/422 1469/59/422 1470/60/425 1412/60/425
f 1469/59/422 1527/59/422 1528/60/425 1470/60/425
f 1527/59/422 1585/59/422 1586/60/425 1528/60/425
f 1585/59/422 1643/59/422 1644/60/425 1586/60/425
f 1643/59/422 1701/59/422 1702/60/425 1644/60/425
f 1701/59/422 1759/59/422 1760/60/425 1702/60/425
f 1759/59/422 1817/59/422 1818/60/425 1760/60/425
f 1817/59/422 1875/59/422 1876/60/425 1818/60/425
f 1875/59/422 1933/59/422 1934/60/425 1876/60/425
f 1933/59/422 1991/59/422 1992/60/425 1934/60/425
f 1991/59/422 2049/59/422 2050/60/425 1992/60/425
f 2049/59/422 2107/59/422 2108/60/425 2050/60/425
f 2107/59/422 2165/59/424 2166/60/427 2108/60/425
f 1238/60/426 1296/60/425 1297/61/428 1239/61/429
f 1296/60/425 1354/60/425 1355/61/428 1297/61/428
f 1354/60/425 1412/60/425 1413/61/428 1355/61/428
f 1412/60/425 1470/60/425 1471/61/428 1413/61/428
f 1470/60/425 1528/60/425 1529/61/428 1471/61/428
f 1528/60/425 1586/60/425 1587/61/428 1529/61/428
f 1586/60/425 1644/60/425 1645/61/428 1587/61/428
f 1644/60/425 1702/60/425 1703/61/428 1645/61/428
f 1702/60/425 1760/60/425 1761/61/428 1703/61/428
f 1760/60/425 1818/60/425 1819/61/428 1761/61/428
f 1818/60/425 1876/60/425 1877/61/428 1819/61/428
f 1876/60/425 1934/60/425 1935/61/428 1877/61/428
f 1934/60/425 1992/60/425 1993/61/428 1935/61/428
f 1992/60/425 2050/60/425 2051/61/428 1993/61/428
f 2050/60/425 2108/60/425 2109/61/428 2051/61/428
f 2108/60/425 2166/60/427 2167/61/430 2109/61/428
f 1239/61/429 1297/61/428 1298/62/431 1240/62/432
f 1297/61/428 1355/61/428 1356/62/431 1298/62/431
f 1355/61/428 1413/61/428 1414/62/431 1356/62/431
f 1413/61/428 1471/61/428 1472/62/431 1414/62/431
f 1471/61/428 1529/61/428 1530/62/431 1472/62/431
f 1529/61/428 1587/61/428 1588/62/431 1530/62/431
f 1587/61/428 1645/61/428 1646/62/431 1588/62/431
f 1645/61/428 1703/61/428 1704/62/431 1646/62/431
f 1703/61/428 1761/61/428 1762/62/431 1704/62/431
f 1761/61/428 1819/61/428 1820/62/431 1762/62/431
f 1819/61/428 1877/61/428 1878/62/431 1820/62/431
f 1877/61/428 1935/61/428 1936/62/431 1878/62/431
f 1935/61/428 1993/61/428 1994/62/431 1936/62/431
f 1993/61/428 2051/61/428 2052/62/431 1994/62/431
f 2051/61/428 2109/61/428 2110/62/431 2052/62/431
f 2109/61/428 2167/61/430 2168/62/433 2110/62/431
f 1240/62/432 1298/62/431 1299/63/434 1241/63/435
f 1298/62/431 1356/62/431 1357/63/434 1299/63/434
f 1356/62/431 1414/62/431 1415/63/434 1357/63/434
f 1414/62/431 1472/62/431 1473/63/434 1415/63/434
f 1472/62/431 1530/62/431 1531/63/434 1473/63/434
f 1530/62/431 1588/62/431 1589/63/434 1531/63/434
f 1588/62/431 1646/62/431 1647/63/434 1589/63/434
f 1646/62/431 1704/62/431 1705/63/434 1647/63/434
f 1704/62/431 1762/62/431 1763/63/434 1705/63/434
f 1762/62/431 1820/62/431 1821/63/434 1763/63/434
f 1820/62/431 1878/62/431 1879/63/434 1821/63/434
f 1878/62/431 1936/62/431 1937/63/434 1879/63/434
f 1936/62/431 1994/62/431 1995/63/434 1937/63/434
f 1994/62/431 2052/62/431 2053/63/434 1995/63/434
f 2052/62/431 2110/62/431 2111/63/434 2053/63/434
f 2110/62/431 2168/62/433 2169/63/436 2111/63/434
f 1241/63/435 1299/63/434 1300/64/437 1242/64/438
f 1299/63/434 1357/63/434 1358/64/437 1300/64/437
f 1357/63/434 1415/63/434 1416/64/437 1358/64/437
f 1415/63/434 1473/63/434 1474/64/437 1416/64/437
f 1473/63/434 1531/63/434 1532/64/437 1474/64/437
f 1531/63/434 1589/63/434 1590/64/437 1532/64/437
f 1589/63/434 1647/63/434 1648/64/437 1590/64/437
f 1647/63/434 1705/63/434 1706/64/437 1648/64/437
f 1705/63/434 1763/63/434 1764/64/437 1706/64/437
f 1763/63/434 1821/63/434 1822/64/437 1764/64/437
f 1821/63/434 1879/63/434 1880/64/437 1822/64/437
f 1879/63/434 1937/63/434 1938/64/437 1880/64/437
f 1937/63/434 1995/63/434 1996/64/437 1938/64/437
f 1995/63/434 2053/63/434 2054/64/437 1996/64/437
f 2053/63/434 2111/63/434 2112/64/437 2054/64/437
f 2111/63/434 2169/63/436 2170/64/439 2112/64/437
f 1242/64/438 1300/64/437 1301/65/440 1243/65/441
f 1300/64/437 1358/64/437 1359/65/440 1301/65/440
f 1358/64/437 1416/64/437 1417/65/440 1359/65/440
f 1416/64/437 1474/64/437 1475/65/440 1417/65/440
f 1474/64/437 1532/64/437 1533/65/440 1475/65/440
f 1532/64/437 1590/64/437 1591/65/440 1533/65/440
f 1590/64/437 1648/64/437 1649/65/440 1591/65/440
f 1648/64/437 1706/64/437 1707/65/440 1649/65/440
f 1706/64/437 1764/64/437 1765/65/440 1707/65/440
f 1764/64/437 1822/64/437 1823/65/440 1765/65/440
f 1822/64/437 1880/64/437 1881/65/440 1823/65/440
f 1880/64/437 1938/64/437 1939/65/440 1881/65/440
f 1938/64/437 1996/64/437 1997/65/440 1939/65/440
f 1996/64/437 2054/64/437 2055/65/440 1997/65/440
f 2054/64/437 2112/64/437 2113/65/440 2055/65/440
f 2112/64/437 2170/64/439 2171/65/442 2113/65/440
f 1243/65/441 1301/65/440 1302/30/443 1244/30/444
f 1301/65/440 1359/65/440 1360/30/443 1302/30/443
f 1359/65/440 1417/65/440 1418/30/443 1360/30/443
f 1417/65/440 1475/65/440 1476/30/443 1418/30/443
f 1475/65/440 1533/65/440 1534/30/443 1476/30/443
f 1533/65/440 1591/65/440 1592/30/443 1534/30/443
f 1591/65/440 1649/65/440 1650/30/443 1592/30/443
f 1649/65/440 1707/65/440 1708/30/443 1650/30/443
f 1707/65/440 1765/65/440 1766/30/443 1708/30/443
f 1765/65/440 1823/65/440 1824/30/443 1766/30/443
f 1823/65/440 1881/65/440 1882/30/443 1824/30/443
f 1881/65/440 1939/65/440 1940/30/443 1882/30/443
f 1939/65/440 1997/65/440 1998/30/443 1940/30/443
f 1997/65/440 2055/65/440 2056/30/443 1998/30/443
f 2055/65/440 2113/65/440 2114/30/443 2056/30/443
f 2113/65/440 2171/65/442 2172/30/445 2114/30/443
f 1244/30/444 1302/30/443 1303/66/446 1245/66/447
f 1302/30/443 1360/30/443 1361/66/446 1303/66/446
f 1360/30/443 1418/30/443 1419/66/446 1361/66/446
f 1418/30/443 1476/30/443 1477/66/446 1419/66/446
f 1476/30/443 1534/30/443 1535/66/446 1477/66/446
f 1534/30/443 1592/30/443 1593/66/446 1535/66/446
f 1592/30/443 1650/30/443 1651/66/446 1593/66/446
f 1650/30/443 1708/30/443 1709/66/446 1651/66/446
f 1708/30/443 1766/30/443 1767/66/446 1709/66/446
f 1766/30/443 1824/30/443 1825/66/446 1767/66/446
f 1824/30/443 1882/30/443 1883/66/446 1825/66/446
f 1882/30/443 1940/30/443 1941/66/446 1883/66/446
f 1940/30/443 1998/30/443 1999/66/446 1941/66/446
f 1998/30/443 2056/30/443 2057/66/446 1999/66/446
f 2056/30/443 2114/30/443 2115/66/446 2057/66/446
f 2114/30/443 2172/30/445 2173/66/448 2115/66/446
f 1245/66/447 1303/66/446 1304/67/449 1246/67/450
f 1303/66/446 1361/66/446 1362/67/449 1304/67/449
f 1361/66/446 1419/66/446 1420/67/449 1362/67/449
f 1419/66/446 1477/66/446 1478/67/449 1420/67/449
f 1477/66/446 1535/66/446 1536/67/449 1478/67/449
f 1535/66/446 1593/66/446 1594/67/449 1536/67/449
f 1593/66/446 1651/66/446 1652/67/449 1594/67/449
f 1651/66/446 1709/66/446 1710/67/449 1652/67/449
f 1709/66/446 1767/66/446 1768/67/449 1710/67/449
f 1767/66/446 1825/66/446 1826/67/449 1768/67/449
f 1825/66/446 1883/66/446 1884/67/449 1826/67/449
f 1883/66/446 1941/66/446 1942/67/449 1884/67/449
f 1941/66/446 1999/66/446 2000/67/449 1942/67/449
f 1999/66/446 2057/66/446 2058/67/449 2000/67/449
f 2057/66/446 2115/66/446 2116/67/449 2058/67/449
f 2115/66/446 2173/66/448 2174/67/451 2116/67/449
f 1246/67/450 1304/67/449 1305/68/452 1247/68/453
f 1304/67/449 1362/67/449 1363/68/452 1305/68/452
f 1362/67/449 1420/67/449 1421/68/452 1363/68/452
f 1420/67/449 1478/67/449 1479/68/452 1421/68/452
f 1478/67/449 1536/67/449 1537/68/452 1479/68/452
f 1536/67/449 1594/67/449 1595/68/452 1537/68/452
f 1594/67/449 1652/67/449 1653/68/452 1595/68/452
f 1652/67/449 1710/67/449 1711/68/452 1653/68/452
f 1710/67/449 1768/67/449 1769/68/452 1711/68/452
f 1768/67/449 1826/67/449 1827/68/452 1769/68/452
f 1826/67/449 1884/67/449 1885/68/452 1827/68/452
f 1884/67/449 1942/67/449 1943/68/452 1885/68/452
f 1942/67/449 2000/67/449 2001/68/452 1943/68/452
f 2000/67/449 2058/67/449 2059/68/452 2001/68/452
f 2058/67/449 2116/67/449 2117/68/452 2059/68/452
f 2116/67/449 2174/67/451 2175/68/454 2117/68/452
f 1247/68/453 1305/68/452 1306/69/455 1248/69/456
f 1305/68/452 1363/68/452 1364/69/457 1306/69/455
f 1363/68/452 1421/68/452 1422/69/457 1364/69/457
f 1421/68/452 1479/68/452 1480/69/457 1422/69/457
f 1479/68/452 1537/68/452 1538/69/457 1480/69/457
f 1537/68/452 1595/68/452 1596/69/457 1538/69/457
f 1595/68/452 1653/68/452 1654/69/457 1596/69/457
f 1653/68/452 1711/68/452 1712/69/457 1654/69/457
f 1711/68/452 1769/68/452 1770/69/457 1712/69/457
f 1769/68/452 1827/68/452 1828/69/457 1770/69/457
f 1827/68/452 1885/68/452 1886/69/457 1828/69/457
f 1885/68/452 1943/68/452 1944/69/457 1886/69/457
f 1943/68/452 2001/68/452 2002/69/457 1944/69/457
f 2001/68/452 2059/68/452 2060/69/457 2002/69/457
f 2059/68/452 2117/68/452 2118/69/458 2060/69/457
f 2117/68/452 2175/68/454 2176/69/459 2118/69/458
f 1248/69/456 1306/69/455 1307/70/460 1249/70/461
f 1306/69/455 1364/69/457 1365/70/462 1307/70/460
f 1364/69/457 1422/69/457 1423/70/462 1365/70/462
f 1422/69/457 1480/69/457 1481/70/462 1423/70/462
f 1480/69/457 1538/69/457 1539/70/462 1481/70/462
f 1538/69/457 1596/69/457 1597/70/462 1539/70/462
f 1596/69/457 1654/69/457 1655/70/462 1597/70/462
f 1654/69/457 1712/69/457 1713/70/462 1655/70/462
f 1712/69/457 1770/69/457 1771/70/462 1713/70/462
f 1770/69/457 1828/69/457 1829/70/462 1771/70/462
f 1828/69/457 1886/69/457 1887/70/462 1829/70/462
f 1886/69/457 1944/69/457 1945/70/462 1887/70/462
f 1944/69/457 2002/69/457 2003/70/462 1945/70/462
f 2002/69/457 2060/69/457 2061/70/462 2003/70/462
f 2060/69/457 2118/69/458 2119/70/463 2061/70/462
f 2118/69/458 2176/69/459 2177/70/464 2119/70/463
f 1249/70/461 1307/70/460 1308/71/465 1250/71/466
f 1307/70/460 1365/70/462 1366/71/467 1308/71/465
f 1365/70/462 1423/70/462 1424/71/467 1366/71/467
f 1423/70/462 1481/70/462 1482/71/467 1424/71/467
f 1481/70/462 1539/70/462 1540/71/467 1482/71/467
f 1539/70/462 1597/70/462 1598/71/467 1540/71/467
f 1597/70/462 1655/70/462 1656/71/467 1598/71/467
f 1655/70/462 1713/70/462 1714/71/467 1656/71/467
f 1713/70/462 1771/70/462 1772/71/467 1714/71/467
f 1771/70/462 1829/70/462 1830/71/467 1772/71/467
f 1829/70/462 1887/70/462 1888/71/467 1830/71/467
f 1887/70/462 1945/70/462 1946/71/467 1888/71/467
f 1945/70/462 2003/70/462 2004/71/467 1946/71/467
f 2003/70/462 2061/70/462 2062/71/467 2004/71/467
f 2061/70/462 2119/70/463 2120/71/468 2062/71/467
f 2119/70/463 2177/70/464 2178/71/469 2120/71/468
f 1250/71/466 1308/71/465 1309/72/470 1251/72/471
f 1308/71/465 1366/71/467 1367/72/470 1309/72/470
f 1366/71/467 1424/71/467 1425/72/470 1367/72/470
f 1424/71/467 1482/71/467 1483/72/470 1425/72/470
f 1482/71/467 1540/71/467 1541/72/470 1483/72/470
f 1540/71/467 1598/71/467 1599/72/470 1541/72/470
f 1598/71/467 1656/71/467 1657/72/470 1599/72/470
f 1656/71/467 1714/71/467 1715/72/470 1657/72/470
f 1714/71/467 1772/71/467 1773/72/470 1715/72/470
f 1772/71/467 1830/71/467 1831/72/470 1773/72/470
f 1830/71/467 1888/71/467 1889/72/470 1831/72/470
f 1888/71/467 1946/71/467 1947/72/470 1889/72/470
f 1946/71/467 2004/71/467 2005/72/470 1947/72/470
f 2004/71/467 2062/71/467 2063/72/470 2005/72/470
f 2062/71/467 2120/71/468 2121/72/470 2063/72/470
f 2120/71/468 2178/71/469 2179/72/472 2121/72/470
f 1251/72/471 1309/72/470 1310/73/473 1252/73/474
f 1309/72/470 1367/72/470 1368/73/473 1310/73/473
f 1367/72/470 1425/72/470 1426/73/473 1368/73/473
f 1425/72/470 1483/72/470 1484/73/473 1426/73/473
f 1483/72/470 1541/72/470 1542/73/473 1484/73/473
f 1541/72/470 1599/72/470 1600/73/473 1542/73/473
f 1599/72/470 1657/72/470 1658/73/473 1600/73/473
f 1657/72/470 1715/72/470 1716/73/473 1658/73/473
f 1715/72/470 1773/72/470 1774/73/473 1716/73/473
f 1773/72/470 1831/72/470 1832/73/473 1774/73/473
f 1831/72/470 1889/72/470 1890/73/473 1832/73/473
f 1889/72/470 1947/72/470 1948/73/473 1890/73/473
f 1947/72/470 2005/72/470 2006/73/473 1948/73/473
f 2005/72/470 2063/72/470 2064/73/473 2006/73/473
f 2063/72/470 2121/72/470 2122/73/473 2064/73/473
f 2121/72/470 2179/72/472 2180/73/475 2122/73/473
f 1252/73/474 1310/73/473 1311/74/476 1253/74/477
f 1310/73/473 1368/73/473 1369/74/476 1311/74/476
f 1368/73/473 1426/73/473 1427/74/476 1369/74/476
f 1426/73/473 1484/73/473 1485/74/476 1427/74/476
f 1484/73/473 1542/73/473 1543/74/476 1485/74/476
f 1542/73/473 1600/73/473 1601/74/476 1543/74/476
f 1600/73/473 1658/73/473 1659/74/476 1601/74/476
f 1658/73/473 1716/73/473 1717/74/476 1659/74/476
f 1716/73/473 1774/73/473 1775/74/476 1717/74/476
f 1774/73/473 1832/73/473 1833/74/476 1775/74/476
f 1832/73/473 1890/73/473 1891/74/476 1833/74/476
f 1890/73/473 1948/73/473 1949/74/476 1891/74/476
f 1948/73/473 2006/73/473 2007/74/476 1949/74/476
f 2006/73/473 2064/73/473 2065/74/476 2007/74/476
f 2064/73/473 2122/73/473 2123/74/476 2065/74/476
f 2122/73/473 2180/73/475 2181/74/478 2123/74/476
f 1253/74/477 1311/74/476 1312/75/479 1254/75/480
f 1311/74/476 1369/74/476 1370/75/481 1312/75/479
f 1369/74/476 1427/74/476 1428/75/481 1370/75/481
f 1427/74/476 1485/74/476 1486/75/481 1428/75/481
f 1485/74/476 1543/74/476 1544/75/481 1486/75/481
f 1543/74/476 1601/74/476 1602/75/481 1544/75/481
f 1601/74/476 1659/74/476 1660/75/481 1602/75/481
f 1659/74/476 1717/74/476 1718/75/481 1660/75/481
f 1717/74/476 1775/74/476 1776/75/481 1718/75/481
f 1775/74/476 1833/74/476 1834/75/481 1776/75/481
f 1833/74/476 1891/74/476 1892/75/481 1834/75/481
f 1891/74/476 1949/74/476 1950/75/481 1892/75/481
f 1949/74/476 2007/74/476 2008/75/481 1950/75/481
f 2007/74/476 2065/74/476 2066/75/481 2008/75/481
f 2065/74/476 2123/74/476 2124/75/481 2066/75/481
f 2123/74/476 2181/74/478 2182/75/482 2124/75/481
f 2238/113/483 1254/75/480 1312/75/479 2237/114/484
f 2237/114/484 1312/75/479 1370/75/481 2239/115/485
f 2239/115/485 1370/75/481 1428/75/481 2240/116/486
f 2240/116/486 1428/75/481 1486/75/481 2241/117/487
f 2241/117/487 1486/75/481 1544/75/481 2242/118/485
f 2242/118/485 1544/75/481 1602/75/481 2243/119/486
f 2243/119/486 1602/75/481 1660/75/481 2244/120/487
f 2244/120/487 1660/75/481 1718/75/481 2245/121/485
f 2245/121/485 1718/75/481 1776/75/481 2246/122/488
f 2246/122/488 1776/75/481 1834/75/481 2247/123/489 2248/124/490
f 2247/123/489 1834/75/481 1892/75/481 2249/125/491
f 2249/125/491 1892/75/481 1950/75/481 2250/126/491
f 2250/126/491 1950/75/481 2008/75/481 2251/127/492
f 2251/127/492 2008/75/481 2066/75/481 2252/128/493
f 2252/128/493 2066/75/481 2124/75/481 2253/129/494
f 2253/129/494 2124/75/481 2182/75/482 2254/130/495
f 2220/96/250 1197/1/249 2/1/1 2183/3/4
f 4/20/12 2/1/1 1197/1/249 1198/20/264
f 6/21/15 4/20/12 1198/20/264 1199/21/267
f 9/22/18 6/21/15 1199/21/267 1200/22/270
f 11/23/21 9/22/18 1200/22/270 1201/23/273
f 12/24/25 11/23/21 1201/23/273 1202/24/276
f 14/25/29 12/24/25 1202/24/276 1203/25/281
f 16/26/34 14/25/29 1203/25/281 1204/26/286
f 19/27/39 16/26/34 1204/26/286 1205/27/291
f 20/28/43 19/27/39 1205/27/291 1206/28/295
f 23/29/46 20/28/43 1206/28/295 1207/29/298
f 25/30/49 23/29/46 1207/29/298 1208/30/301
f 27/31/52 25/30/49 1208/30/301 1209/31/304
f 28/32/55 27/31/52 1209/31/304 1210/32/307
f 31/33/58 28/32/55 1210/32/307 1211/33/310
f 33/34/61 31/33/58 1211/33/310 1212/34/313
f 35/35/64 33/34/61 1212/34/313 1213/35/316
f 37/36/67 35/35/64 1213/35/316 1214/36/319
f 39/37/70 37/36/67 1214/36/319 1215/37/322
f 41/38/73 39/37/70 1215/37/322 1216/38/325
f 42/39/77 41/38/73 1216/38/325 1217/39/329
f 45/40/81 42/39/77 1217/39/329 1218/40/332
f 46/41/85 45/40/81 1218/40/332 1219/41/335
f 49/42/88 46/41/85 1219/41/335 1220/42/338
f 51/43/92 49/42/88 1220/42/338 1221/43/341
f 53/44/98 51/43/92 1221/43/341 1222/44/345
f 55/45/104 53/44/98 1222/44/345 1223/45/349
f 57/46/109 55/45/104 1223/45/349 1224/46/354
f 59/47/114 57/46/109 1224/46/354 1225/47/359
f 61/48/119 59/47/114 1225/47/359 1226/48/364
f 62/49/124 61/48/119 1226/48/364 1227/49/369
f 64/50/129 62/49/124 1227/49/369 1228/50/376
f 66/51/135 64/50/129 1228/50/376 1229/51/384
f 68/52/141 66/51/135 1229/51/384 1230/52/392
f 70/53/146 68/52/141 1230/52/392 1231/53/399
f 72/54/151 70/53/146 1231/53/399 1232/54/406
f 75/55/154 72/54/151 1232/54/406 1233/55/411
f 77/56/157 75/55/154 1233/55/411 1234/56/414
f 79/57/160 77/56/157 1234/56/414 1235/57/417
f 81/58/163 79/57/160 1235/57/417 1236/58/420
f 83/59/166 81/58/163 1236/58/420 1237/59/423
f 85/60/169 83/59/166 1237/59/423 1238/60/426
f 86/61/172 85/60/169 1238/60/426 1239/61/429
f 89/62/176 86/61/172 1239/61/429 1240/62/432
f 90/63/180 89/62/176 1240/62/432 1241/63/435
f 92/64/183 90/63/180 1241/63/435 1242/64/438
f 94/65/187 92/64/183 1242/64/438 1243/65/441
f 97/30/190 94/65/187 1243/65/441 1244/30/444
f 99/66/193 97/30/190 1244/30/444 1245/66/447
f 101/67/196 99/66/193 1245/66/447 1246/67/450
f 102/68/199 101/67/196 1246/67/450 1247/68/453
f 104/69/202 102/68/199 1247/68/453 1248/69/456
f 106/70/207 104/69/202 1248/69/456 1249/70/461
f 108/71/212 106/70/207 1249/70/461 1250/71/466
f 110/72/216 108/71/212 1250/71/466 1251/72/471
f 112/73/220 110/72/216 1251/72/471 1252/73/474
f 114/74/224 112/73/220 1252/73/474 1253/74/477
f 116/75/228 114/74/224 1253/74/477 1254/75/480
f 119/76/232 116/75/228 1254/75/480 2238/113/483 2255/76/496
f 2255/76/496 2201/78/238 119/76/232
f 1138/1/10 2125/1/262 2236/112/261 2200/19/11
f 1138/1/10 1139/20/14 2126/20/265 2125/1/262
f 1139/20/14 1140/21/17 2127/21/268 2126/20/265
f 1140/21/17 1141/22/20 2128/22/271 2127/21/268
f 1141/22/20 1142/23/24 2129/23/274 2128/22/271
f 1142/23/24 1143/24/28 2130/24/279 2129/23/274
f 1143/24/28 1144/25/33 2131/25/284 2130/24/279
f 1144/25/33 1145/26/38 2132/26/289 2131/25/284
f 1145/26/38 1146/27/42 2133/27/293 2132/26/289
f 1146/27/42 1147/28/45 2134/28/296 2133/27/293
f 1147/28/45 1148/29/48 2135/29/299 2134/28/296
f 1148/29/48 1149/30/51 2136/30/302 2135/29/299
f 1149/30/51 1150/31/54 2137/31/305 2136/30/302
f 1150/31/54 1151/32/57 2138/32/308 2137/31/305
f 1151/32/57 1152/33/60 2139/33/311 2138/32/308
f 1152/33/60 1153/34/63 2140/34/314 2139/33/311
f 1153/34/63 1154/35/66 2141/35/317 2140/34/314
f 1154/35/66 1155/36/69 2142/36/320 2141/35/317
f 1155/36/69 1156/37/72 2143/37/323 2142/36/320
f 1156/37/72 1157/38/76 2144/38/327 2143/37/323
f 1157/38/76 1158/39/80 2145/39/330 2144/38/327
f 1158/39/80 1159/40/84 2146/40/333 2145/39/330
f 1159/40/84 1160/41/87 2147/41/336 2146/40/333
f 1160/41/87 1161/42/91 2148/42/339 2147/41/336
f 1161/42/91 1162/43/97 2149/43/343 2148/42/339
f 1162/43/97 1163/44/103 2150/44/347 2149/43/343
f 1163/44/103 1164/45/108 2151/45/352 2150/44/347
f 1164/45/108 1165/46/113 2152/46/357 2151/45/352
f 1165/46/113 1166/47/118 2153/47/362 2152/46/357
f 1166/47/118 1167/48/123 2154/48/367 2153/47/362
f 1167/48/123 1168/49/128 2155/49/374 2154/48/367
f 1168/49/128 1169/50/134 2156/50/382 2155/49/374
f 1169/50/134 1170/51/140 2157/51/390 2156/50/382
f 1170/51/140 1171/52/145 2158/52/397 2157/51/390
f 1171/52/145 1172/53/150 2159/53/404 2158/52/397
f 1172/53/150 1173/54/153 2160/54/409 2159/53/404
f 1173/54/153 1174/55/156 2161/55/412 2160/54/409
f 1174/55/156 1175/56/159 2162/56/415 2161/55/412
f 1175/56/159 1176/57/162 2163/57/418 2162/56/415
f 1176/57/162 1177/58/165 2164/58/421 2163/57/418
f 1177/58/165 1178/59/168 2165/59/424 2164/58/421
f 1178/59/168 1179/60/171 2166/60/427 2165/59/424
f 1179/60/171 1180/61/175 2167/61/430 2166/60/427
f 1180/61/175 1181/62/179 2168/62/433 2167/61/430
f 1181/62/179 1182/63/182 2169/63/436 2168/62/433
f 1182/63/182 1183/64/186 2170/64/439 2169/63/436
f 1183/64/186 1184/65/189 2171/65/442 2170/64/439
f 1184/65/189 1185/30/192 2172/30/445 2171/65/442
f 1185/30/192 1186/66/195 2173/66/448 2172/30/445
f 1186/66/195 1187/67/198 2174/67/451 2173/66/448
f 1187/67/198 1188/68/201 2175/68/454 2174/67/451
f 1188/68/201 1189/69/206 2176/69/459 2175/68/454
f 1189/69/206 1190/70/211 2177/70/464 2176/69/459
f 1190/70/211 1191/71/215 2178/71/469 2177/70/464
f 1191/71/215 1192/72/219 2179/72/472 2178/71/469
f 1192/72/219 1193/73/223 2180/73/475 2179/72/472
f 1193/73/223 1194/74/227 2181/74/478 2180/73/475
f 1194/74/227 1195/75/231 2182/75/482 2181/74/478
f 1195/75/231 1196/76/236 2256/76/497 2254/130/495 2182/75/482
f 2256/76/497 1196/76/236 2218/94/246
s 0
f 2259/54/498 359/54/498 2203/54/498
f 334/54/499 331/54/499 330/54/499 328/54/499 325/54/499 324/54/499 322/54/499 319/54/499 317/54/499 315/54/499 314/54/499 312/54/499 309/54/499 308/54/499 306/54/499 304/54/499 301/54/499 300/54/499 298/54/499 295/54/499 293/54/499 291/54/499 290/54/499 287/54/499 285/54/499 283/54/499 282/54/499 280/54/499 277/54/499 276/54/499 273/54/499 272/54/499 269/54/499 267/54/499 265/54/499 2185/54/499 2257/54/499 2258/54/499 368/54/499 367/54/499 366/54/499 365/54/499 364/54/499 363/54/499 362/54/499 361/54/499 360/54/499 359/54/499 2259/54/499 2203/54/499 358/54/499 357/54/499 356/54/499 355/54/499 354/54/499 353/54/499 352/54/499 351/54/499 350/54/499 349/54/499 348/54/499 347/54/499 346/54/499 345/54/499 344/54/499 343/54/499 342/54/499 341/54/499 340/54/499 339/54/499 338/54/499 337/54/499 336/54/499 335/54/499
f 2185/54/500 263/54/500 370/54/500 369/54/500 368/54/500 2258/54/500 2257/54/500
s 1
f 2213/131/244 22/132/501 1/133/502 24/134/503 47/135/504 2248/136/490 2247/137/489 2249/138/491 2250/139/491 2251/140/492 2252/141/493 2253/142/494 2254/143/495 2256/144/497 2218/145/246 2217/146/245 2216/147/245 2215/148/245 2214/149/243
f 3/150/505 26/151/506 24/152/503 1/54/502
f 5/153/507 29/154/508 26/151/506 3/150/505
f 7/155/509 30/156/510 29/154/508 5/153/507
f 8/157/511 32/158/512 30/156/510 7/155/509
f 2231/159/256 34/160/513 32/158/512 8/157/511 10/161/514 2196/162/9 2195/163/8 2197/164/8 2198/165/8 2199/166/8 2200/167/11 2236/168/261 2235/169/260 2234/170/259 2233/171/258 2232/172/257 2230/173/255
f 2185/174/7 2186/175/3 2187/176/3 2188/177/3 2189/178/3 2190/179/3 2191/180/3 2192/181/3 2193/182/3 2194/183/3 2196/162/9 10/161/514 2258/184/515 2257/185/516
f 2258/184/515 13/186/517 36/187/518 34/160/513 2231/159/256 2229/188/254 2228/189/252 2227/190/252 2226/191/252 2225/192/252 2224/193/252 2223/194/252 2222/195/252 2221/196/251 2219/197/247 2220/198/250 2183/199/4 2184/200/3 2185/174/6 2257/185/516
f 15/201/519 38/202/520 36/187/518 13/186/517
f 17/203/521 40/204/522 38/202/520 15/201/519
f 18/205/523 43/206/524 40/204/522 17/203/521
f 21/207/525 44/208/526 43/206/524 18/205/523
f 2248/136/490 47/135/504 44/208/526 21/207/525 2259/209/527 2203/210/239 2202/211/237 2201/212/238 2255/213/496 2238/214/483 2237/215/484 2239/216/485 2240/217/486 2241/218/487 2242/219/485 2243/220/486 2244/221/487 2245/222/485 2246/223/488
f 2259/209/527 22/132/501 2213/131/244 2212/224/242 2211/225/237 2210/226/237 2209/227/237 2208/228/237 2207/229/237 2206/230/237 2205/231/241 2204/232/237 2203/210/240
f 24/134/503 48/233/503 71/234/504 47/135/504
f 26/151/506 50/235/506 48/236/503 24/152/503
f 29/154/508 52/237/508 50/235/506 26/151/506
f 30/156/510 54/238/510 52/237/508 29/154/508
f 32/158/512 56/239/512 54/238/510 30/156/510
f 34/160/513 58/240/513 56/239/512 32/158/512
f 36/187/518 60/241/518 58/240/513 34/160/513
f 38/202/520 63/242/520 60/241/518 36/187/518
f 40/204/522 65/243/522 63/242/520 38/202/520
f 43/206/524 67/244/524 65/243/522 40/204/522
f 44/208/526 69/245/526 67/244/524 43/206/524
f 47/135/504 71/234/504 69/245/526 44/208/526
f 48/233/503 73/246/503 95/247/504 71/234/504
f 50/235/506 74/248/506 73/249/503 48/236/503
f 52/237/508 76/250/508 74/248/506 50/235/506
f 54/238/510 78/251/510 76/250/508 52/237/508
f 56/239/512 80/252/512 78/251/510 54/238/510
f 58/240/513 82/253/513 80/252/512 56/239/512
f 60/241/518 84/254/518 82/253/513 58/240/513
f 63/242/520 87/255/520 84/254/518 60/241/518
f 65/243/522 88/256/522 87/255/520 63/242/520
f 67/244/524 91/257/524 88/256/522 65/243/522
f 69/245/526 93/258/526 91/257/524 67/244/524
f 71/234/504 95/247/504 93/258/526 69/245/526
f 73/246/503 96/259/503 118/260/504 95/247/504
f 74/248/506 98/261/506 96/262/503 73/249/503
f 76/250/508 100/263/508 98/261/506 74/248/506
f 78/251/510 103/264/510 100/263/508 76/250/508
f 80/252/512 105/265/512 103/264/510 78/251/510
f 82/253/513 107/266/513 105/265/512 80/252/512
f 84/254/518 109/267/518 107/266/513 82/253/513
f 87/255/520 111/268/520 109/267/518 84/254/518
f 88/256/522 113/269/522 111/268/520 87/255/520
f 91/257/524 115/270/524 113/269/522 88/256/522
f 93/258/526 117/271/526 115/270/524 91/257/524
f 95/247/504 118/260/504 117/271/526 93/258/526
f 96/259/503 120/272/503 131/273/504 118/260/504
f 98/261/506 121/274/506 120/275/503 96/262/503
f 100/263/508 122/276/508 121/274/506 98/261/506
f 103/264/510 123/277/510 122/276/508 100/263/508
f 105/265/512 124/278/512 123/277/510 103/264/510
f 107/266/513 125/279/513 124/278/512 105/265/512
f 109/267/518 126/280/518 125/279/513 107/266/513
f 111/268/520 127/281/520 126/280/518 109/267/518
f 113/269/522 128/282/522 127/281/520 111/268/520
f 115/270/524 129/283/524 128/282/522 113/269/522
f 117/271/526 130/284/526 129/283/524 115/270/524
f 118/260/504 131/273/504 130/284/526 117/271/526
f 120/272/503 132/285/503 154/286/504 131/273/504
f 121/274/506 133/287/506 132/288/503 120/275/503
f 122/276/508 135/289/508 133/287/506 121/274/506
f 123/277/510 137/290/510 135/289/508 122/276/508
f 124/278/512 140/291/512 137/290/510 123/277/510
f 125/279/513 141/292/513 140/291/512 124/278/512
f 126/280/518 144/293/518 141/292/513 125/279/513
f 127/281/520 146/294/520 144/293/518 126/280/518
f 128/282/522 147/295/522 146/294/520 127/281/520
f 129/283/524 150/296/524 147/295/522 128/282/522
f 130/284/526 152/297/526 150/296/524 129/283/524
f 131/273/504 154/286/504 152/297/526 130/284/526
f 132/285/503 155/298/503 177/299/504 154/286/504
f 133/287/506 158/300/506 155/301/503 132/288/503
f 135/289/508 160/302/508 158/300/506 133/287/506
f 137/290/510 162/303/510 160/302/508 135/289/508
f 140/291/512 164/304/512 162/303/510 137/290/510
f 141/292/513 166/305/513 164/304/512 140/291/512
f 144/293/518 167/306/518 166/305/513 141/292/513
f 146/294/520 169/307/520 167/306/518 144/293/518
f 147/295/522 171/308/522 169/307/520 146/294/520
f 150/296/524 173/309/524 171/308/522 147/295/522
f 152/297/526 175/310/526 173/309/524 150/296/524
f 154/286/504 177/299/504 175/310/526 152/297/526
f 155/298/503 179/311/503 202/312/504 177/299/504
f 158/300/506 182/313/506 179/314/503 155/301/503
f 160/302/508 184/315/508 182/313/506 158/300/506
f 162/303/510 185/316/510 184/315/508 160/302/508
f 164/304/512 187/317/512 185/316/510 162/303/510
f 166/305/513 190/318/513 187/317/512 164/304/512
f 167/306/518 192/319/518 190/318/513 166/305/513
f 169/307/520 194/320/520 192/319/518 167/306/518
f 171/308/522 196/321/522 194/320/520 169/307/520
f 173/309/524 198/322/524 196/321/522 171/308/522
f 175/310/526 200/323/526 198/322/524 173/309/524
f 177/299/504 202/312/504 200/323/526 175/310/526
f 179/311/503 203/324/503 225/325/504 202/312/504
f 182/313/506 205/326/506 203/327/503 179/314/503
f 184/315/508 207/328/508 205/326/506 182/313/506
f 185/316/510 209/329/510 207/328/508 184/315/508
f 187/317/512 212/330/512 209/329/510 185/316/510
f 190/318/513 214/331/513 212/330/512 187/317/512
f 192/319/518 215/332/518 214/331/513 190/318/513
f 194/320/520 217/333/520 215/332/518 192/319/518
f 196/321/522 219/334/522 217/333/520 194/320/520
f 198/322/524 221/335/524 219/334/522 196/321/522
f 200/323/526 224/336/526 221/335/524 198/322/524
f 202/312/504 225/325/504 224/336/526 200/323/526
f 203/324/503 228/337/503 249/338/504 225/325/504
f 205/326/506 229/339/506 228/340/503 203/327/503
f 207/328/508 232/341/508 229/339/506 205/326/506
f 209/329/510 234/342/510 232/341/508 207/328/508
f 212/330/512 236/343/512 234/342/510 209/329/510
f 214/331/513 238/344/513 236/343/512 212/330/512
f 215/332/518 240/345/518 238/344/513 214/331/513
f 217/333/520 242/346/520 240/345/518 215/332/518
f 219/334/522 244/347/522 242/346/520 217/333/520
f 221/335/524 246/348/524 244/347/522 219/334/522
f 224/336/526 248/349/526 246/348/524 221/335/524
f 225/325/504 249/338/504 248/349/526 224/336/526
f 228/337/503 251/350/503 262/351/504 249/338/504
f 229/339/506 252/352/506 251/353/503 228/340/503
f 232/341/508 253/354/508 252/352/506 229/339/506
f 234/342/510 254/355/510 253/354/508 232/341/508
f 236/343/512 255/356/512 254/355/510 234/342/510
f 238/344/513 256/357/513 255/356/512 236/343/512
f 240/345/518 257/358/518 256/357/513 238/344/513
f 242/346/520 258/359/520 257/358/518 240/345/518
f 244/347/522 259/360/522 258/359/520 242/346/520
f 246/348/524 260/361/524 259/360/522 244/347/522
f 248/349/526 261/362/526 260/361/524 246/348/524
f 249/338/504 262/351/504 261/362/526 248/349/526
f 251/350/503 264/363/503 286/364/504 262/351/504
f 252/352/506 266/365/506 264/366/503 251/353/503
f 253/354/508 268/367/508 266/365/506 252/352/506
f 254/355/510 270/368/510 268/367/508 253/354/508
f 255/356/512 271/369/512 270/368/510 254/355/510
f 256/357/513 274/370/513 271/369/512 255/356/512
f 257/358/518 275/371/518 274/370/513 256/357/513
f 258/359/520 278/372/520 275/371/518 257/358/518
f 259/360/522 279/373/522 278/372/520 258/359/520
f 260/361/524 281/374/524 279/373/522 259/360/522
f 261/362/526 284/375/526 281/374/524 260/361/524
f 262/351/504 286/364/504 284/375/526 261/362/526
f 264/363/503 288/376/503 310/377/504 286/364/504
f 266/365/506 289/378/506 288/379/503 264/366/503
f 268/367/508 292/380/508 289/378/506 266/365/506
f 270/368/510 294/381/510 292/380/508 268/367/508
f 271/369/512 296/382/512 294/381/510 270/368/510
f 274/370/513 297/383/513 296/382/512 271/369/512
f 275/371/518 299/384/518 297/383/513 274/370/513
f 278/372/520 302/385/520 299/384/518 275/371/518
f 279/373/522 303/386/522 302/385/520 278/372/520
f 281/374/524 305/387/524 303/386/522 279/373/522
f 284/375/526 307/388/526 305/387/524 281/374/524
f 286/364/504 310/377/504 307/388/526 284/375/526
f 288/376/503 311/389/528 333/390/529 310/377/504
f 289/378/506 313/391/530 311/392/528 288/379/503
f 292/380/508 316/393/531 313/391/530 289/378/506
f 294/381/510 318/394/532 316/393/531 292/380/508
f 296/382/512 320/395/533 318/394/532 294/381/510
f 297/383/513 321/396/534 320/395/533 296/382/512
f 299/384/518 323/397/535 321/396/534 297/383/513
f 302/385/520 326/398/536 323/397/535 299/384/518
f 303/386/522 327/399/537 326/398/536 302/385/520
f 305/387/524 329/400/538 327/399/537 303/386/522
f 307/388/526 332/401/539 329/400/538 305/387/524
f 310/377/504 333/390/529 332/401/539 307/388/526
f 1/133/502 22/132/501 2260/133/540
f 5/153/507 3/150/505 2260/153/540
f 13/186/517 2258/184/515 2260/186/540
f 21/207/525 18/205/523 2260/207/540
f 10/161/514 8/157/511 2260/161/540
f 3/150/505 1/54/502 2260/150/540
f 15/201/519 13/186/517 2260/201/540
f 8/157/511 7/155/509 2260/157/540
f 22/132/501 2259/209/527 2260/132/540
f 18/205/523 17/203/521 2260/205/540
f 2259/209/527 21/207/525 2260/209/540
f 2258/184/515 10/161/514 2260/184/540
f 17/203/521 15/201/519 2260/203/540
f 7/155/509 5/153/507 2260/155/540
f 313/391/530 316/393/531 318/394/532 320/395/533 321/396/534 323/397/535 326/398/536 327/399/537 329/400/538 332/401/539 333/390/529 311/392/528
