# Blender 4.4.1
# www.blender.org
mtllib Fish.mtl
o Fish
v -0.063428 -0.012250 0.782376
v -0.066075 0.004786 0.761285
v -0.072186 -0.036202 0.743380
v -0.087990 -0.067955 0.682424
v -0.085642 -0.090864 0.673631
v -0.089696 -0.050705 0.682993
v -0.080218 -0.081062 0.685283
v -0.077991 -0.008006 0.740641
v -0.090191 -0.020220 0.698900
v -0.074603 -0.015181 0.751897
v -0.096203 -0.127465 0.635578
v -0.105272 -0.131029 0.605989
v -0.102733 -0.164421 0.568205
v -0.112104 -0.102362 0.595179
v -0.099951 -0.078086 0.648780
v -0.092879 -0.108938 0.654568
v -0.101400 -0.106539 0.634875
v -0.107409 -0.045410 0.620753
v -0.091147 -0.035884 0.680537
v -0.109864 -0.017387 0.616660
v -0.101180 -0.188879 0.526277
v -0.131490 -0.113225 0.479886
v -0.111844 -0.135147 0.573325
v -0.119872 -0.125912 0.542169
v -0.108270 -0.074726 0.620627
v -0.121743 -0.035192 0.553993
v -0.133734 0.008104 0.508820
v -0.129697 -0.037118 0.509301
v -0.113332 -0.178852 0.491418
v -0.135279 -0.126021 0.439626
v -0.125357 -0.168357 0.438836
v -0.136191 -0.045681 0.464470
v -0.121374 -0.186708 0.410141
v -0.149612 -0.136017 0.287788
v -0.148192 -0.104020 0.342077
v -0.150826 0.004434 0.387801
v -0.134805 -0.176200 0.333127
v -0.137257 -0.162952 0.352714
v -0.148422 -0.159192 0.241734
v -0.154589 -0.105036 0.272252
v -0.152276 -0.051222 0.310898
v -0.152943 -0.045035 0.272796
v -0.147375 -0.046590 0.376966
v -0.153282 -0.014290 0.318033
v -0.154169 0.004621 0.285543
v -0.151623 -0.007897 0.254599
v -0.155934 -0.137541 0.198152
v -0.154602 -0.065494 0.244345
v -0.152876 -0.061529 0.198446
v -0.150042 -0.028815 0.226302
v -0.154347 -0.153726 0.159820
v -0.157744 -0.110982 0.209569
v -0.157514 -0.134237 0.131219
v -0.150294 -0.153971 0.069542
v -0.147324 -0.100887 0.042767
v -0.016745 -0.002189 0.867913
v -0.072454 -0.053302 0.736756
v -0.066422 -0.060712 0.748831
v -0.044707 -0.045125 0.808847
v -0.047701 -0.063046 0.792950
v -0.056047 -0.053039 0.781319
v -0.027188 -0.071218 0.833238
v -0.051533 -0.071828 0.769862
v -0.023492 -0.083754 0.817795
v -0.055771 -0.029574 0.785472
v -0.063957 -0.006357 0.780825
v -0.045533 -0.013306 0.810754
v -0.063244 -0.170279 0.667198
v -0.051320 -0.185444 0.670387
v -0.053570 -0.163499 0.690286
v -0.072864 -0.142571 0.663900
v -0.063123 -0.136027 0.675581
v -0.044707 -0.158450 0.704795
v -0.060174 -0.115628 0.680103
v -0.082993 -0.122788 0.659172
v -0.052495 -0.087421 0.730070
v -0.069237 -0.081894 0.702493
v -0.059408 -0.107516 0.686528
v -0.080251 -0.066133 0.700023
v -0.084819 -0.162622 0.626882
v -0.072830 -0.183999 0.623176
v -0.092675 -0.140038 0.632103
v -0.086114 -0.205939 0.523403
v -0.092973 -0.177381 0.579893
v -0.088024 -0.191237 0.566253
v -0.103857 -0.198465 0.477560
v -0.084592 -0.227940 0.409348
v -0.098005 -0.217719 0.396172
v -0.118667 -0.198218 0.367205
v -0.121735 -0.206765 0.262346
v -0.140503 -0.177628 0.252976
v -0.134100 -0.186463 0.280153
v -0.149456 -0.168511 0.161204
v -0.144409 -0.179402 0.153560
v -0.130191 -0.200749 0.185115
v -0.141820 -0.004440 0.147615
v -0.144600 -0.037114 0.131995
v -0.143522 -0.167848 0.036337
v -0.143033 -0.153119 -0.014782
v -0.139187 -0.178364 0.055236
v -0.130026 -0.195533 0.082190
v -0.147977 -0.139267 0.010273
v -0.158506 -0.111246 0.159494
v -0.157028 -0.098552 0.143908
v -0.141786 -0.063615 0.059953
v -0.136504 -0.026147 0.068619
v 0.004117 -0.063076 0.891038
v 0.002410 -0.083625 0.873925
v -0.020270 -0.051859 0.858477
v -0.023513 -0.063010 0.849299
v -0.010970 -0.076157 0.860367
v 0.004144 -0.079058 0.883037
v -0.023922 -0.155443 0.737007
v -0.024676 -0.182056 0.726264
v -0.016245 -0.163600 0.754541
v -0.001638 -0.163695 0.785342
v -0.033199 -0.096109 0.752278
v -0.022913 -0.102587 0.752155
v 0.004874 -0.094241 0.853661
v -0.014463 -0.109966 0.744533
v -0.036753 -0.202245 0.663913
v -0.032822 -0.169980 0.721999
v -0.046230 -0.173341 0.696697
v -0.038369 -0.129766 0.701651
v -0.038926 -0.146273 0.708175
v -0.019073 -0.132835 0.724947
v -0.018488 -0.123779 0.725562
v -0.032662 -0.107109 0.726013
v -0.041969 -0.108813 0.708933
v -0.021164 -0.116624 0.727250
v -0.063133 -0.199998 0.610207
v -0.048816 -0.219333 0.578921
v -0.030626 -0.216614 0.633218
v -0.040683 -0.259273 0.416218
v -0.063971 -0.243662 0.413198
v -0.063952 -0.220923 0.529114
v -0.107635 -0.218886 0.313596
v -0.101854 -0.234408 0.218347
v -0.087817 -0.249921 0.149192
v -0.118375 -0.211928 0.104559
v -0.115736 -0.219159 0.158328
v -0.118120 -0.201257 0.025407
v 0.027790 -0.093706 0.901774
v 0.025585 -0.079689 0.910643
v 0.031387 -0.089730 0.909328
v 0.048580 -0.088104 0.924096
v 0.033224 -0.059956 0.921368
v 0.001010 -0.167626 0.790526
v 0.013449 -0.176121 0.804280
v 0.030679 -0.169760 0.824637
v 0.034659 -0.161334 0.822751
v 0.028461 -0.190187 0.813363
v -0.007819 -0.105032 0.770686
v 0.026915 -0.099197 0.885808
v 0.021016 -0.103596 0.844911
v 0.013108 -0.108871 0.780387
v -0.012094 -0.176514 0.757479
v 0.002541 -0.185036 0.776506
v 0.008049 -0.156151 0.791837
v -0.001821 -0.152564 0.774062
v -0.018542 -0.144778 0.734708
v -0.000518 -0.133421 0.740409
v -0.001042 -0.141191 0.749286
v 0.015791 -0.125960 0.745082
v 0.004190 -0.111280 0.761315
v -0.000368 -0.116874 0.745004
v 0.002653 -0.196115 0.757007
v -0.001995 -0.123998 0.737879
v -0.021208 -0.247323 0.530618
v -0.052083 -0.268621 0.319233
v -0.076869 -0.254854 0.275372
v -0.076167 -0.259453 0.233982
v -0.080933 -0.257676 0.181756
v -0.067671 -0.268624 0.189584
v -0.091336 -0.238797 0.085609
v -0.103005 -0.209058 -0.015673
v 0.052997 -0.096973 0.917643
v 0.050410 -0.103698 0.893491
v 0.062796 -0.103109 0.904394
v 0.059062 -0.068694 0.939172
v 0.065976 -0.078944 0.938322
v 0.057834 -0.008552 0.945712
v 0.015792 -0.208798 0.754492
v 0.052306 -0.202068 0.837198
v 0.058001 -0.208129 0.833755
v 0.058933 -0.193118 0.860551
v 0.030134 -0.181018 0.822982
v 0.057169 -0.174376 0.865026
v 0.066780 -0.183676 0.877854
v 0.059873 -0.163971 0.862502
v 0.035552 -0.151378 0.804116
v 0.048465 -0.144311 0.796386
v 0.064698 -0.154585 0.851957
v 0.013071 -0.218701 0.721163
v 0.043484 -0.226623 0.755469
v 0.047818 -0.216091 0.795764
v 0.036942 -0.139848 0.765509
v 0.044863 -0.136325 0.763594
v 0.047243 -0.130086 0.756890
v 0.036452 -0.124362 0.752624
v 0.029744 -0.119146 0.755269
v 0.000999 -0.229568 0.658029
v 0.031812 -0.237779 0.690937
v 0.000907 -0.246511 0.587521
v 0.000439 -0.273312 0.457340
v -0.023435 -0.273276 0.395383
v -0.053134 -0.276373 0.237875
v -0.058994 -0.273130 0.175400
v -0.074529 -0.257358 0.117924
v -0.055547 -0.267967 0.119352
v -0.085615 -0.234511 0.034168
v -0.075329 -0.240611 0.032371
v 0.087249 -0.019969 0.966914
v 0.103847 -0.030760 0.972434
v 0.072922 -0.203032 0.865287
v 0.075398 -0.177444 0.885950
v 0.088907 -0.161548 0.887282
v 0.096974 -0.169399 0.899411
v 0.099514 -0.194446 0.900196
v 0.082429 -0.098840 0.921117
v 0.076101 -0.088174 0.934168
v 0.106151 -0.103519 0.909324
v 0.092233 -0.108126 0.878119
v 0.075613 -0.216193 0.835954
v 0.071934 -0.191216 0.879675
v 0.090215 -0.153267 0.871922
v 0.079150 -0.142695 0.815467
v 0.050759 -0.110280 0.794016
v 0.068478 -0.233724 0.767277
v 0.075961 -0.136475 0.777916
v 0.061091 -0.124947 0.758815
v 0.064779 -0.133622 0.767004
v 0.090642 -0.123314 0.767312
v 0.058885 -0.118193 0.765132
v 0.056418 -0.255780 0.638466
v 0.033963 -0.254293 0.618553
v 0.015367 -0.263935 0.537064
v 0.040250 -0.269512 0.549548
v 0.015210 -0.282849 0.432855
v -0.005336 -0.285751 0.370095
v -0.000378 -0.294317 0.310431
v -0.029324 -0.284501 0.297882
v -0.027045 -0.288613 0.245692
v -0.042443 -0.281441 0.180331
v -0.048768 -0.237795 -0.004845
v 0.111120 -0.052889 0.963385
v 0.101180 -0.202904 0.887325
v 0.104621 -0.187487 0.908151
v 0.106703 -0.162769 0.895398
v 0.137995 -0.185265 0.904108
v 0.123277 -0.086375 0.939014
v 0.107149 -0.099167 0.921084
v 0.102915 -0.213284 0.862565
v 0.100418 -0.113252 0.803322
v 0.102244 -0.131129 0.769434
v 0.066797 -0.242447 0.726743
v 0.068694 -0.288642 0.442126
v 0.014540 -0.295137 0.345822
v -0.009938 -0.292862 0.215827
v -0.029822 -0.282628 0.158083
v -0.042790 -0.265447 0.087922
v -0.013504 -0.278331 0.120963
v 0.148516 -0.037423 0.971246
v 0.178994 -0.022553 0.970919
v 0.130125 -0.171155 0.901613
v 0.126125 -0.196552 0.896853
v 0.140743 -0.162762 0.888433
v 0.128663 -0.106523 0.886625
v 0.133334 -0.098068 0.920302
v 0.158721 -0.099934 0.911211
v 0.134172 -0.210021 0.869135
v 0.131851 -0.142761 0.798117
v 0.120975 -0.153928 0.867562
v 0.135220 -0.119234 0.792575
v 0.137112 -0.114512 0.814920
v 0.090575 -0.235489 0.775563
v 0.126769 -0.243697 0.740632
v 0.126758 -0.129080 0.775605
v 0.130601 -0.138223 0.784462
v 0.082788 -0.117520 0.774718
v 0.099103 -0.257137 0.654531
v 0.062052 -0.272887 0.549044
v 0.028039 -0.291480 0.397041
v 0.056636 -0.296644 0.375016
v 0.003621 -0.296811 0.266741
v 0.036066 -0.297819 0.227531
v 0.011429 -0.284501 0.135893
v -0.006383 -0.266511 0.072948
v -0.159857 0.106072 0.350777
v -0.076595 0.035927 0.752089
v -0.068986 0.029106 0.762372
v -0.091303 0.088494 0.740301
v -0.078909 0.052264 0.759458
v -0.060581 0.076879 0.782142
v -0.089011 0.104757 0.744368
v -0.082074 0.120718 0.742904
v -0.078405 0.078960 0.762953
v -0.063197 0.106985 0.779603
v -0.084604 0.153929 0.735928
v -0.071179 0.116107 0.765230
v -0.067445 0.152555 0.761984
v -0.075075 0.131107 0.747178
v -0.071890 0.142783 0.741697
v -0.066706 0.134088 0.743087
v -0.080273 0.158818 0.744640
v -0.070697 0.170861 0.739656
v -0.103883 0.009264 0.648670
v -0.088777 0.009749 0.687620
v -0.095451 0.023819 0.668793
v -0.084066 0.001489 0.713867
v -0.076469 0.022350 0.731529
v -0.081959 0.038598 0.703942
v -0.074143 0.004417 0.732177
v -0.080237 0.027251 0.719239
v -0.081083 0.029375 0.690113
v -0.072933 0.019776 0.717341
v -0.078413 0.017256 0.691859
v -0.073992 0.024404 0.708771
v -0.086329 0.057464 0.746424
v -0.090613 0.064867 0.727221
v -0.085548 0.043722 0.724509
v -0.087150 0.052268 0.713830
v -0.080534 0.054441 0.703156
v -0.087849 0.079220 0.684937
v -0.085971 0.074348 0.700432
v -0.083015 0.050370 0.699649
v -0.087015 0.058753 0.685235
v -0.092345 0.103140 0.735584
v -0.087137 0.118688 0.723611
v -0.091704 0.097203 0.716228
v -0.083541 0.123680 0.712421
v -0.083932 0.113493 0.708567
v -0.085699 0.091353 0.707256
v -0.082512 0.101837 0.705674
v -0.076204 0.113780 0.702687
v -0.082871 0.104018 0.689957
v -0.080635 0.114622 0.694296
v -0.086247 0.098933 0.680112
v -0.083221 0.148182 0.726306
v -0.093504 0.158017 0.672646
v -0.080962 0.132049 0.730516
v -0.080681 0.132243 0.712887
v -0.081082 0.148420 0.686059
v -0.072984 0.133403 0.730217
v -0.080702 0.145245 0.721217
v -0.073707 0.133641 0.711566
v -0.073096 0.135869 0.700105
v -0.080238 0.125239 0.681655
v -0.077532 0.129769 0.697187
v -0.079236 0.143171 0.682772
v -0.084954 0.138279 0.660868
v -0.093057 0.159433 0.690187
v -0.095935 0.168910 0.673004
v -0.082665 0.168144 0.733227
v -0.086746 0.173055 0.703821
v -0.091670 0.178617 0.659405
v -0.078681 0.180718 0.683616
v -0.100585 -0.005854 0.663787
v -0.106707 0.063499 0.633877
v -0.097149 0.055427 0.665958
v -0.096225 0.092565 0.662316
v -0.109153 0.094583 0.614789
v -0.093804 0.114688 0.655171
v -0.106220 0.107931 0.618879
v -0.099640 0.160922 0.594274
v -0.090691 0.154743 0.640674
v -0.096017 0.172999 0.638868
v -0.096952 0.164862 0.649940
v -0.096287 0.167955 0.614625
v -0.095987 0.162451 0.613364
v -0.092224 0.177406 0.613249
v -0.128343 0.031253 0.541888
v -0.135996 0.135089 0.469768
v -0.106141 0.139140 0.589191
v -0.106300 0.168669 0.561181
v -0.099005 0.172040 0.583794
v -0.145830 0.019026 0.438986
v -0.140377 0.042618 0.482163
v -0.135859 0.083830 0.501404
v -0.134244 0.106837 0.499064
v -0.149063 0.094420 0.429686
v -0.149639 0.120546 0.413024
v -0.131340 0.150162 0.476866
v -0.125971 0.170351 0.474375
v -0.156376 0.074738 0.384122
v -0.146231 0.143210 0.411050
v -0.140439 0.168600 0.404655
v -0.120203 0.205796 0.430707
v -0.158284 0.046115 0.347488
v -0.160040 0.053938 0.303369
v -0.161768 0.082483 0.320702
v -0.161011 0.122683 0.275335
v -0.157988 0.131431 0.345767
v -0.161010 0.128155 0.307702
v -0.155939 0.156318 0.311561
v -0.158512 0.146772 0.287899
v -0.153016 0.153428 0.352829
v -0.153344 0.166217 0.264834
v -0.137990 0.193796 0.355035
v -0.144542 0.187745 0.314808
v -0.151981 0.020535 0.245708
v -0.158418 0.082952 0.255626
v -0.155418 0.151569 0.243595
v -0.149789 0.133028 0.190024
v -0.146570 0.186108 0.280736
v -0.146369 0.181117 0.233993
v -0.147610 0.163256 0.202206
v -0.043317 0.055740 0.820093
v -0.034980 0.084743 0.828486
v -0.027720 0.075258 0.845037
v -0.016083 0.032011 0.864749
v -0.033859 0.106280 0.829893
v -0.031473 0.120071 0.825865
v -0.034988 0.142968 0.823979
v -0.030517 0.131081 0.827554
v -0.032060 0.151671 0.822451
v -0.055963 0.013607 0.785744
v -0.061594 0.012219 0.763265
v -0.067897 0.019211 0.729776
v -0.055648 0.003560 0.803450
v -0.054066 0.014766 0.797001
v -0.058165 0.016035 0.763103
v -0.062753 0.019767 0.754450
v -0.038272 0.017198 0.827037
v -0.050645 0.020017 0.804743
v -0.049764 0.034685 0.798116
v -0.050499 0.018368 0.787572
v -0.047184 0.038876 0.781878
v -0.055110 0.030833 0.776041
v -0.047909 0.029793 0.808261
v -0.050189 0.030833 0.785632
v -0.059874 0.036318 0.777449
v -0.048408 0.059050 0.804864
v -0.050775 0.054998 0.788825
v -0.046760 0.061912 0.792539
v -0.046700 0.073026 0.790294
v -0.042601 0.076994 0.809975
v -0.045996 0.088492 0.793384
v -0.044322 0.112841 0.785703
v -0.038467 0.099440 0.808421
v -0.037853 0.111820 0.794294
v -0.035247 0.115827 0.803016
v -0.067736 0.131058 0.758573
v -0.063322 0.136944 0.748481
v -0.055599 0.150951 0.784815
v -0.060048 0.140794 0.767059
v -0.056197 0.136286 0.756271
v -0.052227 0.142765 0.787136
v -0.046383 0.153873 0.802544
v -0.053776 0.135891 0.769479
v -0.049653 0.130751 0.768527
v -0.055758 0.125497 0.774685
v -0.037028 0.158112 0.808074
v -0.044262 0.136681 0.792020
v -0.040205 0.133062 0.779553
v -0.034412 0.128069 0.814265
v -0.038662 0.127891 0.790865
v -0.061134 0.163997 0.765839
v -0.055355 0.172193 0.756148
v -0.054014 0.184602 0.737586
v -0.026351 0.167245 0.801893
v -0.034688 0.198301 0.740529
v -0.070488 0.012561 0.723764
v -0.077236 0.025512 0.701190
v -0.066537 0.176885 0.726921
v -0.047352 0.195318 0.720459
v -0.067058 0.206827 0.643057
v -0.081674 0.184575 0.650205
v -0.090857 0.182652 0.596303
v -0.075706 0.190157 0.656553
v -0.083975 0.208813 0.575968
v -0.095985 0.215863 0.516342
v -0.074764 0.239021 0.548936
v -0.093107 0.242330 0.468061
v -0.119555 0.217569 0.402687
v -0.102201 0.252549 0.380903
v -0.127025 0.218495 0.343459
v -0.135693 0.207786 0.294325
v -0.112239 0.244614 0.322617
v -0.156221 0.119568 0.226316
v -0.139432 0.200215 0.256832
v -0.134074 0.204416 0.219981
v -0.122598 0.229888 0.277393
v -0.128663 0.033158 0.045909
v -0.139490 0.066999 0.132844
v -0.138795 0.042717 0.125675
v -0.143416 0.085388 0.156737
v -0.135921 0.099468 0.119640
v -0.135762 0.192302 0.192899
v -0.139839 0.169202 0.171434
v -0.126027 0.191005 0.148846
v -0.125085 0.021424 -0.009041
v -0.128177 0.090730 0.084047
v -0.021637 0.105822 0.853155
v -0.020826 0.121122 0.843097
v -0.023141 0.142063 0.837169
v -0.010115 0.153655 0.832177
v -0.006635 0.128555 0.853206
v -0.000775 0.152506 0.840715
v -0.010162 0.170463 0.815333
v -0.030508 0.181592 0.777238
v -0.017537 0.202828 0.763769
v 0.009934 0.212650 0.787923
v -0.044909 0.205095 0.705488
v -0.045067 0.229205 0.662593
v -0.030742 0.235465 0.685611
v -0.020232 0.231932 0.712792
v -0.053571 0.246943 0.602961
v -0.036710 0.261122 0.619339
v -0.058553 0.266149 0.541063
v -0.082097 0.271167 0.428478
v -0.078470 0.258223 0.488452
v -0.062987 0.282068 0.479314
v -0.090236 0.273564 0.352791
v -0.066922 0.291995 0.422913
v -0.101937 0.260420 0.289700
v -0.113125 0.238610 0.225001
v -0.115658 0.226215 0.188316
v -0.106709 0.250574 0.246232
v -0.123949 0.172168 0.120883
v -0.118031 0.210705 0.157004
v -0.131460 0.053975 0.079474
v -0.120354 0.073412 0.032181
v -0.114280 0.095573 0.031273
v -0.117635 0.107500 0.057936
v -0.134655 0.151817 0.136267
v -0.121763 0.116356 0.077383
v -0.101077 0.196776 0.081449
v 0.013276 -0.006491 0.902806
v 0.035145 0.058412 0.921508
v 0.028525 0.100611 0.906369
v 0.032172 0.126011 0.894101
v 0.056214 0.087819 0.932736
v 0.053459 0.115127 0.918137
v 0.025704 0.154130 0.865761
v 0.018557 0.184643 0.830894
v -0.001059 0.232826 0.743245
v 0.018018 0.248841 0.741714
v -0.014507 0.270853 0.648802
v -0.008236 0.257314 0.688779
v 0.009382 0.268433 0.693672
v -0.024310 0.285258 0.591912
v -0.019614 0.304257 0.545679
v -0.001623 0.295434 0.609104
v -0.041024 0.287751 0.539935
v -0.044279 0.306556 0.462566
v -0.063694 0.306410 0.341718
v -0.079619 0.281053 0.220255
v -0.077483 0.290006 0.275880
v -0.096919 0.218829 0.101579
v -0.092091 0.234910 0.116798
v -0.085624 0.262811 0.169106
v -0.097294 0.171851 0.044417
v 0.061411 0.018866 0.948244
v 0.078870 0.034089 0.958398
v 0.088138 0.076026 0.955417
v 0.075696 0.129149 0.920881
v 0.051632 0.169761 0.874136
v 0.058086 0.134201 0.907570
v 0.028209 0.202498 0.819769
v 0.050218 0.188408 0.854541
v 0.039895 0.222836 0.803614
v 0.031897 0.263427 0.729671
v 0.054718 0.235477 0.795248
v 0.034550 0.287882 0.679394
v 0.011236 0.285022 0.658076
v -0.000338 0.309630 0.565748
v 0.021677 0.299058 0.633109
v 0.017975 0.313156 0.583154
v -0.020458 0.321684 0.475075
v -0.004235 0.326602 0.492289
v -0.030473 0.308833 0.501820
v -0.044341 0.326602 0.358724
v -0.033503 0.331568 0.385141
v -0.014955 0.337954 0.410362
v -0.052700 0.323087 0.301722
v -0.058809 0.315386 0.280685
v -0.037916 0.337793 0.316403
v -0.040795 0.335305 0.264404
v -0.058791 0.311619 0.230208
v -0.058061 0.306979 0.197046
v -0.047692 0.326898 0.240829
v -0.043703 0.324090 0.195853
v -0.061361 0.276295 0.087348
v -0.077493 0.192952 -0.004161
v -0.085892 0.210995 0.048428
v -0.061004 0.222325 -0.030087
v -0.067565 0.246975 0.034699
v -0.088782 0.244721 0.127306
v -0.066854 0.265949 0.081192
v 0.102513 0.000531 0.975383
v 0.098916 0.049334 0.966067
v 0.089252 0.096127 0.948273
v 0.082003 0.164338 0.893137
v 0.074566 0.190540 0.864591
v 0.069706 0.207991 0.841535
v 0.069568 0.236531 0.801343
v 0.052296 0.255889 0.759865
v 0.047283 0.283855 0.698883
v 0.059486 0.306530 0.642791
v 0.045475 0.313091 0.614948
v 0.028699 0.323291 0.556541
v 0.006205 0.338360 0.450169
v 0.027185 0.338471 0.474131
v -0.022592 0.343752 0.352368
v -0.003400 0.347200 0.375250
v -0.024834 0.346399 0.287087
v -0.024154 0.345369 0.236753
v -0.033635 0.337867 0.217284
v -0.032103 0.333823 0.189683
v -0.052633 0.287713 0.092779
v -0.034702 0.317110 0.138683
v -0.057002 0.263994 0.037374
v -0.045382 0.246151 -0.030500
v -0.048579 0.278234 0.051832
v -0.036394 0.291063 0.068001
v 0.120630 0.001954 0.978562
v 0.115856 0.075085 0.963537
v 0.138592 0.094650 0.956650
v 0.108591 0.104586 0.949155
v 0.103336 0.169234 0.888527
v 0.098309 0.227982 0.821173
v 0.088623 0.260943 0.763055
v 0.063221 0.280155 0.715281
v 0.056863 0.320333 0.590352
v 0.030910 0.345800 0.417927
v 0.110710 0.341448 0.444861
v -0.008881 0.350957 0.260802
v -0.003895 0.352239 0.303133
v -0.014926 0.342232 0.193314
v -0.024936 0.326675 0.150716
v -0.021656 0.303795 0.088577
v 0.162802 0.075088 0.964222
v 0.161851 0.105329 0.948112
v 0.129265 0.238529 0.801384
v 0.114933 0.284755 0.704302
v 0.117043 0.298755 0.666175
v 0.020198 0.350738 0.240795
v 0.019713 0.338801 0.167796
v 0.042500 0.347321 0.206008
v 0.029682 0.328976 0.133275
v -0.008744 0.330255 0.148206
v -0.141676 -0.128649 -0.041938
v -0.134158 -0.147115 -0.092587
v -0.128586 -0.118897 -0.128112
v -0.131196 -0.057937 -0.041270
v -0.116685 0.014405 -0.081679
v -0.131349 -0.159065 -0.092931
v -0.126389 -0.135365 -0.153364
v -0.113787 -0.165573 -0.184050
v -0.107630 -0.127526 -0.253859
v -0.129661 -0.177034 -0.033265
v -0.116325 -0.187291 -0.066996
v -0.122370 -0.171760 -0.105440
v -0.108853 -0.180536 -0.145478
v -0.108731 0.005048 -0.130798
v -0.100560 -0.174504 -0.247424
v -0.118336 -0.152420 -0.186650
v -0.107785 -0.145800 -0.259539
v -0.114670 -0.100356 -0.170260
v -0.099062 -0.060001 -0.216583
v -0.104104 -0.076551 -0.194634
v -0.106970 -0.160005 -0.245932
v -0.093412 -0.037625 -0.282936
v -0.101736 -0.174274 -0.320121
v -0.102066 -0.183860 -0.367715
v -0.105057 -0.156044 -0.319633
v -0.103620 -0.140386 -0.368854
v -0.106357 -0.164673 -0.403864
v -0.096724 -0.105206 -0.379832
v -0.102001 -0.117746 -0.504431
v -0.111715 -0.166981 -0.498494
v -0.094956 -0.065439 -0.397195
v -0.096834 -0.092653 -0.424991
v -0.100104 -0.090002 -0.532992
v -0.099696 -0.016113 -0.489808
v -0.118986 -0.179840 -0.612065
v -0.100364 -0.086038 -0.622844
v -0.099618 -0.060313 -0.528397
v -0.099956 0.026069 -0.593807
v -0.099400 -0.042552 -0.629299
v -0.101519 -0.198790 -0.078185
v -0.088806 -0.216841 -0.036012
v -0.087474 -0.205758 -0.088014
v -0.092280 -0.195834 -0.130642
v -0.079468 -0.197900 -0.157986
v -0.086805 -0.191329 -0.198017
v -0.092401 -0.188701 -0.289706
v -0.093873 -0.184750 -0.225433
v -0.082903 -0.205886 -0.336451
v -0.089821 -0.218583 -0.398905
v -0.093220 -0.194408 -0.337448
v -0.103546 -0.202577 -0.429515
v -0.100057 -0.213366 -0.431497
v -0.105121 -0.237370 -0.501336
v -0.105491 -0.176951 -0.398204
v -0.123676 -0.264105 -0.638446
v -0.118880 -0.224077 -0.564812
v -0.123770 -0.215934 -0.605532
v -0.122153 -0.196556 -0.608199
v -0.128463 -0.191977 -0.705433
v -0.102973 -0.108415 -0.642311
v -0.107901 -0.131840 -0.645863
v -0.100942 -0.065268 -0.673499
v -0.100609 -0.015667 -0.670497
v -0.134450 -0.218045 -0.712285
v -0.132126 -0.168440 -0.788833
v -0.106745 -0.113818 -0.681188
v -0.107511 -0.091741 -0.716899
v -0.108201 -0.042566 -0.749831
v -0.104060 -0.017509 -0.718788
v -0.141751 -0.209613 -0.804501
v -0.111085 -0.124805 -0.702758
v -0.124743 -0.127288 -0.792035
v -0.132045 -0.141058 -0.838423
v -0.117460 -0.063635 -0.799075
v -0.111290 0.011066 -0.773058
v -0.123644 -0.104978 -0.808999
v -0.117133 -0.027630 -0.812153
v -0.071369 -0.222838 -0.044741
v -0.074507 -0.206824 -0.106881
v -0.057581 -0.202665 -0.151920
v -0.076742 -0.195930 -0.237123
v -0.065443 -0.198973 -0.222001
v -0.065854 -0.199010 -0.186981
v -0.081396 -0.197908 -0.286643
v -0.083457 -0.227255 -0.405962
v -0.070018 -0.219147 -0.359785
v -0.092842 -0.236595 -0.453145
v -0.099827 -0.271613 -0.543359
v -0.085722 -0.249438 -0.463253
v -0.103230 -0.285540 -0.584009
v -0.114988 -0.261171 -0.585882
v -0.112452 -0.278745 -0.605130
v -0.133068 -0.258793 -0.695876
v -0.139147 -0.261278 -0.754156
v -0.140205 -0.245433 -0.749789
v -0.148025 -0.247085 -0.850926
v -0.146768 -0.259188 -0.844588
v -0.144913 -0.233557 -0.809101
v -0.149170 -0.231777 -0.883241
v -0.145663 -0.209840 -0.863049
v -0.146117 -0.210347 -0.903866
v -0.126421 -0.106702 -0.845066
v -0.123473 -0.085621 -0.844191
v -0.121252 -0.070435 -0.826797
v -0.119876 -0.045473 -0.829293
v -0.120687 -0.019523 -0.844173
v -0.039965 -0.200972 -0.205507
v -0.062616 -0.206754 -0.297581
v -0.040993 -0.205978 -0.280313
v -0.075375 -0.242533 -0.431203
v -0.060198 -0.216979 -0.342373
v -0.085584 -0.278172 -0.522845
v -0.073128 -0.282079 -0.515816
v -0.060526 -0.240175 -0.412189
v -0.095856 -0.293344 -0.581804
v -0.084452 -0.293128 -0.557449
v -0.104463 -0.302888 -0.635389
v -0.111585 -0.293193 -0.634279
v -0.117171 -0.302237 -0.686946
v -0.105165 -0.311779 -0.671901
v -0.118692 -0.310573 -0.735751
v -0.127517 -0.285877 -0.707085
v -0.126780 -0.300565 -0.750415
v -0.136782 -0.279095 -0.769875
v -0.142147 -0.275786 -0.824658
v -0.134413 -0.294179 -0.806688
v -0.129076 -0.303918 -0.816615
v -0.142000 -0.277370 -0.895055
v -0.139231 -0.287127 -0.858760
v -0.149215 -0.243825 -0.907381
v -0.145612 -0.269509 -0.876512
v -0.147271 -0.258751 -0.905938
v -0.147006 -0.224772 -0.926486
v -0.133226 -0.147349 -0.889545
v -0.129044 -0.130740 -0.883802
v -0.120565 -0.064104 -0.852305
v -0.124831 0.007676 -0.871867
v -0.119900 -0.033163 -0.860284
v -0.019068 -0.204580 -0.178116
v -0.057890 -0.200895 -0.246849
v -0.042375 -0.230354 -0.379625
v -0.040671 -0.217033 -0.334712
v -0.064916 -0.284766 -0.517923
v -0.038099 -0.246637 -0.422692
v -0.085993 -0.301801 -0.586614
v -0.068881 -0.306699 -0.595844
v -0.088324 -0.312911 -0.639277
v -0.107764 -0.317751 -0.718150
v -0.100814 -0.319391 -0.704901
v -0.117339 -0.314445 -0.765608
v -0.112019 -0.318234 -0.782894
v -0.135122 -0.294167 -0.864504
v -0.136277 -0.287453 -0.898710
v -0.131835 -0.292688 -0.903953
v -0.137666 -0.181909 -0.939832
v -0.139280 -0.274566 -0.921581
v -0.141534 -0.259663 -0.938062
v -0.144746 -0.238942 -0.943914
v -0.136447 -0.232600 -0.972794
v -0.140803 -0.208486 -0.955768
v -0.135805 -0.207258 -0.975213
v -0.134326 -0.182452 -0.956327
v -0.123072 -0.121097 -0.885777
v -0.121442 -0.098751 -0.867135
v -0.125245 -0.141210 -0.908606
v -0.117358 -0.058890 -0.858035
v -0.117790 -0.085551 -0.862752
v -0.054695 -0.209503 -0.110715
v -0.007256 -0.222412 -0.071473
v -0.010165 -0.209655 -0.138372
v -0.000526 -0.205782 -0.198305
v -0.005901 -0.209330 -0.280969
v -0.031297 -0.273075 -0.491026
v -0.051058 -0.298360 -0.563145
v -0.087858 -0.320071 -0.688616
v -0.097642 -0.322441 -0.749873
v -0.124223 -0.307945 -0.850983
v -0.107470 -0.319326 -0.817928
v -0.114570 -0.305097 -0.904233
v -0.123606 -0.300403 -0.906133
v -0.130475 -0.274218 -0.952278
v -0.134235 -0.250918 -0.967233
v -0.126848 -0.263791 -0.965070
v -0.133795 -0.213303 -0.979598
v -0.127843 -0.184361 -0.967404
v -0.100434 -0.102511 -0.875405
v -0.109156 -0.002726 -0.893867
v -0.122899 -0.290332 -0.943003
v -0.116509 0.034576 -0.056198
v -0.118425 0.047610 -0.022349
v -0.106850 0.069567 -0.057095
v -0.102979 0.043770 -0.120810
v -0.091531 0.019359 -0.204174
v -0.088111 0.041533 -0.198923
v -0.079698 0.071452 -0.211079
v -0.092991 -0.009738 -0.221360
v -0.089866 0.043480 -0.350308
v -0.093550 0.013284 -0.371791
v -0.085006 0.066271 -0.323895
v -0.095268 0.034050 -0.423490
v -0.096287 -0.010724 -0.405733
v -0.098569 0.008400 -0.458671
v -0.106556 0.110737 -0.614364
v -0.106451 0.081003 -0.644980
v -0.115732 0.129970 -0.668649
v -0.129188 0.154859 -0.758718
v -0.108726 0.042805 -0.731147
v -0.119977 0.049648 -0.815506
v -0.112884 0.073201 -0.731615
v -0.120880 0.084897 -0.790922
v -0.130588 0.106646 -0.837842
v -0.109630 0.083849 -0.010400
v -0.097744 0.079870 -0.086044
v -0.078414 0.119226 -0.102466
v -0.081020 0.081962 -0.159970
v -0.067833 0.111921 -0.300933
v -0.081437 0.100216 -0.421921
v -0.074810 0.127313 -0.434773
v -0.095209 0.063147 -0.495548
v -0.096303 0.079843 -0.528601
v -0.098866 0.047969 -0.551827
v -0.090923 0.079146 -0.468567
v -0.088204 0.101231 -0.478840
v -0.097615 0.102511 -0.552823
v -0.084773 0.122248 -0.484585
v -0.092730 0.118597 -0.528753
v -0.087658 0.133543 -0.513337
v -0.091282 0.152221 -0.547146
v -0.101879 0.076456 -0.594043
v -0.103124 0.127542 -0.589048
v -0.098502 0.137522 -0.567515
v -0.109176 0.178712 -0.637324
v -0.101956 0.029428 -0.655168
v -0.129532 0.179836 -0.744058
v -0.117504 0.154942 -0.668304
v -0.113463 0.167235 -0.647256
v -0.145238 0.183241 -0.850757
v -0.132776 0.203985 -0.766083
v -0.123524 0.016764 -0.854774
v -0.133641 0.064935 -0.891344
v -0.141301 0.166467 -0.839280
v -0.144872 0.194437 -0.842067
v -0.148436 0.184925 -0.881613
v -0.140685 0.203407 -0.811315
v -0.145073 0.132710 -0.899476
v -0.089574 0.124068 -0.030825
v -0.064777 0.176904 -0.077561
v -0.093150 0.136016 -0.000426
v -0.054000 0.178019 -0.132131
v -0.084891 0.120810 -0.061868
v -0.061779 0.126042 -0.206464
v -0.049923 0.152624 -0.213310
v -0.056683 0.137147 -0.268490
v -0.050398 0.149443 -0.328250
v -0.060509 0.132459 -0.328003
v -0.077629 0.145093 -0.481216
v -0.066976 0.143919 -0.429952
v -0.067505 0.162190 -0.473562
v -0.084519 0.163239 -0.535307
v -0.077411 0.165491 -0.513925
v -0.080483 0.179439 -0.546619
v -0.102991 0.190020 -0.628238
v -0.098242 0.207169 -0.642506
v -0.117509 0.209274 -0.704449
v -0.112444 0.219885 -0.706122
v -0.132515 0.213485 -0.771541
v -0.127381 0.222930 -0.764857
v -0.116738 0.229067 -0.741552
v -0.145601 0.206484 -0.857955
v -0.139292 0.218386 -0.820123
v -0.145326 0.111667 -0.926461
v -0.148474 0.144493 -0.914442
v -0.147566 0.128950 -0.938233
v -0.149522 0.158172 -0.917177
v -0.149031 0.181329 -0.908407
v -0.147214 0.200076 -0.890044
v -0.071809 0.182066 -0.038635
v -0.057815 0.209166 -0.061914
v -0.053892 0.235257 -0.030763
v -0.044884 0.222418 -0.083498
v -0.055789 0.192405 -0.097123
v -0.047580 0.204885 -0.109286
v -0.055658 0.161358 -0.159831
v -0.038954 0.166137 -0.259052
v -0.049343 0.159398 -0.380895
v -0.057825 0.156279 -0.421697
v -0.039740 0.163864 -0.344419
v -0.064108 0.173261 -0.488451
v -0.053402 0.165977 -0.435489
v -0.039794 0.172318 -0.411805
v -0.053126 0.177755 -0.472968
v -0.068894 0.184178 -0.526402
v -0.060297 0.192660 -0.530337
v -0.084181 0.210646 -0.618439
v -0.098547 0.224780 -0.683963
v -0.122787 0.233984 -0.779650
v -0.106848 0.235858 -0.740208
v -0.132221 0.230673 -0.814357
v -0.139440 0.224146 -0.851603
v -0.126552 0.237696 -0.838394
v -0.123282 -0.002863 -0.875795
v -0.132361 0.039032 -0.910571
v -0.138553 0.076616 -0.944120
v -0.142679 0.092450 -0.936950
v -0.140765 0.097147 -0.952693
v -0.145241 0.137190 -0.951818
v -0.146578 0.187957 -0.921380
v -0.144195 0.173856 -0.943783
v -0.143630 0.214665 -0.876080
v -0.143389 0.202670 -0.914915
v -0.136665 0.226412 -0.873038
v -0.139093 0.217258 -0.899406
v -0.148534 0.156902 -0.936142
v -0.034098 0.257467 -0.021621
v -0.034634 0.199721 -0.166901
v -0.041054 0.190276 -0.168688
v -0.041311 0.170508 -0.214171
v -0.031201 0.182658 -0.223074
v -0.022903 0.183553 -0.249698
v -0.029779 0.172889 -0.284702
v -0.029608 0.178303 -0.418095
v -0.075609 0.219954 -0.633976
v -0.085088 0.231753 -0.689476
v -0.112792 0.240681 -0.782998
v -0.104436 0.243781 -0.792112
v -0.091345 0.240537 -0.744258
v -0.129462 0.041100 -0.929184
v -0.123286 0.002283 -0.890056
v -0.135342 0.056895 -0.933512
v -0.132464 0.077303 -0.954666
v -0.136812 0.133060 -0.966914
v -0.139380 0.176403 -0.951436
v -0.135938 0.201863 -0.934239
v -0.128725 0.227540 -0.895993
v -0.129731 0.233401 -0.866741
v -0.137953 0.155179 -0.963282
v -0.018552 0.262993 -0.021248
v 0.004015 0.279563 0.013259
v -0.000435 0.242496 -0.090909
v -0.029320 0.224925 -0.114129
v -0.006720 0.197239 -0.225675
v -0.024353 0.199114 -0.193060
v -0.014574 0.214515 -0.163275
v -0.017887 0.178043 -0.334905
v -0.014742 0.191239 -0.237894
v -0.013473 0.182138 -0.295563
v -0.024253 0.175628 -0.364478
v -0.040508 0.184602 -0.472008
v -0.013589 0.178364 -0.376688
v -0.027221 0.182889 -0.446079
v -0.048239 0.194299 -0.521979
v -0.036219 0.192233 -0.509486
v -0.067558 0.234513 -0.706372
v -0.089075 0.244167 -0.786046
v -0.103061 0.241971 -0.850798
v -0.112854 0.243076 -0.830723
v -0.117209 -0.016182 -0.878971
v -0.124188 0.045896 -0.938668
v -0.129775 0.107109 -0.967578
v -0.117854 0.224598 -0.911343
v -0.115107 0.236591 -0.876519
v -0.102057 0.236391 -0.879418
v -0.129155 0.178893 -0.960421
v -0.128142 0.156683 -0.969899
v 0.172482 -0.055237 0.959089
v 0.152544 -0.200834 0.887075
v 0.172351 -0.160552 0.879178
v 0.163665 -0.186210 0.900350
v 0.155188 -0.179181 0.904524
v 0.154826 -0.172820 0.901822
v 0.182408 -0.192389 0.892849
v 0.190958 -0.176999 0.893864
v 0.166604 -0.154482 0.861336
v 0.159319 -0.071698 0.951042
v 0.145700 -0.110473 0.856748
v 0.161879 -0.089582 0.931580
v 0.135517 -0.234272 0.786012
v 0.137965 -0.131508 0.773046
v 0.150510 -0.125992 0.763563
v 0.156431 -0.138745 0.774562
v 0.132805 -0.125221 0.779986
v 0.168521 -0.119462 0.762261
v 0.100756 -0.274239 0.545767
v 0.080397 -0.287576 0.449515
v 0.075094 -0.295108 0.388582
v 0.109410 -0.289928 0.389640
v 0.051343 -0.300019 0.297113
v 0.033430 -0.293093 0.181314
v 0.199116 -0.074908 0.936071
v 0.204578 -0.049519 0.951995
v 0.219335 -0.031510 0.954412
v 0.180226 -0.208733 0.863866
v 0.199873 -0.197708 0.881220
v 0.202650 -0.189419 0.889945
v 0.207225 -0.170955 0.880533
v 0.198713 -0.161691 0.877917
v 0.175562 -0.096172 0.916806
v 0.194500 -0.104647 0.888178
v 0.207585 -0.095470 0.910503
v 0.184801 -0.214898 0.844456
v 0.200220 -0.217854 0.814134
v 0.198469 -0.150316 0.839899
v 0.195219 -0.142744 0.796489
v 0.174592 -0.106475 0.879179
v 0.169542 -0.112932 0.797027
v 0.180069 -0.238933 0.729602
v 0.172620 -0.239234 0.741341
v 0.165717 -0.131942 0.757200
v 0.180381 -0.122645 0.745649
v 0.191122 -0.126949 0.738184
v 0.178083 -0.116212 0.765215
v 0.153362 -0.254956 0.635066
v 0.145931 -0.270110 0.518171
v 0.128745 -0.271966 0.538934
v 0.137517 -0.278966 0.431875
v 0.092046 -0.296292 0.336172
v 0.119369 -0.289308 0.341531
v 0.090951 -0.296891 0.276984
v 0.070196 -0.296301 0.223297
v 0.076531 -0.292110 0.191320
v 0.067960 -0.283833 0.135526
v 0.054083 -0.263348 0.055167
v 0.232645 -0.024779 0.946060
v 0.202773 -0.207150 0.852505
v 0.220161 -0.199018 0.846374
v 0.212585 -0.189395 0.873642
v 0.227955 -0.178192 0.850616
v 0.223255 -0.172487 0.855929
v 0.226839 -0.190138 0.847279
v 0.207875 -0.160103 0.867184
v 0.242815 -0.094343 0.896680
v 0.203783 -0.108126 0.859170
v 0.224505 -0.103013 0.886371
v 0.243366 -0.077822 0.911997
v 0.214276 -0.213244 0.805379
v 0.227948 -0.164851 0.838442
v 0.208077 -0.153515 0.846428
v 0.222849 -0.155443 0.824323
v 0.200430 -0.110908 0.781406
v 0.197249 -0.228572 0.759421
v 0.185091 -0.138275 0.767916
v 0.210995 -0.139955 0.748380
v 0.219068 -0.145689 0.775133
v 0.187235 -0.134856 0.752155
v 0.210108 -0.117740 0.734037
v 0.168347 -0.257058 0.581679
v 0.185116 -0.248581 0.599731
v 0.163369 -0.266577 0.452089
v 0.154910 -0.272006 0.354068
v 0.115123 -0.289811 0.281376
v 0.098210 -0.292021 0.229378
v 0.091538 -0.284695 0.161914
v 0.111544 -0.284232 0.201577
v 0.103495 -0.277089 0.142082
v 0.066736 -0.269831 0.077702
v 0.085492 -0.270816 0.093023
v 0.080195 -0.236144 -0.023193
v 0.064498 -0.230179 -0.048264
v 0.257703 -0.086100 0.893456
v 0.245257 -0.103468 0.868742
v 0.258219 -0.096540 0.877636
v 0.247481 -0.021905 0.927523
v 0.228676 -0.197304 0.822165
v 0.224866 -0.207088 0.794940
v 0.234443 -0.168855 0.822795
v 0.238880 -0.180510 0.809581
v 0.240846 -0.165741 0.793829
v 0.241311 -0.190368 0.781310
v 0.237284 -0.158138 0.784583
v 0.260391 -0.102606 0.830801
v 0.217184 -0.222210 0.719481
v 0.200778 -0.233601 0.702217
v 0.232740 -0.211815 0.706846
v 0.254775 -0.185045 0.732606
v 0.245124 -0.198361 0.720991
v 0.213331 -0.131884 0.725283
v 0.224540 -0.140063 0.730005
v 0.213228 -0.124867 0.723109
v 0.230758 -0.150680 0.771808
v 0.215493 -0.114027 0.742967
v 0.229568 -0.220521 0.630599
v 0.210555 -0.234434 0.605242
v 0.196713 -0.245967 0.520644
v 0.192217 -0.249832 0.444633
v 0.131188 -0.282507 0.275845
v 0.123255 -0.269626 0.153427
v 0.100682 -0.263956 0.086030
v 0.116881 -0.264036 0.115235
v 0.122032 -0.248994 0.076039
v 0.135636 -0.258969 0.145257
v 0.098866 -0.247145 0.028706
v 0.270002 -0.092670 0.866506
v 0.269071 -0.098297 0.847504
v 0.278630 -0.087259 0.854180
v 0.260221 -0.066963 0.900700
v 0.278567 -0.076114 0.866640
v 0.251177 -0.165381 0.769531
v 0.246399 -0.177060 0.782412
v 0.259989 -0.167055 0.747751
v 0.257874 -0.157550 0.745832
v 0.278789 -0.094162 0.796490
v 0.278334 -0.092083 0.825373
v 0.287799 -0.079177 0.837032
v 0.258945 -0.174161 0.745178
v 0.236067 -0.133104 0.707257
v 0.250408 -0.141266 0.705084
v 0.242650 -0.123805 0.699498
v 0.249852 -0.150675 0.742283
v 0.247173 -0.132107 0.695017
v 0.261785 -0.163730 0.738439
v 0.240640 -0.116671 0.711144
v 0.245613 -0.108942 0.742314
v 0.245860 -0.112010 0.719325
v 0.260297 -0.106255 0.722089
v 0.264758 -0.108758 0.689334
v 0.263445 -0.193120 0.618396
v 0.254460 -0.124408 0.683617
v 0.255504 -0.115949 0.690857
v 0.238289 -0.218865 0.535190
v 0.194255 -0.246355 0.376916
v 0.159961 -0.264803 0.284111
v 0.179364 -0.248765 0.281437
v 0.139831 -0.269291 0.204055
v 0.172101 -0.242831 0.217228
v 0.141464 -0.246962 0.124117
v 0.143562 -0.227098 0.072590
v 0.111602 -0.235784 0.017866
v 0.118053 -0.195055 -0.074483
v 0.130708 -0.185461 -0.067411
v 0.138824 -0.214967 0.029285
v 0.288348 -0.082970 0.820929
v 0.290519 -0.085952 0.764675
v 0.300937 -0.071987 0.779180
v 0.297428 -0.078678 0.754774
v 0.290747 -0.064019 0.841389
v 0.295526 -0.070384 0.820427
v 0.303039 -0.001430 0.813236
v 0.302708 -0.049820 0.807424
v 0.263971 -0.181724 0.676445
v 0.266546 -0.173375 0.682720
v 0.263074 -0.146117 0.681396
v 0.264958 -0.155742 0.697420
v 0.277857 -0.097615 0.713403
v 0.273661 -0.102129 0.687957
v 0.291671 -0.086406 0.680175
v 0.255563 -0.203815 0.579397
v 0.274361 -0.177481 0.628344
v 0.263137 -0.126238 0.663650
v 0.258890 -0.134344 0.676805
v 0.271341 -0.153385 0.662220
v 0.280967 -0.143778 0.625699
v 0.275267 -0.128324 0.631798
v 0.265200 -0.116199 0.668352
v 0.283363 -0.110648 0.623481
v 0.260125 -0.202080 0.508624
v 0.247326 -0.212137 0.472079
v 0.200912 -0.222937 0.256669
v 0.174725 -0.228187 0.174727
v 0.167978 -0.212028 0.107629
v 0.307815 -0.060696 0.743429
v 0.304632 -0.070456 0.709957
v 0.304143 -0.061172 0.790730
v 0.311673 -0.052557 0.718429
v 0.310270 -0.061408 0.684528
v 0.314144 -0.035726 0.675256
v 0.310798 -0.019129 0.749141
v 0.312967 -0.032753 0.715034
v 0.318789 -0.015248 0.706832
v 0.270493 -0.166848 0.670553
v 0.282656 -0.163664 0.611951
v 0.287308 -0.134176 0.607710
v 0.288893 -0.092068 0.651727
v 0.296509 -0.088275 0.626396
v 0.298993 -0.079929 0.641206
v 0.300682 -0.089344 0.614092
v 0.270542 -0.190764 0.498564
v 0.277613 -0.178235 0.590514
v 0.269837 -0.191102 0.555897
v 0.279331 -0.178283 0.532929
v 0.288879 -0.158713 0.569499
v 0.284764 -0.166536 0.510489
v 0.295365 -0.121193 0.597513
v 0.275017 -0.183093 0.487070
v 0.233710 -0.217057 0.397094
v 0.261608 -0.198201 0.456529
v 0.247861 -0.201302 0.384094
v 0.234028 -0.190599 0.286924
v 0.213174 -0.204907 0.244011
v 0.218650 -0.179664 0.204104
v 0.188161 -0.197705 0.137653
v 0.160936 -0.094424 -0.012751
v 0.168657 -0.027032 0.050709
v 0.190805 -0.006598 0.110710
v 0.159325 -0.187015 0.019743
v 0.176201 -0.178790 0.057132
v 0.156238 -0.164014 -0.032846
v 0.176668 -0.157435 0.026208
v 0.156825 -0.131161 -0.048036
v 0.188599 -0.132092 0.055864
v 0.160584 -0.149073 -0.032647
v 0.168669 -0.049910 0.038462
v 0.318978 -0.003525 0.730188
v 0.319061 -0.007769 0.695648
v 0.310661 -0.054920 0.629566
v 0.306648 -0.067729 0.632781
v 0.308190 -0.068158 0.618555
v 0.312219 -0.038071 0.633031
v 0.316942 -0.003429 0.649493
v 0.318613 -0.017266 0.660545
v 0.314867 -0.013318 0.600478
v 0.291335 -0.143738 0.590537
v 0.298335 -0.136985 0.551849
v 0.303167 -0.117056 0.580626
v 0.296250 -0.136947 0.516775
v 0.303655 -0.117747 0.551355
v 0.308619 -0.084350 0.595513
v 0.297679 -0.118707 0.498824
v 0.307160 -0.080923 0.546771
v 0.306685 -0.043174 0.548501
v 0.308247 -0.018232 0.548982
v 0.265049 -0.184930 0.415806
v 0.289115 -0.132241 0.460218
v 0.285039 -0.105652 0.417601
v 0.294531 -0.040662 0.459846
v 0.276532 -0.169341 0.447381
v 0.265088 -0.152482 0.359945
v 0.283611 -0.045639 0.399594
v 0.244697 -0.180898 0.308685
v 0.253217 -0.173435 0.331054
v 0.236578 -0.147339 0.231915
v 0.261415 -0.119368 0.314430
v 0.277859 -0.123904 0.391653
v 0.264472 -0.042805 0.308878
v 0.262671 -0.011255 0.290784
v 0.205188 -0.173705 0.145590
v 0.230759 -0.163536 0.225163
v 0.240136 -0.093677 0.219584
v 0.235571 -0.062774 0.206297
v 0.234659 -0.030553 0.208052
v 0.247558 -0.040026 0.246264
v 0.200413 -0.160499 0.111378
v 0.218061 -0.139804 0.155138
v 0.228376 -0.118388 0.181566
v 0.202588 -0.097848 0.101507
v 0.216372 -0.106447 0.139672
v 0.216737 -0.022772 0.165880
v 0.206970 -0.056768 0.131463
v 0.222255 -0.059737 0.169103
v 0.235259 0.001335 0.207823
v 0.200861 -0.141650 0.098638
v 0.165947 -0.116597 -0.010784
v 0.162473 -0.004187 0.976123
v 0.150633 0.172992 0.879166
v 0.143676 0.215497 0.832019
v 0.179962 0.229591 0.804202
v 0.169387 0.261025 0.748961
v 0.109124 0.312469 0.623734
v 0.091718 0.325535 0.563630
v 0.061378 0.351202 0.349994
v 0.105595 0.352172 0.286680
v 0.063851 0.351660 0.245394
v 0.208675 0.003424 0.963734
v 0.223595 0.005428 0.955505
v 0.174269 0.086308 0.957931
v 0.218544 0.080830 0.941348
v 0.215612 0.188621 0.843587
v 0.158139 0.300921 0.644688
v 0.165123 0.310511 0.600703
v 0.133620 0.318690 0.587921
v 0.132881 0.328762 0.528519
v 0.136441 0.338720 0.443682
v 0.109411 0.348597 0.366761
v 0.098959 0.351448 0.254389
v 0.079200 0.344605 0.190343
v 0.078718 0.338929 0.166365
v 0.060555 0.298220 0.065263
v 0.063966 0.330432 0.138257
v 0.077611 0.321897 0.127165
v 0.234546 0.005584 0.945938
v 0.226191 0.063546 0.940863
v 0.208087 0.103952 0.933352
v 0.229420 0.112742 0.912634
v 0.247558 0.123512 0.884049
v 0.219771 0.161864 0.871444
v 0.204808 0.164963 0.875223
v 0.233808 0.158361 0.863086
v 0.194064 0.241726 0.773062
v 0.214093 0.211839 0.809858
v 0.176928 0.278671 0.699471
v 0.193294 0.266098 0.719410
v 0.213853 0.234121 0.768551
v 0.187949 0.289189 0.655710
v 0.154208 0.318172 0.576850
v 0.195976 0.295979 0.602639
v 0.155467 0.323835 0.534421
v 0.162188 0.328950 0.459634
v 0.144944 0.340131 0.386446
v 0.128198 0.346681 0.357249
v 0.120941 0.346966 0.276428
v 0.119968 0.340240 0.237340
v 0.102102 0.346322 0.222015
v 0.098605 0.338329 0.186840
v 0.123773 0.332604 0.221767
v 0.113136 0.324201 0.182481
v 0.090136 0.320643 0.139723
v 0.086537 0.283116 0.063976
v 0.068527 0.267277 0.010951
v 0.078332 0.262926 0.017842
v 0.262029 0.012555 0.905734
v 0.261643 0.060053 0.899020
v 0.240787 0.098770 0.910762
v 0.240487 0.075710 0.922575
v 0.262619 0.099882 0.882532
v 0.245578 0.163453 0.842700
v 0.266682 0.124739 0.853920
v 0.239456 0.192384 0.810393
v 0.230139 0.213631 0.786754
v 0.238231 0.225905 0.745474
v 0.214272 0.256960 0.713164
v 0.229502 0.253544 0.687556
v 0.212628 0.274050 0.658614
v 0.223541 0.271133 0.634532
v 0.181591 0.311209 0.551537
v 0.197518 0.304060 0.528195
v 0.209227 0.291435 0.570029
v 0.171939 0.324367 0.454649
v 0.189201 0.313176 0.451824
v 0.184792 0.313324 0.393562
v 0.138848 0.343624 0.330294
v 0.147529 0.339091 0.332910
v 0.138254 0.337953 0.279325
v 0.151935 0.326570 0.284845
v 0.131664 0.311781 0.198034
v 0.119821 0.289399 0.138642
v 0.093652 0.272201 0.058417
v 0.100373 0.201749 0.000585
v 0.086802 0.244620 0.010681
v 0.127107 0.239703 0.083094
v 0.282539 -0.040059 0.864678
v 0.276946 0.066725 0.868720
v 0.272198 0.102567 0.865294
v 0.257662 0.164138 0.821238
v 0.258550 0.183556 0.789569
v 0.252497 0.203023 0.765635
v 0.278936 0.169131 0.769703
v 0.251828 0.225893 0.707048
v 0.245093 0.239443 0.684282
v 0.225607 0.275625 0.588206
v 0.211701 0.293561 0.514838
v 0.205289 0.299409 0.468645
v 0.222162 0.282577 0.526127
v 0.212756 0.288357 0.428534
v 0.205664 0.289586 0.381428
v 0.147418 0.313690 0.239194
v 0.165410 0.291676 0.241227
v 0.144102 0.271589 0.158205
v 0.154611 0.284064 0.200546
v 0.172556 0.240002 0.160581
v 0.170161 0.218730 0.128344
v 0.133661 0.258046 0.118941
v 0.130065 0.093295 -0.003927
v 0.102895 0.174318 -0.009868
v 0.124153 0.178750 0.025131
v 0.121596 0.222000 0.054097
v 0.122064 0.205204 0.039203
v 0.291602 -0.011059 0.845240
v 0.300967 0.028488 0.812183
v 0.300492 0.105420 0.803397
v 0.303247 0.107038 0.794290
v 0.283799 0.138396 0.801204
v 0.285989 0.149871 0.785127
v 0.289784 0.160908 0.762419
v 0.295797 0.122945 0.794310
v 0.301849 0.148084 0.772629
v 0.301296 0.131463 0.778873
v 0.264931 0.198867 0.741922
v 0.294240 0.164912 0.743433
v 0.284859 0.190781 0.692711
v 0.276101 0.202302 0.676709
v 0.294882 0.180390 0.698374
v 0.274381 0.196548 0.715490
v 0.251881 0.238484 0.652809
v 0.259581 0.232754 0.611763
v 0.275612 0.207760 0.590850
v 0.242299 0.257607 0.580217
v 0.231934 0.270687 0.513318
v 0.234972 0.261135 0.447699
v 0.250871 0.243747 0.514423
v 0.225324 0.265849 0.391337
v 0.207279 0.261400 0.288538
v 0.202189 0.284737 0.341487
v 0.189392 0.265282 0.243381
v 0.180391 0.295992 0.295393
v 0.182881 0.250482 0.198301
v 0.165729 0.109054 0.064142
v 0.167778 0.192245 0.098663
v 0.189791 0.171295 0.118406
v 0.122281 0.084613 -0.024806
v 0.146949 0.099892 0.029375
v 0.132153 0.118344 0.012870
v 0.169851 0.161824 0.083547
v 0.312052 0.053590 0.761216
v 0.308498 0.015951 0.773857
v 0.306255 0.108632 0.768872
v 0.307778 0.082426 0.769697
v 0.302540 0.122361 0.768826
v 0.307301 0.029397 0.723490
v 0.307589 0.015985 0.702244
v 0.318597 0.005521 0.739689
v 0.314076 0.019515 0.746531
v 0.314679 0.014461 0.733774
v 0.311004 0.027244 0.736404
v 0.308324 0.018376 0.727725
v 0.302896 0.041347 0.722545
v 0.313504 0.012985 0.723547
v 0.313951 0.007433 0.699032
v 0.308917 0.031726 0.715123
v 0.308126 0.019852 0.695101
v 0.308265 0.019325 0.685045
v 0.315516 0.000165 0.699821
v 0.310261 0.012035 0.693805
v 0.313036 0.053085 0.749739
v 0.310263 0.068909 0.749301
v 0.309878 0.060628 0.732865
v 0.306203 0.065062 0.730288
v 0.306846 0.073111 0.729559
v 0.310899 0.046599 0.733726
v 0.312296 0.049699 0.719236
v 0.315471 0.082612 0.719443
v 0.312367 0.039089 0.717805
v 0.297544 0.114336 0.739534
v 0.304159 0.098865 0.751141
v 0.304119 0.098906 0.735501
v 0.302808 0.110840 0.726784
v 0.307800 0.091172 0.728270
v 0.317840 0.103086 0.716173
v 0.300820 0.121876 0.754203
v 0.298262 0.127784 0.733437
v 0.303577 0.136098 0.733512
v 0.297973 0.128029 0.720580
v 0.296016 0.134046 0.725515
v 0.305872 0.146541 0.764732
v 0.305088 0.135261 0.759744
v 0.309791 0.154336 0.737493
v 0.308813 0.140481 0.715565
v 0.301967 0.130573 0.708070
v 0.312002 0.150674 0.725772
v 0.304435 0.136281 0.709173
v 0.304813 0.136998 0.690103
v 0.316003 0.154554 0.696824
v 0.312990 0.126948 0.706583
v 0.312551 0.142623 0.688756
v 0.301155 0.173059 0.697574
v 0.306417 0.158931 0.737609
v 0.307745 0.169782 0.690265
v 0.317298 0.164087 0.685145
v 0.313432 0.021966 0.669936
v 0.303886 0.014739 0.660373
v 0.311985 0.004828 0.665371
v 0.305351 0.014388 0.647969
v 0.304172 0.014387 0.633745
v 0.300092 0.138093 0.614244
v 0.296474 0.183980 0.667071
v 0.287376 0.191911 0.597108
v 0.282087 0.196478 0.658488
v 0.306607 0.174912 0.657262
v 0.296123 0.183603 0.604661
v 0.288189 0.188231 0.581544
v 0.282141 0.185983 0.537637
v 0.289118 0.178936 0.549197
v 0.270124 0.211010 0.528950
v 0.285838 0.171736 0.505847
v 0.260860 0.217782 0.458612
v 0.242961 0.243415 0.417590
v 0.230773 0.243916 0.339302
v 0.251599 0.211778 0.355396
v 0.250793 0.183982 0.284045
v 0.207593 0.240612 0.242031
v 0.206157 0.220923 0.201735
v 0.233900 0.221315 0.290844
v 0.184887 0.063095 0.097313
v 0.182887 0.085346 0.092612
v 0.218840 0.126576 0.155690
v 0.212899 0.155447 0.150934
v 0.205185 0.180074 0.151018
v 0.214131 0.191566 0.179602
v 0.195858 0.213325 0.168032
v 0.191830 0.194234 0.138718
v 0.155994 0.054090 0.035880
v 0.158437 0.077818 0.045761
v 0.193241 0.143227 0.113559
v 0.137069 0.015693 -0.021877
v 0.135902 0.051991 -0.011702
v 0.317426 0.026648 0.682134
v 0.322067 0.038533 0.686618
v 0.316880 0.033917 0.706249
v 0.327805 0.058880 0.684889
v 0.324438 0.077636 0.700259
v 0.325915 0.048863 0.674396
v 0.320798 0.121762 0.690493
v 0.330419 0.098329 0.677714
v 0.330648 0.104505 0.667751
v 0.315475 0.131287 0.690833
v 0.308686 0.133449 0.681340
v 0.304318 0.020951 0.648853
v 0.305148 0.026825 0.637872
v 0.307766 0.041722 0.616731
v 0.302692 0.019299 0.627297
v 0.314046 0.003604 0.646527
v 0.310349 0.036570 0.639365
v 0.310062 0.014675 0.610784
v 0.312910 0.005800 0.617452
v 0.311581 0.024885 0.598517
v 0.309460 0.057780 0.623403
v 0.309560 0.055078 0.638001
v 0.311273 0.064730 0.637414
v 0.309933 0.074493 0.613584
v 0.314574 0.038327 0.643735
v 0.319709 0.060299 0.644475
v 0.314019 0.026621 0.653148
v 0.325636 0.059722 0.657654
v 0.312313 0.055282 0.588171
v 0.328956 0.061913 0.673904
v 0.305337 0.103825 0.616204
v 0.302782 0.119421 0.616685
v 0.304126 0.113839 0.638272
v 0.305684 0.113609 0.590888
v 0.312491 0.082047 0.629202
v 0.310256 0.095933 0.629560
v 0.307683 0.101680 0.635054
v 0.315056 0.111196 0.641356
v 0.320236 0.118925 0.650205
v 0.312521 0.081708 0.637270
v 0.314424 0.093977 0.640662
v 0.323591 0.097000 0.645803
v 0.329857 0.087074 0.660715
v 0.329804 0.101022 0.659001
v 0.305419 0.139649 0.640517
v 0.304521 0.148632 0.622896
v 0.319651 0.129951 0.668285
v 0.314345 0.133015 0.666244
v 0.312334 0.140487 0.669457
v 0.315628 0.131746 0.653041
v 0.309125 0.132938 0.655661
v 0.313110 0.145811 0.649045
v 0.310825 0.131486 0.643289
v 0.304716 0.123481 0.632722
v 0.300037 0.151042 0.596388
v 0.319480 0.148384 0.661703
v 0.315465 0.154422 0.627870
v 0.323133 0.154719 0.667579
v 0.320158 0.156671 0.638882
v 0.310848 0.175715 0.617377
v 0.319635 0.168963 0.663451
v 0.323431 0.162237 0.666118
v 0.321184 0.165992 0.646289
v 0.311537 0.165404 0.595235
v 0.313812 0.170265 0.610003
v 0.313070 0.002494 0.582291
v 0.300483 0.033000 0.469081
v 0.311013 0.054613 0.563202
v 0.310179 0.091783 0.593206
v 0.305335 0.098922 0.536692
v 0.292255 0.151630 0.525137
v 0.298959 0.137656 0.592181
v 0.293763 0.158426 0.551363
v 0.300445 0.158499 0.573569
v 0.304012 0.113016 0.549572
v 0.291196 0.168444 0.537449
v 0.303470 0.176708 0.579440
v 0.298525 0.168355 0.559522
v 0.293841 0.078851 0.423174
v 0.290886 0.105654 0.417047
v 0.288621 0.157887 0.493278
v 0.295216 0.001143 0.443318
v 0.290864 0.037330 0.402185
v 0.282103 0.146427 0.401137
v 0.276025 0.163924 0.389478
v 0.264643 0.186175 0.366446
v 0.273667 0.021786 0.321732
v 0.273457 0.067119 0.306509
v 0.274196 0.110519 0.313012
v 0.270322 0.148240 0.322573
v 0.252075 -0.006556 0.253468
v 0.245438 0.062482 0.217027
v 0.263582 0.055546 0.269807
v 0.256603 0.066197 0.244899
v 0.248992 0.122691 0.221610
v 0.240924 0.154789 0.213336
v 0.261193 0.130664 0.263862
v 0.254310 0.148189 0.249377
v 0.228763 0.207257 0.241895
v 0.233197 0.191319 0.229090
v 0.245687 0.167273 0.238731
v 0.216061 0.009738 0.165404
v 0.220351 0.096526 0.159836
v 0.239250 0.099718 0.198048
v 0.232470 0.144775 0.186626
v 0.225932 0.171466 0.187342
v 0.281988 0.091402 0.350096
v 0.262623 0.104242 0.262007
v 0.006621 -0.239806 -0.011740
v 0.006656 -0.208532 -0.152319
v 0.000323 -0.206062 -0.234800
v 0.039005 -0.201246 -0.224115
v -0.006745 -0.215822 -0.319950
v -0.011364 -0.223373 -0.353309
v -0.016689 -0.237350 -0.400254
v -0.064509 -0.316377 -0.647379
v -0.085890 -0.323389 -0.748093
v -0.070646 -0.322437 -0.748453
v -0.057632 -0.320750 -0.713541
v -0.091164 -0.320902 -0.810668
v -0.104052 -0.313232 -0.871236
v -0.110003 -0.314236 -0.870532
v -0.096876 -0.302875 -0.888129
v -0.104191 -0.292729 -0.916247
v -0.119756 -0.275863 -0.953358
v -0.097599 -0.278973 -0.922597
v -0.121440 -0.251986 -0.969159
v -0.129639 -0.232052 -0.980120
v -0.121565 -0.230751 -0.975905
v -0.105247 -0.259975 -0.947112
v -0.126885 -0.204003 -0.979498
v -0.119431 -0.209475 -0.973349
v -0.106659 -0.137661 -0.908015
v -0.116156 -0.175348 -0.952974
v -0.106961 -0.065487 -0.861542
v -0.106147 -0.049959 -0.864102
v -0.097390 -0.059362 -0.862993
v -0.106294 -0.029028 -0.874279
v 0.005970 -0.228270 -0.051529
v 0.011972 -0.214937 -0.108246
v 0.037990 -0.202436 -0.188589
v 0.014769 -0.205251 -0.255349
v 0.004946 -0.209222 -0.285301
v 0.005579 -0.239841 -0.417104
v 0.030554 -0.221500 -0.372415
v -0.009406 -0.277130 -0.509097
v -0.022060 -0.288943 -0.538301
v -0.035601 -0.304532 -0.593336
v -0.010536 -0.291258 -0.560696
v -0.039481 -0.312917 -0.646633
v -0.024697 -0.303714 -0.605830
v -0.058004 -0.317949 -0.754531
v -0.045030 -0.315546 -0.717585
v -0.075929 -0.318253 -0.800187
v -0.072830 -0.311673 -0.819362
v -0.079714 -0.300795 -0.860359
v -0.088856 -0.287677 -0.898387
v -0.096750 -0.267117 -0.931111
v -0.102349 -0.240847 -0.950938
v -0.114127 -0.186725 -0.957862
v -0.109052 -0.212034 -0.959043
v -0.092963 -0.214211 -0.930907
v -0.103649 -0.178682 -0.935791
v -0.099219 -0.114261 -0.884129
v -0.102131 -0.012797 -0.883340
v 0.057307 -0.212538 -0.114652
v 0.060628 -0.203969 -0.159171
v 0.051912 -0.201114 -0.267632
v 0.059864 -0.199687 -0.211544
v 0.034442 -0.212836 -0.335754
v 0.052980 -0.204410 -0.302392
v 0.017670 -0.242128 -0.434545
v 0.036083 -0.225877 -0.401941
v 0.023352 -0.242977 -0.448562
v 0.002213 -0.274597 -0.515724
v 0.003777 -0.278206 -0.552887
v -0.013664 -0.297001 -0.609678
v -0.010333 -0.289375 -0.635637
v -0.035697 -0.312548 -0.671628
v -0.017681 -0.298430 -0.644620
v -0.029630 -0.300821 -0.704095
v -0.008211 -0.279720 -0.648871
v -0.048606 -0.301808 -0.774020
v -0.045689 -0.310815 -0.741670
v -0.034909 -0.290990 -0.743046
v -0.032803 -0.274942 -0.754351
v -0.062995 -0.300744 -0.818917
v -0.072024 -0.286648 -0.863056
v -0.055270 -0.277230 -0.826552
v -0.045883 -0.269259 -0.802791
v -0.080439 -0.273626 -0.896156
v -0.084516 -0.253674 -0.916997
v -0.071073 -0.256965 -0.883707
v -0.077454 -0.234250 -0.902635
v -0.082259 -0.203533 -0.902295
v -0.087359 -0.156807 -0.889784
v -0.094021 -0.230147 -0.937435
v -0.092887 -0.126698 -0.885723
v -0.096961 -0.084667 -0.866379
v -0.086440 -0.103285 -0.862584
v -0.095040 -0.043595 -0.864059
v -0.091704 -0.064377 -0.859095
v -0.087044 -0.054432 -0.850096
v -0.093079 -0.020770 -0.866553
v -0.098625 -0.001434 -0.885996
v 0.078155 -0.211096 -0.107418
v 0.088324 -0.218792 -0.068597
v 0.093592 -0.199751 -0.125802
v 0.076994 -0.204773 -0.138350
v 0.083352 -0.197677 -0.173741
v 0.069665 -0.197561 -0.255277
v 0.076974 -0.197262 -0.202334
v 0.052667 -0.212630 -0.371685
v 0.038029 -0.228849 -0.427285
v 0.046115 -0.221101 -0.423445
v 0.022122 -0.250692 -0.479410
v 0.029366 -0.243784 -0.488378
v 0.012873 -0.263431 -0.563645
v 0.003614 -0.277888 -0.574166
v 0.007981 -0.261114 -0.601293
v -0.017832 -0.275949 -0.697266
v -0.024391 -0.256478 -0.737940
v -0.043477 -0.250693 -0.803681
v -0.056502 -0.240985 -0.844511
v -0.073205 -0.212982 -0.884390
v -0.076549 -0.119837 -0.844082
v -0.084958 -0.074184 -0.849453
v -0.085390 -0.035828 -0.845190
v 0.102485 -0.208216 -0.073630
v 0.107257 -0.184652 -0.154235
v 0.082457 -0.192992 -0.240771
v 0.096101 -0.185759 -0.219930
v 0.061550 -0.205833 -0.375638
v 0.071191 -0.198341 -0.316011
v 0.085381 -0.187381 -0.301036
v 0.073726 -0.194603 -0.347348
v 0.090619 -0.178529 -0.308740
v 0.044959 -0.222485 -0.450555
v 0.059504 -0.205707 -0.408237
v 0.037401 -0.226104 -0.503202
v 0.037465 -0.219931 -0.513749
v -0.013158 -0.107264 -0.623339
v -0.023738 -0.126862 -0.660334
v -0.005060 -0.253204 -0.667650
v -0.011131 -0.236782 -0.695552
v -0.010014 -0.187677 -0.669733
v -0.032441 -0.093219 -0.668879
v -0.023155 -0.080887 -0.641978
v -0.039690 -0.059211 -0.683463
v -0.037069 -0.015191 -0.676336
v -0.037067 -0.230987 -0.781698
v -0.058605 -0.209864 -0.841231
v -0.006878 -0.208405 -0.672978
v -0.050938 -0.158469 -0.779180
v -0.032838 -0.192059 -0.744952
v -0.033944 -0.111841 -0.681150
v -0.042095 -0.125211 -0.716666
v -0.057780 -0.049585 -0.741080
v -0.047718 -0.087138 -0.715594
v -0.054701 -0.003472 -0.729367
v -0.061838 -0.171283 -0.828079
v -0.068579 -0.117544 -0.817459
v -0.073069 -0.078953 -0.814521
v -0.056789 -0.087632 -0.750138
v -0.072459 -0.056625 -0.803364
v -0.079578 -0.019927 -0.824514
v 0.118938 -0.172434 -0.151274
v 0.119879 -0.153392 -0.199450
v 0.100843 -0.177930 -0.245453
v 0.104645 -0.168673 -0.261227
v 0.110336 -0.155996 -0.257134
v 0.110104 -0.074185 -0.243590
v 0.097502 0.004808 -0.278364
v 0.103266 -0.049907 -0.267256
v 0.071512 -0.184937 -0.397449
v 0.083540 -0.171542 -0.361345
v 0.095408 -0.155286 -0.325135
v 0.064769 -0.174758 -0.434726
v 0.078658 -0.155514 -0.389173
v 0.054887 -0.168281 -0.471237
v 0.059233 -0.144873 -0.446545
v 0.074639 -0.101623 -0.383132
v 0.086366 -0.131903 -0.359651
v 0.083911 -0.053370 -0.345995
v 0.025080 -0.213236 -0.568908
v 0.037392 -0.170298 -0.526916
v 0.026989 -0.114646 -0.524048
v 0.047672 -0.090553 -0.462336
v 0.048488 -0.058278 -0.459355
v 0.051108 -0.011497 -0.455066
v 0.008010 -0.209894 -0.625764
v 0.013328 -0.176018 -0.596786
v 0.037279 -0.142015 -0.510952
v 0.021416 -0.086670 -0.531324
v -0.018201 -0.055997 -0.628232
v 0.135172 -0.167651 -0.097972
v 0.122952 -0.158904 -0.172544
v 0.139353 -0.152422 -0.109501
v 0.147434 -0.140413 -0.086217
v 0.131618 -0.116698 -0.144242
v 0.134414 -0.069946 -0.077835
v 0.117288 0.002373 -0.096884
v 0.138336 -0.036568 -0.042793
v 0.122637 -0.142262 -0.195396
v 0.127125 -0.130335 -0.174222
v 0.124446 -0.058841 -0.116581
v 0.105360 -0.140351 -0.293488
v 0.111552 -0.112651 -0.257287
v 0.108429 -0.126193 -0.278329
v 0.024449 0.272574 -0.004147
v -0.002583 0.215970 -0.164298
v 0.003636 0.208705 -0.183828
v 0.017868 0.202073 -0.187632
v 0.023188 0.252665 -0.053917
v 0.009282 0.189615 -0.250363
v 0.001800 0.180970 -0.310739
v 0.015234 0.175578 -0.304011
v -0.002060 0.183597 -0.297563
v -0.006136 0.176760 -0.390362
v -0.061341 0.223363 -0.645437
v -0.030451 0.194003 -0.524712
v -0.111562 0.045492 -0.936356
v -0.123087 0.205274 -0.939926
v -0.100715 0.225072 -0.907102
v -0.110499 0.206400 -0.937241
v -0.125428 0.136088 -0.972096
v -0.121431 0.186428 -0.956425
v -0.118176 0.175952 -0.961798
v 0.038041 0.240598 -0.066359
v 0.033952 0.219202 -0.117094
v 0.068613 0.282736 0.038019
v 0.024166 0.231956 -0.104298
v 0.027698 0.192706 -0.192547
v 0.024719 0.180118 -0.253709
v 0.019487 0.168411 -0.326870
v 0.003222 0.175132 -0.354421
v 0.001482 0.172428 -0.409857
v -0.011865 0.179530 -0.448302
v -0.005098 0.175661 -0.474775
v 0.006669 0.166777 -0.442721
v -0.018530 0.188069 -0.525051
v -0.041818 0.217822 -0.649301
v -0.044997 0.216276 -0.624716
v -0.071006 0.240902 -0.763462
v -0.088169 0.244021 -0.822192
v -0.082279 0.237289 -0.855029
v -0.116543 0.076955 -0.956798
v -0.116294 0.112946 -0.966617
v -0.100851 0.195103 -0.938800
v -0.100379 0.209205 -0.927076
v -0.116371 0.154564 -0.967197
v 0.059182 0.217789 -0.062752
v 0.050932 0.235062 -0.057597
v 0.041809 0.186460 -0.158902
v 0.057852 0.169048 -0.120334
v 0.039167 0.208403 -0.125049
v 0.048367 0.196685 -0.116319
v 0.037750 0.177428 -0.205432
v 0.050315 0.149379 -0.252015
v 0.037508 0.166610 -0.256913
v 0.029199 0.165210 -0.300489
v 0.021983 0.153511 -0.399918
v 0.029412 0.140796 -0.407388
v 0.012613 0.164381 -0.397568
v -0.001713 0.170231 -0.502898
v -0.012037 0.182267 -0.515171
v -0.012754 0.183204 -0.553400
v -0.032939 0.209771 -0.670029
v -0.055211 0.231793 -0.718028
v -0.038449 0.216141 -0.660570
v -0.048380 0.226898 -0.726541
v -0.052776 0.229177 -0.765229
v -0.057949 0.227722 -0.805374
v -0.059825 0.235452 -0.762759
v -0.069494 0.239186 -0.803538
v -0.075929 0.228127 -0.865324
v -0.069980 0.223154 -0.859173
v -0.068646 0.234029 -0.828389
v -0.099315 0.049741 -0.914260
v -0.106608 0.087839 -0.951224
v -0.104531 0.057073 -0.933551
v -0.096527 0.115236 -0.939971
v -0.108911 0.133320 -0.962893
v -0.103406 0.119804 -0.955059
v -0.090788 0.198005 -0.924014
v -0.089550 0.176939 -0.930288
v -0.087505 0.228155 -0.887407
v -0.086241 0.216690 -0.902211
v -0.080325 0.204687 -0.901421
v -0.101691 0.168854 -0.951452
v 0.077546 0.128231 -0.095635
v 0.075860 0.188431 -0.052082
v 0.062856 0.179724 -0.090969
v 0.076350 0.115144 -0.121838
v 0.054195 0.160603 -0.157376
v 0.059700 0.141094 -0.199394
v 0.040523 0.149085 -0.307328
v 0.040186 0.127510 -0.383157
v 0.065798 0.121080 -0.251411
v 0.012625 0.155086 -0.464991
v 0.015682 0.141126 -0.483609
v 0.002868 0.160863 -0.513566
v -0.001874 0.153271 -0.570808
v -0.006621 0.170666 -0.563470
v -0.025116 0.195187 -0.665593
v -0.038870 0.215184 -0.714156
v -0.047118 0.218951 -0.768901
v -0.089589 0.036368 -0.871730
v -0.055597 0.217297 -0.816261
v -0.069444 0.209932 -0.870909
v -0.061686 0.212322 -0.844780
v -0.087861 0.004161 -0.857114
v -0.093883 0.064140 -0.902021
v -0.096999 0.145739 -0.947676
v -0.087590 0.157162 -0.927157
v -0.075416 0.193451 -0.894029
v -0.067297 0.193982 -0.869433
v -0.081292 0.153667 -0.905550
v 0.107868 0.079606 -0.062301
v 0.090762 0.113978 -0.070549
v 0.094850 0.130208 -0.045917
v 0.085923 0.083094 -0.170968
v 0.090837 0.080908 -0.129828
v 0.079765 0.095362 -0.235564
v 0.042992 0.107125 -0.418038
v 0.092557 0.066713 -0.226028
v 0.067835 0.074064 -0.349908
v 0.034645 0.099023 -0.457638
v 0.029934 0.076576 -0.489902
v 0.011496 0.138600 -0.509977
v 0.018366 0.101873 -0.514753
v -0.003351 0.107593 -0.596021
v 0.019237 0.070589 -0.525393
v 0.008568 0.124074 -0.541289
v -0.005664 0.047135 -0.599573
v -0.016681 0.067890 -0.633884
v 0.002668 0.084979 -0.575450
v -0.002153 0.136972 -0.587144
v -0.003127 0.122775 -0.594905
v -0.022668 0.147150 -0.684780
v -0.017917 0.177948 -0.649862
v -0.018159 0.167612 -0.662822
v -0.036083 0.182896 -0.741510
v -0.018938 0.159311 -0.669511
v -0.042581 0.174564 -0.767357
v -0.069570 0.028881 -0.788691
v -0.068216 -0.008458 -0.777959
v -0.043332 0.206510 -0.767851
v -0.057748 0.160778 -0.817922
v -0.056497 0.197634 -0.829870
v -0.078534 0.067953 -0.838501
v -0.077579 0.108798 -0.858522
v -0.066894 0.181102 -0.864867
v -0.090409 0.115455 -0.919053
v 0.114300 0.031920 -0.086973
v 0.120150 0.044792 -0.057027
v 0.105147 0.046502 -0.110889
v 0.103128 0.022909 -0.231018
v 0.097720 0.050923 -0.180365
v 0.097143 0.074927 -0.104698
v 0.109865 -0.004137 -0.195256
v 0.097714 0.044003 -0.237656
v 0.071139 0.051830 -0.364752
v 0.067024 0.007644 -0.408360
v 0.067961 0.037724 -0.395952
v 0.047511 0.027009 -0.461058
v 0.024694 -0.007018 -0.525538
v 0.008257 0.065216 -0.559671
v 0.010439 0.039561 -0.557345
v -0.010221 0.016079 -0.610100
v -0.019902 0.091839 -0.652300
v -0.035495 0.032586 -0.678478
v -0.060975 0.051063 -0.765097
v -0.049257 0.072276 -0.736181
v -0.044494 0.148860 -0.764441
v -0.067737 0.102322 -0.815748
vn -0.9022 -0.1596 0.4008
vn -0.8963 0.3794 0.2296
vn -0.9296 -0.1687 0.3278
vn -0.8915 -0.1850 0.4136
vn -0.7010 -0.3485 0.6223
vn -0.9496 -0.0761 0.3039
vn -0.7340 -0.4252 0.5296
vn -0.9296 0.2052 0.3062
vn -0.9545 -0.1411 0.2628
vn -0.9411 -0.0970 0.3238
vn -0.8751 -0.2944 0.3842
vn -0.9319 -0.2541 0.2588
vn -0.8975 -0.3767 0.2292
vn -0.9744 -0.0873 0.2073
vn -0.9476 -0.0655 0.3128
vn -0.8486 -0.2561 0.4629
vn -0.9402 -0.1488 0.3064
vn -0.9703 -0.0115 0.2416
vn -0.9573 -0.1220 0.2621
vn -0.9738 -0.0635 0.2186
vn -0.8212 -0.5373 0.1921
vn -0.9851 -0.0938 0.1444
vn -0.9489 -0.2433 0.2009
vn -0.9709 -0.1678 0.1711
vn -0.9720 -0.0265 0.2336
vn -0.9806 -0.0485 0.1897
vn -0.9817 -0.0681 0.1781
vn -0.9841 -0.0629 0.1662
vn -0.9047 -0.3955 0.1585
vn -0.9801 -0.1556 0.1235
vn -0.9426 -0.3068 0.1316
vn -0.9882 -0.0610 0.1408
vn -0.8715 -0.4779 0.1101
vn -0.9820 -0.1671 0.0875
vn -0.9915 -0.0814 0.1013
vn -0.9904 -0.0854 0.1087
vn -0.9146 -0.3945 0.0885
vn -0.9589 -0.2644 0.1032
vn -0.9574 -0.2809 0.0677
vn -0.9959 -0.0566 0.0702
vn -0.9987 -0.0093 0.0508
vn -0.9992 0.0401 -0.0060
vn -0.9932 -0.0605 0.0998
vn -0.9977 -0.0664 0.0156
vn -0.9948 -0.0882 -0.0518
vn -0.9977 -0.0125 -0.0663
vn -0.9885 -0.1444 0.0450
vn -0.9965 0.0836 0.0006
vn -0.9880 0.1462 -0.0503
vn -0.9953 0.0742 -0.0626
vn -0.9697 -0.2442 0.0048
vn -0.9992 -0.0227 0.0335
vn -0.9962 -0.0781 -0.0394
vn -0.9684 -0.2414 -0.0622
vn -0.9844 0.1447 -0.0997
vn -0.8361 0.0111 0.5485
vn -0.9329 -0.1841 0.3096
vn -0.8751 -0.3667 0.3160
vn -0.9039 -0.1061 0.4144
vn -0.8623 -0.3580 0.3581
vn -0.9098 -0.1828 0.3727
vn -0.8034 -0.4835 0.3476
vn -0.7729 -0.5617 0.2953
vn -0.6705 -0.6891 0.2750
vn -0.8975 -0.1510 0.4143
vn -0.9433 0.1345 0.3035
vn -0.8540 -0.1242 0.5052
vn -0.8132 -0.4319 0.3901
vn -0.7178 -0.6072 0.3406
vn -0.8419 -0.2173 0.4939
vn -0.8049 -0.1256 0.5800
vn -0.7668 0.0524 0.6398
vn -0.8262 0.0465 0.5615
vn -0.6902 -0.2742 0.6697
vn -0.7295 -0.3228 0.6030
vn -0.6831 -0.6708 0.2888
vn -0.7481 -0.5524 0.3677
vn -0.6825 -0.4755 0.5551
vn -0.8725 -0.3415 0.3495
vn -0.8430 -0.4291 0.3244
vn -0.7563 -0.5804 0.3020
vn -0.8607 -0.3447 0.3747
vn -0.6527 -0.7365 0.1775
vn -0.8370 -0.4793 0.2640
vn -0.7405 -0.6281 0.2392
vn -0.7693 -0.6242 0.1361
vn -0.6458 -0.7531 0.1256
vn -0.7107 -0.6954 0.1063
vn -0.8081 -0.5824 0.0884
vn -0.8013 -0.5957 0.0552
vn -0.9040 -0.4237 0.0570
vn -0.8640 -0.4994 0.0644
vn -0.9301 -0.3673 0.0058
vn -0.8765 -0.4813 -0.0097
vn -0.8187 -0.5741 0.0126
vn -0.9934 0.0688 -0.0917
vn -0.9879 0.1304 -0.0845
vn -0.9151 -0.3945 -0.0831
vn -0.9644 -0.2400 -0.1109
vn -0.8507 -0.5206 -0.0729
vn -0.8001 -0.5962 -0.0659
vn -0.9942 -0.0468 -0.0968
vn -0.9996 0.0188 -0.0196
vn -0.9886 0.1361 -0.0646
vn -0.9816 0.1689 -0.0890
vn -0.9879 0.1250 -0.0918
vn -0.7786 -0.1607 0.6066
vn -0.6765 -0.6438 0.3576
vn -0.8585 -0.0948 0.5039
vn -0.8558 -0.2675 0.4427
vn -0.7584 -0.5030 0.4145
vn -0.7561 -0.4312 0.4923
vn -0.8329 0.2717 0.4822
vn -0.7690 -0.5007 0.3974
vn -0.8967 -0.0382 0.4411
vn -0.8411 0.2231 0.4927
vn -0.5853 -0.7679 0.2602
vn -0.4785 -0.8379 0.2626
vn -0.5503 -0.7986 0.2439
vn -0.4401 -0.8204 0.3650
vn -0.6120 -0.7376 0.2852
vn -0.8433 -0.2142 0.4928
vn -0.7952 -0.4239 0.4336
vn -0.7490 0.0648 0.6594
vn -0.7666 0.2744 0.5806
vn -0.7059 0.2505 0.6625
vn -0.6777 -0.2187 0.7021
vn -0.5877 -0.7212 0.3668
vn -0.6582 -0.5935 0.4632
vn -0.6246 -0.5554 0.5490
vn -0.6413 -0.7241 0.2537
vn -0.5458 -0.8120 0.2070
vn -0.5401 -0.8084 0.2340
vn -0.5273 -0.8348 0.1581
vn -0.5908 -0.7940 0.1436
vn -0.5635 -0.8062 0.1804
vn -0.7487 -0.6583 0.0785
vn -0.7444 -0.6668 0.0356
vn -0.6934 -0.7189 -0.0492
vn -0.7636 -0.6426 -0.0634
vn -0.7734 -0.6336 -0.0200
vn -0.7410 -0.6626 -0.1086
vn -0.5494 -0.7136 0.4348
vn -0.6867 -0.3148 0.6552
vn -0.5561 -0.5434 0.6288
vn -0.4588 -0.5294 0.7136
vn -0.6593 -0.0959 0.7458
vn -0.8338 -0.0782 0.5465
vn -0.7739 -0.3045 0.5553
vn -0.7680 0.2037 0.6072
vn -0.5927 0.6458 0.4813
vn -0.7310 -0.5065 0.4573
vn -0.3418 -0.9171 0.2052
vn -0.3929 -0.8897 0.2324
vn -0.2527 -0.9593 0.1260
vn -0.1578 -0.9775 0.1400
vn -0.8401 -0.3425 0.4205
vn -0.7408 -0.5392 0.4005
vn -0.5384 0.6694 0.5119
vn -0.6108 0.6647 0.4303
vn -0.6996 0.5021 0.5085
vn -0.4449 0.4966 0.7453
vn -0.3979 0.7855 0.4740
vn -0.3422 -0.2345 0.9099
vn -0.2533 -0.9196 0.3003
vn -0.3890 -0.7496 0.5355
vn -0.6606 -0.6705 0.3375
vn -0.5206 -0.2781 0.8073
vn -0.4840 -0.8550 0.1863
vn -0.5597 -0.8209 0.1137
vn -0.6613 -0.7451 0.0865
vn -0.6583 -0.7506 0.0575
vn -0.6737 -0.7390 -0.0065
vn -0.5743 -0.8186 -0.0112
vn -0.6788 -0.7263 -0.1084
vn -0.6789 -0.7214 -0.1369
vn -0.2629 -0.8412 0.4726
vn -0.1663 -0.9705 0.1745
vn -0.0903 -0.9684 0.2324
vn -0.5132 -0.2458 0.8223
vn -0.3160 -0.4931 0.8106
vn -0.6408 -0.0234 0.7674
vn -0.5871 -0.7505 0.3035
vn -0.6360 -0.6722 0.3791
vn -0.5066 -0.7949 0.3338
vn -0.7214 -0.4935 0.4858
vn -0.7944 -0.2395 0.5582
vn -0.7972 0.1334 0.5887
vn -0.7531 -0.1432 0.6421
vn -0.6317 0.5694 0.5261
vn -0.3455 0.8762 0.3359
vn -0.2460 0.9415 0.2303
vn -0.3801 0.8575 0.3468
vn -0.5293 -0.8082 0.2583
vn -0.4349 -0.8654 0.2490
vn -0.4927 -0.8201 0.2911
vn -0.2265 0.8891 0.3979
vn -0.2036 0.8043 0.5582
vn -0.2444 0.5622 0.7900
vn -0.2863 -0.3751 0.8817
vn -0.1847 -0.8475 0.4976
vn -0.4923 -0.8414 0.2227
vn -0.4062 -0.8881 0.2151
vn -0.4480 -0.8721 0.1971
vn -0.3898 -0.9052 0.1695
vn -0.4619 -0.8741 0.1503
vn -0.5119 -0.8579 0.0445
vn -0.4731 -0.8790 -0.0590
vn -0.5570 -0.8224 -0.1158
vn -0.3889 -0.9079 -0.1565
vn -0.5980 -0.7862 -0.1559
vn -0.4336 -0.8795 -0.1963
vn -0.5030 -0.0933 0.8593
vn -0.2242 -0.2648 0.9379
vn -0.4603 -0.7766 0.4302
vn -0.6462 0.1529 0.7477
vn -0.4032 0.7188 0.5664
vn -0.3441 0.4951 0.7978
vn -0.3630 -0.6699 0.6477
vn -0.0455 -0.8931 0.4476
vn -0.1296 -0.6926 0.7096
vn 0.0136 -0.9649 0.2621
vn -0.0283 -0.9940 0.1056
vn -0.2973 -0.9042 0.3065
vn -0.6142 -0.4819 0.6249
vn -0.1228 0.9428 0.3098
vn -0.0657 0.9807 0.1843
vn -0.0925 -0.9827 0.1606
vn -0.2710 -0.9322 0.2400
vn -0.0812 0.9619 0.2611
vn -0.2735 -0.1011 0.9565
vn -0.1873 0.7831 0.5930
vn -0.2379 -0.6335 0.7363
vn -0.1376 -0.8811 0.4524
vn -0.1603 -0.9715 0.1744
vn -0.3127 -0.9306 0.1903
vn -0.3604 -0.9150 0.1812
vn -0.2108 -0.9630 0.1677
vn -0.2804 -0.9474 0.1546
vn -0.3607 -0.9234 0.1312
vn -0.2707 -0.9603 0.0679
vn -0.4292 -0.8987 0.0896
vn -0.3509 -0.9363 0.0146
vn -0.3681 -0.9275 -0.0655
vn -0.1205 -0.9516 -0.2826
vn -0.0871 -0.4971 0.8633
vn -0.1523 -0.8738 0.4618
vn -0.2063 -0.3062 0.9293
vn 0.0023 0.8150 0.5794
vn 0.0674 -0.2623 0.9626
vn 0.0064 -0.7589 0.6512
vn 0.0057 -0.8691 0.4946
vn -0.0895 -0.9423 0.3225
vn -0.0680 -0.9877 0.1408
vn -0.1418 0.5917 0.7936
vn -0.2015 -0.9606 0.1912
vn -0.0379 -0.9901 0.1352
vn -0.1863 -0.9787 0.0858
vn -0.1846 -0.9804 -0.0688
vn -0.2228 -0.9645 -0.1419
vn -0.2293 -0.9462 -0.2285
vn -0.1365 -0.9671 -0.2146
vn 0.0572 -0.3442 0.9372
vn 0.2418 -0.2173 0.9457
vn 0.0756 0.5924 0.8021
vn 0.0774 -0.7969 0.5992
vn 0.0645 0.8926 0.4462
vn 0.0185 -0.9867 0.1613
vn 0.0472 -0.9247 0.3777
vn 0.0524 -0.9460 0.3200
vn 0.0392 -0.9336 0.3562
vn 0.0490 0.9730 0.2255
vn 0.0555 0.9674 0.2469
vn 0.0696 -0.9551 0.2880
vn 0.0132 -0.9893 0.1454
vn -0.0941 -0.9709 0.2202
vn 0.0334 -0.9848 0.1707
vn -0.1763 0.0629 0.9823
vn 0.0890 0.8827 0.4615
vn -0.1316 -0.9328 0.3355
vn -0.0419 -0.9857 0.1631
vn -0.0957 -0.9832 0.1555
vn -0.1606 -0.9785 0.1296
vn -0.0255 -0.9963 0.0822
vn -0.1586 -0.9873 -0.0011
vn -0.0227 -0.9977 -0.0637
vn -0.0682 -0.9778 -0.1982
vn -0.0813 -0.9569 -0.2789
vn -0.9946 0.0454 0.0934
vn -0.8764 -0.3629 0.3167
vn -0.7058 -0.5410 0.4574
vn -0.9798 -0.0368 0.1963
vn -0.8403 -0.1897 0.5079
vn -0.6662 -0.0411 0.7446
vn -0.8883 0.2616 0.3775
vn -0.8670 0.3786 0.3239
vn -0.8172 -0.0150 0.5762
vn -0.6580 0.2275 0.7178
vn -0.9302 -0.2405 0.2771
vn -0.7586 0.3364 0.5579
vn -0.8533 -0.1432 0.5013
vn -0.5883 0.7478 0.3079
vn -0.7859 -0.4859 0.3824
vn -0.7821 0.5059 0.3638
vn -0.8538 0.1342 0.5030
vn -0.4114 0.8617 0.2971
vn -0.9627 0.0187 0.2698
vn -0.8376 0.3884 0.3842
vn -0.8939 0.0331 0.4470
vn -0.8574 0.4161 0.3028
vn -0.7453 -0.6579 0.1082
vn -0.9708 -0.2347 -0.0504
vn -0.8098 0.5194 0.2728
vn -0.8824 -0.4664 -0.0619
vn -0.9244 -0.1888 0.3315
vn -0.8908 -0.4278 0.1533
vn -0.8971 0.2331 0.3752
vn -0.9739 -0.1843 0.1327
vn -0.9428 -0.1941 0.2710
vn -0.9936 -0.1125 -0.0106
vn -0.9536 -0.2987 0.0383
vn -0.9700 -0.1609 -0.1823
vn -0.9937 0.0987 -0.0526
vn -0.9718 0.0495 0.2306
vn -0.9994 -0.0331 -0.0138
vn -0.9977 0.0669 0.0126
vn -0.9293 -0.0833 0.3599
vn -0.9802 0.1722 0.0981
vn -0.9423 0.3347 -0.0047
vn -0.9742 0.0323 -0.2233
vn -0.9297 0.2255 -0.2911
vn -0.7659 0.1968 -0.6121
vn -0.9770 0.0906 -0.1931
vn -0.9364 0.2645 -0.2307
vn -0.9796 0.1871 -0.0734
vn -0.9563 0.2495 0.1527
vn -0.9290 0.2288 0.2910
vn -0.9265 0.1671 0.3372
vn -0.7611 -0.6380 0.1171
vn -0.8692 -0.4930 0.0370
vn -0.7112 0.6920 0.1236
vn -0.7034 0.7009 -0.1182
vn -0.7933 -0.6084 0.0243
vn -0.8431 0.4807 0.2411
vn -0.7923 -0.6076 0.0551
vn -0.9705 0.2407 -0.0159
vn -0.9918 -0.0346 0.1234
vn -0.9580 0.1284 0.2566
vn -0.9618 0.2714 0.0360
vn -0.9572 -0.2499 0.1462
vn -0.9564 0.1031 0.2732
vn -0.9665 -0.2211 0.1305
vn -0.9780 0.1771 0.1098
vn -0.7588 0.5763 0.3033
vn -0.6722 0.7126 0.2006
vn -0.6954 0.7144 0.0784
vn -0.5167 0.8353 0.1881
vn -0.9664 -0.0070 0.2568
vn -0.9666 0.0458 0.2520
vn -0.9247 0.0132 0.3805
vn -0.9318 0.1351 0.3369
vn -0.9670 0.0914 0.2378
vn -0.9189 0.2368 0.3156
vn -0.9503 0.1820 0.2525
vn -0.9638 0.1620 0.2117
vn -0.9231 -0.3738 0.0905
vn -0.9340 0.3573 -0.0042
vn -0.9850 -0.1719 0.0110
vn -0.9850 0.1655 0.0489
vn -0.9831 -0.1356 0.1227
vn -0.8336 0.5489 0.0610
vn -0.9780 -0.0127 0.2080
vn -0.9614 0.1809 0.2073
vn -0.9417 0.2258 0.2494
vn -0.9223 0.3108 0.2298
vn -0.9154 0.3533 0.1928
vn -0.9877 -0.0719 0.1389
vn -0.9845 -0.0214 0.1742
vn -0.9771 0.0571 0.2047
vn -0.9692 0.1285 0.2099
vn -0.9844 0.0517 0.1682
vn -0.9787 0.1221 0.1649
vn -0.9484 0.2370 0.2108
vn -0.9218 0.3316 0.2008
vn -0.9926 -0.0182 0.1199
vn -0.9643 0.2042 0.1686
vn -0.9337 0.3199 0.1606
vn -0.8931 0.4136 0.1770
vn -0.9950 -0.0761 0.0644
vn -0.9965 -0.0784 -0.0299
vn -0.9995 -0.0271 0.0162
vn -0.9976 0.0445 -0.0533
vn -0.9847 0.1400 0.1035
vn -0.9951 0.0952 0.0266
vn -0.9647 0.2587 0.0502
vn -0.9840 0.1778 -0.0108
vn -0.9608 0.2517 0.1163
vn -0.9590 0.2809 -0.0368
vn -0.9109 0.3966 0.1137
vn -0.9211 0.3839 0.0644
vn -0.9925 -0.0623 -0.1051
vn -0.9937 -0.0531 -0.0983
vn -0.9810 0.1690 -0.0957
vn -0.9792 0.0830 -0.1853
vn -0.9257 0.3784 0.0005
vn -0.9338 0.3452 -0.0938
vn -0.9610 0.2246 -0.1613
vn -0.9126 0.0656 0.4035
vn -0.9295 0.1035 0.3540
vn -0.8659 0.0411 0.4985
vn -0.8175 0.0373 0.5747
vn -0.9466 0.1619 0.2786
vn -0.9441 0.1139 0.3093
vn -0.8375 0.0337 0.5453
vn -0.8840 -0.0694 0.4624
vn -0.5459 0.6010 0.5838
vn -0.8286 0.5374 0.1569
vn -0.8471 0.4728 0.2427
vn -0.8796 -0.4169 0.2292
vn -0.9140 0.0896 0.3956
vn -0.8938 0.4328 0.1172
vn -0.8669 0.3625 0.3422
vn -0.8840 -0.2595 0.3889
vn -0.8666 0.0028 0.4990
vn -0.9462 0.2260 0.2316
vn -0.9971 0.0614 0.0453
vn -0.9271 0.3565 0.1159
vn -0.9842 -0.0327 0.1739
vn -0.7429 -0.2904 0.6031
vn -0.9632 0.0393 0.2660
vn -0.9704 0.1787 0.1626
vn -0.5783 -0.4099 0.7054
vn -0.9634 0.2197 0.1534
vn -0.9247 0.0328 0.3793
vn -0.9382 0.2901 0.1889
vn -0.8980 0.0103 0.4398
vn -0.9557 0.1437 0.2569
vn -0.8464 0.1346 0.5153
vn -0.6655 0.3339 0.6676
vn -0.9454 0.1929 0.2626
vn -0.9243 0.2150 0.3154
vn -0.9788 0.0805 0.1881
vn -0.5605 0.7232 0.4035
vn -0.8822 -0.0211 0.4704
vn -0.8981 -0.0312 0.4386
vn -0.7281 -0.6076 0.3174
vn -0.8946 -0.1803 0.4089
vn -0.8208 -0.4285 0.3777
vn -0.8159 0.3148 0.4850
vn -0.8346 -0.4036 0.3748
vn -0.7042 0.2225 0.6742
vn -0.4973 0.5518 0.6695
vn -0.5004 0.7417 0.4465
vn -0.6563 -0.7350 0.1705
vn -0.8540 -0.4494 0.2623
vn -0.9563 -0.1604 0.2444
vn -0.9625 -0.2417 0.1231
vn -0.6604 0.5965 0.4562
vn -0.5524 0.7383 0.3870
vn -0.6300 0.7115 0.3113
vn -0.5080 0.7091 0.4891
vn -0.6629 0.6576 0.3579
vn -0.9086 0.3206 0.2678
vn -0.9384 -0.2141 0.2712
vn -0.5676 0.7798 0.2640
vn -0.6559 0.7048 0.2701
vn -0.7897 0.5578 0.2555
vn -0.6500 0.7534 0.0999
vn -0.8682 0.4673 0.1670
vn -0.7512 0.6302 0.1964
vn -0.8687 0.4441 0.2195
vn -0.8737 0.4375 0.2126
vn -0.8312 0.5074 0.2272
vn -0.8481 0.4984 0.1800
vn -0.8751 0.4624 0.1430
vn -0.8334 0.5421 0.1076
vn -0.8701 0.4867 0.0780
vn -0.8775 0.4791 0.0222
vn -0.8357 0.5477 0.0400
vn -0.9910 0.0199 -0.1320
vn -0.8881 0.4575 -0.0439
vn -0.8710 0.4789 -0.1097
vn -0.8463 0.5324 -0.0178
vn -0.9864 0.1171 -0.1157
vn -0.9886 0.0047 -0.1506
vn -0.9923 0.0144 -0.1233
vn -0.9790 0.0401 -0.2000
vn -0.9717 0.0796 -0.2223
vn -0.9002 0.4012 -0.1694
vn -0.9404 0.2614 -0.2176
vn -0.8897 0.3828 -0.2490
vn -0.9834 0.1463 -0.1073
vn -0.9595 0.1594 -0.2324
vn -0.7987 0.2193 0.5604
vn -0.7551 0.2696 0.5977
vn -0.5895 0.3694 0.7184
vn -0.4490 0.6177 0.6456
vn -0.5944 0.4367 0.6753
vn -0.5830 0.5183 0.6257
vn -0.5754 0.5934 0.5629
vn -0.6124 0.6570 0.4397
vn -0.6480 0.6364 0.4185
vn -0.5654 0.6673 0.4849
vn -0.7460 0.5903 0.3082
vn -0.7732 0.5608 0.2959
vn -0.7211 0.6107 0.3271
vn -0.6790 0.6341 0.3700
vn -0.7847 0.5643 0.2565
vn -0.7252 0.6293 0.2793
vn -0.7751 0.5891 0.2283
vn -0.8046 0.5773 0.1392
vn -0.8133 0.5481 0.1952
vn -0.7565 0.6268 0.1866
vn -0.7909 0.6091 0.0583
vn -0.7512 0.6476 0.1278
vn -0.8000 0.5998 -0.0131
vn -0.8192 0.5647 -0.0996
vn -0.8293 0.5350 -0.1612
vn -0.8010 0.5941 -0.0743
vn -0.9090 0.2899 -0.2993
vn -0.8494 0.4815 -0.2159
vn -0.9825 0.0910 -0.1628
vn -0.9632 0.2049 -0.1738
vn -0.9352 0.2806 -0.2162
vn -0.9369 0.2326 -0.2609
vn -0.9456 0.1838 -0.2684
vn -0.9398 0.1806 -0.2902
vn -0.8894 0.3571 -0.2854
vn -0.7319 0.0163 0.6812
vn -0.6835 0.0979 0.7233
vn -0.6518 0.2849 0.7029
vn -0.5840 0.4695 0.6622
vn -0.5536 0.2568 0.7922
vn -0.5010 0.4420 0.7441
vn -0.5758 0.5293 0.6231
vn -0.5647 0.5985 0.5682
vn -0.6054 0.6776 0.4175
vn -0.4990 0.7481 0.4375
vn -0.6227 0.7169 0.3137
vn -0.6191 0.6987 0.3587
vn -0.5110 0.7753 0.3713
vn -0.6347 0.7244 0.2689
vn -0.5507 0.8006 0.2361
vn -0.4987 0.8191 0.2834
vn -0.7015 0.6751 0.2283
vn -0.6740 0.7191 0.1691
vn -0.7721 0.6332 0.0541
vn -0.7990 0.5942 -0.0925
vn -0.7901 0.6123 -0.0285
vn -0.8538 0.4549 -0.2530
vn -0.8506 0.4797 -0.2151
vn -0.8072 0.5726 -0.1434
vn -0.9204 0.2637 -0.2885
vn -0.6198 0.0575 0.7827
vn -0.5208 0.1202 0.8452
vn -0.4040 0.2603 0.8769
vn -0.3153 0.5709 0.7580
vn -0.4405 0.6066 0.6619
vn -0.4438 0.5490 0.7083
vn -0.5063 0.6681 0.5453
vn -0.4184 0.6742 0.6086
vn -0.4207 0.7438 0.5193
vn -0.3944 0.8156 0.4235
vn -0.3301 0.7915 0.5144
vn -0.3285 0.8782 0.3477
vn -0.4707 0.8202 0.3253
vn -0.4423 0.8630 0.2442
vn -0.3720 0.8801 0.2949
vn -0.3547 0.9007 0.2509
vn -0.5117 0.8380 0.1895
vn -0.3934 0.8973 0.2005
vn -0.5988 0.7748 0.2029
vn -0.6979 0.7090 0.1016
vn -0.5918 0.7936 0.1414
vn -0.4127 0.8970 0.1586
vn -0.7575 0.6524 0.0233
vn -0.7927 0.6094 -0.0128
vn -0.6205 0.7827 0.0489
vn -0.6562 0.7542 -0.0253
vn -0.7929 0.6045 -0.0765
vn -0.7831 0.6092 -0.1250
vn -0.7436 0.6654 -0.0655
vn -0.7249 0.6739 -0.1430
vn -0.7789 0.5998 -0.1829
vn -0.9289 0.2771 -0.2455
vn -0.9049 0.3490 -0.2434
vn -0.8882 0.3882 -0.2457
vn -0.8557 0.4655 -0.2260
vn -0.8362 0.5168 -0.1838
vn -0.8293 0.5271 -0.1855
vn -0.3332 0.0337 0.9423
vn -0.3130 0.1884 0.9309
vn -0.3399 0.4242 0.8394
vn -0.1625 0.6800 0.7150
vn -0.1793 0.7312 0.6581
vn -0.2408 0.7685 0.5928
vn -0.1993 0.8280 0.5242
vn -0.2856 0.8412 0.4591
vn -0.2365 0.8963 0.3752
vn -0.0834 0.9490 0.3041
vn -0.1882 0.9450 0.2675
vn -0.2231 0.9525 0.2072
vn -0.2476 0.9553 0.1617
vn -0.1042 0.9827 0.1531
vn -0.4223 0.9012 0.0978
vn -0.1965 0.9749 0.1044
vn -0.4225 0.9063 0.0083
vn -0.3956 0.9151 -0.0779
vn -0.5804 0.8071 -0.1082
vn -0.5474 0.8159 -0.1862
vn -0.6985 0.6870 -0.2003
vn -0.5489 0.7950 -0.2583
vn -0.7533 0.6084 -0.2499
vn -0.6604 0.6890 -0.2986
vn -0.6061 0.7462 -0.2753
vn -0.3936 0.8621 -0.3192
vn -0.0521 0.0194 0.9985
vn -0.1243 0.3042 0.9445
vn -0.0013 0.4939 0.8695
vn -0.1034 0.5642 0.8191
vn 0.0365 0.7196 0.6935
vn -0.0186 0.8211 0.5705
vn -0.0376 0.8975 0.4394
vn -0.1141 0.9150 0.3869
vn -0.0529 0.9766 0.2082
vn -0.0373 0.9941 0.1014
vn 0.0590 0.9920 0.1114
vn -0.1583 0.9859 -0.0544
vn -0.1384 0.9901 0.0246
vn -0.2231 0.9560 -0.1907
vn -0.3762 0.8805 -0.2884
vn -0.2649 0.9010 -0.3436
vn 0.1305 0.2802 0.9510
vn 0.1331 0.6372 0.7591
vn 0.0822 0.8594 0.5047
vn 0.0527 0.9289 0.3665
vn 0.0629 0.9444 0.3227
vn -0.0368 0.9959 -0.0824
vn -0.0528 0.9685 -0.2435
vn -0.0158 0.9878 -0.1549
vn -0.0226 0.9429 -0.3323
vn -0.1685 0.9346 -0.3133
vn -0.9900 0.0635 -0.1259
vn -0.9813 -0.1336 -0.1389
vn -0.9729 0.1668 -0.1601
vn -0.9810 0.1413 -0.1328
vn -0.9749 0.1538 -0.1607
vn -0.9284 -0.3447 -0.1390
vn -0.9872 -0.0108 -0.1594
vn -0.8887 -0.4400 -0.1289
vn -0.9870 0.1225 -0.1045
vn -0.8287 -0.5483 -0.1125
vn -0.7293 -0.6730 -0.1235
vn -0.8223 -0.5539 -0.1303
vn -0.7283 -0.6750 -0.1181
vn -0.9737 0.1341 -0.1839
vn -0.8681 -0.4954 -0.0319
vn -0.9558 -0.2543 -0.1478
vn -0.9950 -0.0490 -0.0873
vn -0.9480 0.2601 -0.1833
vn -0.9866 0.1263 -0.1031
vn -0.9756 0.1694 -0.1399
vn -0.9566 -0.2783 -0.0867
vn -0.9981 0.0595 -0.0146
vn -0.9528 -0.3023 0.0287
vn -0.9480 -0.3054 0.0895
vn -0.9967 -0.0801 -0.0140
vn -0.9917 0.1282 -0.0056
vn -0.9988 0.0104 0.0486
vn -0.9913 0.1315 -0.0095
vn -0.9881 0.1522 0.0226
vn -0.9837 0.1754 0.0386
vn -0.9997 0.0143 0.0207
vn -0.9972 0.0693 0.0277
vn -0.9985 0.0514 0.0166
vn -0.9998 -0.0037 0.0219
vn -0.9723 0.2280 0.0515
vn -0.9979 0.0618 0.0204
vn -0.9999 -0.0000 0.0156
vn -0.9996 -0.0156 0.0216
vn -0.9999 0.0042 0.0140
vn -0.6161 -0.7746 -0.1428
vn -0.5310 -0.8272 -0.1837
vn -0.4364 -0.8815 -0.1802
vn -0.5064 -0.8525 -0.1294
vn -0.2971 -0.9489 -0.1067
vn -0.4792 -0.8757 -0.0589
vn -0.7093 -0.7006 0.0772
vn -0.6702 -0.7414 -0.0337
vn -0.5910 -0.7847 0.1871
vn -0.7401 -0.6336 0.2256
vn -0.8347 -0.5385 0.1153
vn -0.9478 -0.2847 0.1433
vn -0.8978 -0.4022 0.1797
vn -0.8972 -0.3884 0.2100
vn -0.9905 -0.1182 0.0706
vn -0.9567 -0.2472 0.1539
vn -0.9879 -0.0972 0.1207
vn -0.9946 0.0297 0.0991
vn -0.9868 0.1469 0.0681
vn -0.9717 0.2198 0.0863
vn -0.9888 0.1418 0.0459
vn -0.9728 0.2254 0.0529
vn -0.9966 0.0478 0.0664
vn -0.9985 -0.0246 0.0494
vn -0.9870 0.1311 0.0924
vn -0.9743 0.1976 0.1083
vn -0.9829 0.1614 0.0891
vn -0.9860 0.1140 0.1217
vn -0.9903 0.0440 0.1320
vn -0.9951 -0.0160 0.0975
vn -0.9851 0.1516 0.0809
vn -0.9726 0.2036 0.1126
vn -0.9703 0.1797 0.1620
vn -0.9841 0.1717 0.0456
vn -0.9872 0.0852 0.1350
vn -0.9909 -0.0399 0.1283
vn -0.9837 0.1432 0.1084
vn -0.9910 0.0205 0.1319
vn -0.2827 -0.9300 -0.2350
vn -0.2737 -0.9443 -0.1829
vn -0.1352 -0.9843 -0.1139
vn -0.3890 -0.9202 0.0437
vn -0.1923 -0.9813 0.0048
vn -0.1957 -0.9799 -0.0388
vn -0.5155 -0.8507 0.1028
vn -0.6118 -0.7341 0.2947
vn -0.4032 -0.8759 0.2650
vn -0.8011 -0.5441 0.2494
vn -0.8088 -0.5272 0.2606
vn -0.6566 -0.6841 0.3177
vn -0.7992 -0.5515 0.2391
vn -0.9406 -0.2848 0.1850
vn -0.8959 -0.3997 0.1941
vn -0.9807 -0.1517 0.1238
vn -0.9833 -0.1545 0.0965
vn -0.9952 -0.0141 0.0965
vn -0.9984 -0.0333 0.0467
vn -0.9894 -0.1367 0.0480
vn -0.9953 0.0599 0.0757
vn -0.9978 0.0649 0.0132
vn -0.9875 0.1531 0.0379
vn -0.9847 0.1710 -0.0333
vn -0.9879 0.1536 0.0221
vn -0.9922 0.1182 -0.0391
vn -0.9933 0.1007 0.0559
vn -0.9976 0.0341 0.0597
vn -0.9961 -0.0570 0.0673
vn -0.1031 -0.9947 -0.0038
vn -0.2256 -0.9603 0.1641
vn -0.0869 -0.9855 0.1460
vn -0.4354 -0.8309 0.3464
vn -0.1618 -0.9535 0.2544
vn -0.5991 -0.7313 0.3260
vn -0.3111 -0.8839 0.3492
vn -0.1919 -0.9178 0.3475
vn -0.6564 -0.7091 0.2574
vn -0.4271 -0.8520 0.3028
vn -0.6722 -0.7102 0.2092
vn -0.8502 -0.4923 0.1868
vn -0.8341 -0.5306 0.1509
vn -0.5835 -0.7945 0.1682
vn -0.7556 -0.6483 0.0933
vn -0.9351 -0.3300 0.1293
vn -0.8819 -0.4632 0.0875
vn -0.9563 -0.2777 0.0917
vn -0.9620 -0.2671 0.0567
vn -0.9040 -0.4244 0.0521
vn -0.7857 -0.6184 0.0133
vn -0.9173 -0.3893 -0.0839
vn -0.9098 -0.4151 -0.0054
vn -0.9967 -0.0576 -0.0579
vn -0.9674 -0.2533 -0.0069
vn -0.9748 -0.2085 -0.0797
vn -0.9910 0.0892 -0.1001
vn -0.9710 0.2326 -0.0548
vn -0.9191 0.3483 -0.1845
vn -0.9811 0.0696 -0.1807
vn -0.9924 -0.1099 0.0544
vn -0.9636 -0.1494 -0.2218
vn -0.1239 -0.9896 -0.0728
vn -0.1325 -0.9880 0.0793
vn -0.0194 -0.9515 0.3071
vn -0.0681 -0.9675 0.2435
vn -0.0887 -0.9395 0.3309
vn -0.0175 -0.9313 0.3638
vn -0.3592 -0.8994 0.2490
vn -0.0583 -0.9729 0.2238
vn -0.2675 -0.9465 0.1806
vn -0.5012 -0.8611 0.0850
vn -0.3076 -0.9463 0.0992
vn -0.6504 -0.7587 0.0352
vn -0.4529 -0.8915 -0.0008
vn -0.8234 -0.5656 -0.0469
vn -0.8483 -0.5161 -0.1183
vn -0.7698 -0.6194 -0.1540
vn -0.9561 0.2601 -0.1350
vn -0.8829 -0.4295 -0.1896
vn -0.9285 -0.2898 -0.2321
vn -0.9738 -0.0888 -0.2093
vn -0.8920 -0.1305 -0.4327
vn -0.9733 0.1379 -0.1836
vn -0.8751 0.2152 -0.4334
vn -0.8486 0.4146 -0.3287
vn -0.5974 0.5663 -0.5678
vn -0.7575 0.4262 -0.4945
vn -0.0305 0.7613 -0.6476
vn -0.7055 -0.0934 -0.7025
vn -0.3085 0.3722 -0.8754
vn -0.1222 -0.9747 -0.1869
vn -0.0600 -0.9724 -0.2254
vn -0.0756 -0.9882 -0.1332
vn -0.0168 -0.9993 -0.0347
vn -0.0288 -0.9924 0.1193
vn 0.0697 -0.9354 0.3467
vn 0.0324 -0.9644 0.2624
vn -0.0888 -0.9914 0.0963
vn -0.1931 -0.9810 0.0159
vn -0.6406 -0.7654 -0.0617
vn -0.2820 -0.9579 -0.0541
vn -0.0105 -0.9480 -0.3181
vn -0.5821 -0.7938 -0.1761
vn -0.7624 -0.5137 -0.3935
vn -0.8100 -0.3278 -0.4862
vn -0.1970 -0.5608 -0.8041
vn -0.7062 0.0690 -0.7046
vn -0.2279 0.6508 -0.7242
vn -0.3599 0.5366 -0.7632
vn 0.0180 -0.6610 -0.7502
vn -0.2778 -0.8294 -0.4847
vn -0.9656 0.2146 -0.1471
vn -0.9658 0.2223 -0.1338
vn -0.9370 0.3100 -0.1612
vn -0.9511 0.2520 -0.1787
vn -0.9859 0.1389 -0.0937
vn -0.9760 0.1985 -0.0897
vn -0.9648 0.2597 -0.0408
vn -0.9926 0.0873 -0.0845
vn -0.9889 0.1445 0.0343
vn -0.9970 0.0659 0.0399
vn -0.9789 0.2023 0.0273
vn -0.9938 0.0985 0.0516
vn -0.9991 0.0134 0.0401
vn -0.9987 0.0355 0.0360
vn -0.9887 -0.0703 0.1320
vn -0.9892 -0.1176 0.0876
vn -0.9868 -0.1023 0.1255
vn -0.9842 -0.1277 0.1223
vn -0.9908 -0.0941 0.0968
vn -0.9853 -0.0967 0.1411
vn -0.9846 -0.1466 0.0951
vn -0.9822 -0.1418 0.1230
vn -0.9774 -0.1539 0.1448
vn -0.9316 0.3194 -0.1737
vn -0.9195 0.3509 -0.1769
vn -0.9326 0.3218 -0.1636
vn -0.9336 0.3373 -0.1209
vn -0.9274 0.3720 0.0399
vn -0.9591 0.2675 0.0931
vn -0.9369 0.3229 0.1337
vn -0.9927 0.1044 0.0597
vn -0.9938 0.0660 0.0890
vn -0.9989 0.0207 0.0427
vn -0.9811 0.1737 0.0851
vn -0.9789 0.1644 0.1214
vn -0.9907 0.0318 0.1322
vn -0.9591 0.2331 0.1607
vn -0.9797 0.1141 0.1648
vn -0.9613 0.1921 0.1975
vn -0.9445 0.2310 0.2335
vn -0.9957 -0.0431 0.0820
vn -0.9852 0.0091 0.1713
vn -0.9734 0.1045 0.2041
vn -0.9440 0.2260 0.2406
vn -0.9965 -0.0615 0.0559
vn -0.9879 -0.0329 0.1517
vn -0.9874 -0.0222 0.1564
vn -0.9753 0.0922 0.2007
vn -0.9890 -0.0869 0.1200
vn -0.9794 0.0884 0.1817
vn -0.9886 -0.0678 0.1346
vn -0.9811 -0.1321 0.1415
vn -0.9799 -0.1499 0.1318
vn -0.9934 0.0013 0.1149
vn -0.9984 0.0113 0.0562
vn -0.9870 0.0736 0.1426
vn -0.9803 -0.1433 0.1358
vn -0.9293 0.3129 -0.1962
vn -0.9376 0.2902 -0.1917
vn -0.9337 0.2629 -0.2431
vn -0.9178 0.3546 -0.1784
vn -0.9272 0.3353 -0.1671
vn -0.9290 0.3663 -0.0523
vn -0.8976 0.4311 -0.0919
vn -0.8885 0.4588 0.0053
vn -0.8165 0.5751 0.0504
vn -0.8819 0.4665 0.0684
vn -0.9178 0.3391 0.2067
vn -0.8882 0.4337 0.1519
vn -0.8311 0.5075 0.2274
vn -0.8989 0.3573 0.2535
vn -0.8576 0.4440 0.2595
vn -0.8185 0.4957 0.2903
vn -0.8842 0.3782 0.2743
vn -0.7653 0.5736 0.2921
vn -0.9040 0.3503 0.2451
vn -0.7789 0.5687 0.2646
vn -0.9496 0.2531 0.1850
vn -0.8649 0.4606 0.1994
vn -0.7045 0.6732 0.2247
vn -0.9821 0.1791 0.0589
vn -0.9421 0.3143 0.1171
vn -0.9887 -0.1388 0.0573
vn -0.9929 -0.0975 0.0681
vn -0.9917 -0.0926 -0.0894
vn -0.9998 -0.0209 0.0064
vn -0.9950 0.0884 -0.0474
vn -0.9779 0.2046 -0.0421
vn -0.9375 0.2683 -0.2217
vn -0.9024 0.3635 -0.2315
vn -0.8089 0.5232 -0.2681
vn -0.7837 0.5611 -0.2664
vn -0.9179 0.3422 -0.2008
vn -0.8719 0.4366 -0.2217
vn -0.9212 0.3572 -0.1545
vn -0.7890 0.6106 -0.0685
vn -0.7215 0.6836 0.1104
vn -0.8131 0.5623 0.1506
vn -0.6873 0.7240 0.0594
vn -0.7380 0.6230 0.2592
vn -0.7186 0.6686 0.1912
vn -0.5416 0.8291 0.1384
vn -0.5734 0.7828 0.2417
vn -0.6761 0.6783 0.2877
vn -0.4675 0.8370 0.2843
vn -0.5617 0.7718 0.2978
vn -0.5411 0.7973 0.2673
vn -0.6715 0.7255 0.1510
vn -0.4216 0.8858 0.1940
vn -0.7861 0.6095 0.1029
vn -0.8637 0.5036 0.0199
vn -0.5348 0.8449 -0.0100
vn -0.9881 -0.1484 -0.0408
vn -0.9772 -0.2122 0.0015
vn -0.9294 -0.2636 -0.2584
vn -0.9847 -0.1652 -0.0557
vn -0.9202 -0.1755 -0.3499
vn -0.9490 -0.0153 -0.3149
vn -0.9551 0.2321 -0.1844
vn -0.9220 0.2160 -0.3212
vn -0.9245 0.3785 -0.0449
vn -0.8960 0.3867 -0.2181
vn -0.7441 0.6609 -0.0971
vn -0.7808 0.5854 -0.2180
vn -0.9855 0.0465 -0.1630
vn -0.4243 0.8440 -0.3280
vn -0.7238 0.6431 -0.2499
vn -0.8476 0.4890 -0.2061
vn -0.8666 0.4777 -0.1443
vn -0.7419 0.6456 -0.1808
vn -0.5655 0.8078 -0.1663
vn -0.6396 0.7656 -0.0694
vn -0.3563 0.9259 0.1256
vn -0.2418 0.9357 0.2569
vn -0.1824 0.9609 0.2085
vn -0.3971 0.9112 0.1097
vn -0.1511 0.9870 0.0549
vn -0.0916 0.9869 0.1331
vn -0.7697 -0.4840 -0.4164
vn -0.9074 -0.3628 -0.2123
vn -0.9297 -0.2989 -0.2152
vn -0.5978 -0.3960 -0.6970
vn -0.7406 -0.0397 -0.6708
vn -0.7797 0.3513 -0.5183
vn -0.6758 0.5812 -0.4534
vn -0.4633 0.8405 -0.2807
vn -0.5373 0.8370 -0.1038
vn -0.7937 0.1568 -0.5877
vn -0.2489 0.9098 -0.3322
vn -0.0825 0.9320 -0.3528
vn -0.0331 0.9408 -0.3374
vn -0.5370 0.7892 -0.2979
vn -0.1130 0.9601 -0.2558
vn -0.5708 0.7787 -0.2605
vn -0.3010 0.9040 -0.3037
vn -0.3377 0.9410 -0.0205
vn -0.4127 0.8849 -0.2161
vn -0.3357 0.9359 -0.1064
vn -0.3892 0.9204 0.0374
vn -0.3229 0.9247 0.2019
vn 0.0093 1.0000 0.0021
vn 0.0014 0.9932 0.1163
vn -0.1790 0.9548 0.2373
vn 0.0439 0.9822 0.1825
vn 0.1623 0.9778 0.1328
vn 0.0487 0.9981 0.0382
vn 0.0176 0.9908 -0.1339
vn -0.2345 0.9713 -0.0395
vn -0.4895 -0.5589 -0.6693
vn -0.3018 -0.5882 -0.7503
vn -0.3810 -0.2421 -0.8923
vn -0.1333 0.8898 -0.4364
vn -0.1766 0.9601 -0.2168
vn 0.1282 0.9535 -0.2726
vn -0.4105 0.4782 -0.7764
vn -0.2281 0.2315 -0.9457
vn 0.2100 -0.4816 0.8509
vn 0.0923 -0.8441 0.5281
vn 0.0902 0.8899 0.4471
vn 0.1883 -0.4761 0.8590
vn 0.1344 -0.0068 0.9909
vn 0.1037 0.6428 0.7590
vn 0.1748 -0.6576 0.7328
vn 0.2910 0.3740 0.8806
vn 0.0250 0.9692 0.2450
vn 0.1098 -0.6274 0.7710
vn 0.0264 -0.9938 0.1080
vn 0.1088 -0.8150 0.5692
vn 0.0476 -0.9719 0.2304
vn 0.4694 0.3466 0.8121
vn 0.5554 -0.2815 0.7825
vn 0.1394 0.9207 0.3644
vn 0.0703 -0.8214 0.5660
vn 0.2590 -0.9206 0.2924
vn 0.0512 -0.9893 0.1367
vn 0.0594 -0.9906 0.1233
vn 0.0677 -0.9941 0.0843
vn 0.2110 -0.9750 0.0699
vn 0.0026 -1.0000 0.0047
vn -0.0199 -0.9901 -0.1392
vn 0.2669 -0.6551 0.7068
vn 0.3349 -0.4651 0.8194
vn 0.4781 -0.2832 0.8314
vn 0.1242 -0.9148 0.3844
vn 0.3683 -0.8138 0.4495
vn 0.6385 -0.3518 0.6845
vn 0.7009 0.3752 0.6067
vn 0.2388 0.8408 0.4858
vn 0.1022 -0.8983 0.4274
vn 0.0575 -0.9722 0.2271
vn 0.1637 -0.8560 0.4903
vn 0.1827 -0.9447 0.2722
vn 0.3331 -0.9220 0.1973
vn 0.1092 0.9713 0.2111
vn 0.1290 0.9824 0.1348
vn 0.0362 -0.9860 0.1629
vn 0.1137 -0.9866 0.1167
vn 0.2964 -0.9474 0.1204
vn 0.1805 -0.9706 0.1592
vn 0.2966 0.7172 0.6306
vn 0.4829 -0.5782 0.6576
vn 0.5270 0.4246 0.7362
vn 0.1833 -0.9613 0.2056
vn 0.1768 -0.9770 0.1192
vn 0.2944 -0.9522 0.0817
vn 0.1666 -0.9792 0.1161
vn 0.3491 -0.9359 0.0473
vn 0.1567 -0.9872 0.0314
vn 0.3421 -0.9396 0.0113
vn 0.1773 -0.9837 -0.0290
vn 0.0794 -0.9941 -0.0743
vn 0.1365 -0.9819 -0.1315
vn 0.0961 -0.9751 -0.2000
vn 0.0017 -0.9568 -0.2907
vn 0.6816 -0.1609 0.7138
vn 0.3827 -0.8806 0.2794
vn 0.6464 -0.7082 0.2838
vn 0.8000 -0.3370 0.4965
vn 0.9271 0.0449 0.3721
vn 0.8105 0.3601 0.4619
vn 0.8681 -0.3868 0.3110
vn 0.4997 0.7718 0.3934
vn 0.3349 -0.8065 0.4873
vn 0.0673 -0.9943 0.0831
vn 0.1324 -0.9571 0.2579
vn 0.5172 -0.4926 0.6999
vn 0.5143 -0.8422 0.1617
vn 0.7892 0.5341 0.3032
vn 0.3137 0.9216 0.2284
vn 0.5360 0.8183 0.2074
vn 0.1130 -0.9901 0.0828
vn 0.3846 -0.9133 0.1344
vn 0.1289 0.9733 0.1901
vn 0.2350 0.9584 0.1621
vn 0.3459 0.9309 0.1170
vn 0.2619 0.8940 0.3635
vn 0.2964 -0.8655 0.4038
vn 0.3338 -0.9394 0.0784
vn 0.4325 -0.8998 0.0576
vn 0.4512 -0.8920 0.0272
vn 0.4999 -0.8659 -0.0177
vn 0.3487 -0.9362 -0.0436
vn 0.2701 -0.9585 -0.0910
vn 0.2394 -0.9562 -0.1686
vn 0.3925 -0.9113 -0.1247
vn 0.3508 -0.9159 -0.1951
vn 0.0846 -0.9597 -0.2681
vn 0.2278 -0.9413 -0.2491
vn 0.2016 -0.9346 -0.2931
vn 0.0555 -0.9574 -0.2833
vn 0.6597 -0.5153 0.5470
vn 0.2062 -0.9636 0.1700
vn 0.4629 -0.8236 0.3278
vn 0.8240 -0.0639 0.5629
vn 0.7927 -0.5826 0.1795
vn 0.6616 -0.7382 0.1316
vn 0.9297 0.2677 0.2530
vn 0.9611 -0.1424 0.2369
vn 0.8686 0.4070 0.2825
vn 0.8384 -0.5140 0.1815
vn 0.6265 0.7394 0.2464
vn 0.2968 -0.9536 0.0507
vn 0.5482 -0.8319 0.0855
vn 0.4509 -0.8888 0.0823
vn 0.6386 -0.7650 0.0829
vn 0.8262 -0.5482 0.1300
vn 0.7216 -0.6842 0.1053
vn 0.4947 0.5995 0.6292
vn 0.3399 0.8862 0.3147
vn 0.5733 -0.2921 0.7655
vn 0.4196 0.8887 0.1849
vn 0.1933 -0.9607 0.1992
vn 0.5805 -0.8125 0.0539
vn 0.5187 -0.8538 0.0448
vn 0.5079 -0.8610 0.0257
vn 0.5401 -0.8416 -0.0055
vn 0.4636 -0.8840 -0.0602
vn 0.5007 -0.8462 -0.1825
vn 0.3739 -0.8917 -0.2552
vn 0.4912 -0.8406 -0.2281
vn 0.5845 -0.7694 -0.2577
vn 0.6271 -0.7523 -0.2020
vn 0.3865 -0.8773 -0.2846
vn 0.6914 -0.6486 0.3182
vn 0.5285 -0.8406 0.1188
vn 0.8020 -0.5510 0.2307
vn 0.7967 -0.2026 0.5694
vn 0.8759 -0.2535 0.4104
vn 0.8662 0.3195 0.3843
vn 0.9420 -0.1471 0.3018
vn 0.9685 -0.0378 0.2461
vn 0.8187 0.5087 0.2665
vn 0.6100 -0.7912 0.0449
vn 0.6969 -0.7120 0.0866
vn 0.8620 -0.4538 0.2259
vn 0.9276 -0.3266 0.1816
vn 0.5769 0.5291 0.6222
vn 0.5914 0.7538 0.2865
vn 0.7113 -0.3229 0.6243
vn 0.4695 0.8476 0.2473
vn 0.7490 0.3857 0.5387
vn 0.9811 0.1024 0.1641
vn 0.4416 -0.8025 0.4012
vn 0.1974 -0.9768 0.0831
vn 0.3678 -0.9065 0.2071
vn 0.3927 -0.9163 0.0786
vn 0.5742 -0.7891 0.2184
vn 0.7384 -0.6696 0.0795
vn 0.8469 -0.2157 0.4861
vn 0.6588 -0.6605 0.3602
vn 0.5819 -0.8131 0.0176
vn 0.5907 -0.8053 -0.0504
vn 0.5833 -0.8084 -0.0792
vn 0.6558 -0.7465 -0.1130
vn 0.5743 -0.8068 -0.1389
vn 0.6877 -0.7064 -0.1679
vn 0.6875 -0.6912 -0.2226
vn 0.7057 -0.6639 -0.2475
vn 0.5706 -0.7716 -0.2813
vn 0.6482 -0.7282 -0.2226
vn 0.7223 -0.6498 -0.2367
vn 0.6977 -0.6661 -0.2636
vn 0.7711 -0.6250 0.1214
vn 0.7033 -0.7098 0.0396
vn 0.8700 -0.4875 0.0743
vn 0.7988 -0.6008 0.0321
vn 0.9333 -0.1482 0.3272
vn 0.9195 -0.3363 0.2037
vn 0.9731 0.0149 0.2299
vn 0.9754 -0.0757 0.2071
vn 0.8604 -0.4951 0.1205
vn 0.9255 -0.3526 0.1383
vn 0.8393 0.4937 0.2277
vn 0.9387 0.3117 0.1475
vn 0.5770 -0.8161 0.0326
vn 0.6485 -0.7528 0.1132
vn 0.6980 -0.7144 0.0503
vn 0.6552 -0.7542 0.0446
vn 0.8644 -0.4882 0.1201
vn 0.9218 -0.1151 0.3701
vn 0.8781 0.2643 0.3989
vn 0.9392 0.2227 0.2615
vn 0.9368 0.1358 0.3226
vn 0.9190 -0.0281 0.3932
vn 0.7980 -0.5244 0.2971
vn 0.8442 -0.3787 0.3793
vn 0.6815 -0.7318 -0.0030
vn 0.6255 -0.7796 -0.0330
vn 0.7207 -0.6736 -0.1639
vn 0.7296 -0.6511 -0.2092
vn 0.7535 -0.6134 -0.2368
vn 0.9363 -0.3465 0.0575
vn 0.8455 -0.5332 0.0284
vn 0.9654 -0.2266 0.1287
vn 0.9846 -0.1677 0.0504
vn 0.9433 -0.3318 0.0043
vn 0.9824 -0.1868 -0.0003
vn 0.9807 -0.1199 0.1546
vn 0.9857 -0.1502 0.0769
vn 0.9843 -0.1696 0.0484
vn 0.9769 -0.1051 0.1861
vn 0.9351 -0.3281 0.1342
vn 0.9164 -0.1292 0.3789
vn 0.7468 -0.6572 0.1022
vn 0.8316 -0.5044 0.2323
vn 0.8402 -0.5373 0.0740
vn 0.8493 -0.3893 0.3567
vn 0.7903 -0.6121 -0.0277
vn 0.8492 -0.5247 0.0601
vn 0.7635 -0.6452 0.0292
vn 0.8621 -0.5068 -0.0005
vn 0.9180 -0.3934 0.0508
vn 0.9149 -0.3993 -0.0590
vn 0.8682 -0.2897 0.4029
vn 0.8767 -0.4748 -0.0780
vn 0.6561 -0.7490 -0.0931
vn 0.7567 -0.6489 -0.0796
vn 0.7641 -0.6290 -0.1433
vn 0.8245 -0.5297 -0.1990
vn 0.7823 -0.5895 -0.2015
vn 0.8634 -0.4468 -0.2343
vn 0.7949 -0.5596 -0.2347
vn 0.9320 0.2085 -0.2965
vn 0.9262 0.1347 -0.3522
vn 0.9151 0.0707 -0.3969
vn 0.7883 -0.5601 -0.2546
vn 0.8413 -0.4774 -0.2536
vn 0.8905 -0.3735 -0.2598
vn 0.9252 -0.2625 -0.2740
vn 0.9667 0.0199 -0.2551
vn 0.9527 -0.0351 -0.3018
vn 0.9498 -0.1524 -0.2733
vn 0.9183 0.2071 -0.3374
vn 0.9976 -0.0035 0.0694
vn 0.9839 0.1780 -0.0160
vn 0.9875 -0.1577 -0.0039
vn 0.9127 -0.4053 0.0531
vn 0.8969 -0.3839 0.2197
vn 0.9900 -0.1312 -0.0526
vn 0.9688 0.2463 -0.0265
vn 0.9962 -0.0809 -0.0333
vn 0.9922 -0.0893 -0.0872
vn 0.9427 -0.2640 0.2042
vn 0.9454 -0.3258 0.0049
vn 0.9518 -0.2685 0.1480
vn 0.9568 -0.2743 -0.0964
vn 0.9819 -0.1848 -0.0421
vn 0.9870 -0.1468 0.0654
vn 0.9816 -0.1295 -0.1400
vn 0.9947 -0.0465 -0.0917
vn 0.9948 -0.0195 -0.0996
vn 0.9910 -0.0712 -0.1136
vn 0.8748 -0.4617 -0.1469
vn 0.9649 -0.2061 -0.1628
vn 0.9800 -0.0744 -0.1848
vn 0.9865 -0.0502 -0.1559
vn 0.9238 -0.3585 -0.1341
vn 0.9507 -0.2388 -0.1978
vn 0.9799 -0.0589 -0.1906
vn 0.8764 -0.4355 -0.2055
vn 0.9187 -0.3401 -0.2007
vn 0.9511 -0.1995 -0.2356
vn 0.9669 -0.1224 -0.2239
vn 0.9684 -0.1525 -0.1974
vn 0.9703 -0.0668 -0.2325
vn 0.9608 -0.0888 -0.2626
vn 0.8746 -0.4154 -0.2502
vn 0.9231 -0.3035 -0.2362
vn 0.9648 -0.0356 -0.2606
vn 0.9504 0.0366 -0.3088
vn 0.9366 0.0159 -0.3501
vn 0.9567 -0.0246 -0.2899
vn 0.9178 -0.2930 -0.2680
vn 0.9468 -0.1787 -0.2675
vn 0.9599 -0.0924 -0.2646
vn 0.9384 0.0975 -0.3315
vn 0.9521 0.0011 -0.3059
vn 0.9172 0.0634 -0.3933
vn 0.9191 0.1500 -0.3644
vn 0.9323 0.1009 -0.3474
vn 0.9216 -0.0522 -0.3846
vn 0.9481 -0.1426 -0.2842
vn 0.9469 0.1433 -0.2879
vn 0.1374 -0.0079 0.9905
vn 0.1199 0.7273 0.6757
vn 0.1121 0.7811 0.6143
vn 0.2181 0.8220 0.5261
vn 0.1728 0.8979 0.4048
vn 0.0417 0.9664 0.2536
vn 0.0200 0.9851 0.1706
vn 0.0085 0.9988 0.0487
vn 0.1517 0.9883 -0.0181
vn 0.0105 0.9982 -0.0597
vn 0.3953 0.0411 0.9176
vn 0.5727 0.0588 0.8177
vn 0.2615 0.4094 0.8741
vn 0.5112 0.3381 0.7902
vn 0.4000 0.7298 0.5544
vn 0.1786 0.9432 0.2801
vn 0.3010 0.9342 0.1914
vn 0.1024 0.9735 0.2043
vn 0.1120 0.9836 0.1414
vn 0.2087 0.9736 0.0923
vn 0.0781 0.9948 0.0657
vn 0.1409 0.9863 -0.0854
vn 0.0963 0.9780 -0.1849
vn 0.2029 0.9307 -0.3044
vn 0.1821 0.8966 -0.4036
vn 0.0890 0.9302 -0.3561
vn 0.3580 0.8456 -0.3959
vn 0.7450 0.0526 0.6650
vn 0.6176 0.2055 0.7592
vn 0.3506 0.5738 0.7401
vn 0.5435 0.5291 0.6517
vn 0.6780 0.5020 0.5370
vn 0.4171 0.6628 0.6219
vn 0.2197 0.7141 0.6647
vn 0.5690 0.6180 0.5425
vn 0.3417 0.8399 0.4216
vn 0.4380 0.7684 0.4667
vn 0.2291 0.9174 0.3253
vn 0.3756 0.8661 0.3298
vn 0.4859 0.7906 0.3725
vn 0.3926 0.8891 0.2355
vn 0.2272 0.9581 0.1744
vn 0.4997 0.8541 0.1444
vn 0.2872 0.9505 0.1183
vn 0.3883 0.9190 0.0679
vn 0.3830 0.9231 0.0348
vn 0.2214 0.9745 0.0368
vn 0.3831 0.9180 -0.1028
vn 0.5180 0.8300 -0.2069
vn 0.3255 0.9270 -0.1863
vn 0.4522 0.8382 -0.3049
vn 0.6451 0.7122 -0.2769
vn 0.6531 0.6716 -0.3498
vn 0.5311 0.7553 -0.3840
vn 0.6191 0.6820 -0.3895
vn 0.5474 0.7117 -0.4403
vn 0.6767 0.5998 -0.4269
vn 0.8660 0.0303 0.4992
vn 0.8392 0.1326 0.5274
vn 0.6884 0.3783 0.6189
vn 0.7345 0.2375 0.6357
vn 0.7875 0.3213 0.5259
vn 0.6620 0.5906 0.4613
vn 0.7726 0.4657 0.4316
vn 0.6249 0.6630 0.4122
vn 0.5796 0.7232 0.3757
vn 0.6399 0.7131 0.2864
vn 0.5253 0.8022 0.2837
vn 0.6386 0.7402 0.2106
vn 0.5430 0.8155 0.2004
vn 0.6497 0.7480 0.1355
vn 0.4459 0.8884 0.1091
vn 0.5656 0.8223 0.0636
vn 0.6063 0.7903 0.0885
vn 0.5000 0.8654 0.0334
vn 0.6119 0.7909 -0.0077
vn 0.6781 0.7299 -0.0862
vn 0.4010 0.9153 -0.0385
vn 0.5724 0.8172 -0.0674
vn 0.5899 0.7902 -0.1662
vn 0.7088 0.6799 -0.1879
vn 0.7223 0.6050 -0.3349
vn 0.7204 0.5909 -0.3632
vn 0.7243 0.5698 -0.3882
vn 0.8214 0.3238 -0.4696
vn 0.7776 0.4539 -0.4350
vn 0.7541 0.5048 -0.4201
vn 0.9024 -0.0390 0.4290
vn 0.9025 0.0969 0.4196
vn 0.8409 0.3009 0.4498
vn 0.7380 0.5474 0.3946
vn 0.7192 0.6014 0.3481
vn 0.6941 0.6535 0.3020
vn 0.7260 0.5905 0.3524
vn 0.7271 0.6576 0.1975
vn 0.7138 0.6794 0.1700
vn 0.6981 0.7124 0.0717
vn 0.6791 0.7337 0.0205
vn 0.7003 0.7134 -0.0261
vn 0.7384 0.6743 0.0067
vn 0.7608 0.6451 -0.0716
vn 0.7505 0.6496 -0.1215
vn 0.7368 0.6160 -0.2785
vn 0.7398 0.6111 -0.2814
vn 0.7188 0.5886 -0.3701
vn 0.7276 0.6007 -0.3313
vn 0.7244 0.5710 -0.3863
vn 0.7395 0.5093 -0.4402
vn 0.7411 0.5411 -0.3975
vn 0.8615 0.2319 -0.4516
vn 0.8356 0.2443 -0.4920
vn 0.8044 0.2753 -0.5264
vn 0.7754 0.4417 -0.4513
vn 0.7783 0.3936 -0.4892
vn 0.9285 0.0103 0.3711
vn 0.9617 0.0420 0.2710
vn 0.9096 0.2211 0.3517
vn 0.9538 0.2045 0.2200
vn 0.7533 0.4861 0.4430
vn 0.5541 0.6641 0.5019
vn 0.6338 0.6874 0.3546
vn 0.8663 0.3193 0.3842
vn 0.7480 0.5116 0.4229
vn 0.9589 -0.0245 0.2828
vn 0.7324 0.6346 0.2468
vn 0.6397 0.7211 0.2662
vn 0.6821 0.7232 0.1078
vn 0.7741 0.6277 0.0823
vn 0.7268 0.6662 0.1671
vn 0.7354 0.6540 0.1775
vn 0.7650 0.6357 0.1028
vn 0.8203 0.5712 0.0287
vn 0.8271 0.5619 -0.0084
vn 0.7852 0.6186 0.0280
vn 0.7909 0.6114 -0.0251
vn 0.8237 0.5626 -0.0708
vn 0.8458 0.5317 -0.0429
vn 0.8141 0.5676 -0.1225
vn 0.7875 0.5786 -0.2124
vn 0.7603 0.6283 -0.1647
vn 0.7431 0.6104 -0.2744
vn 0.7467 0.6264 -0.2238
vn 0.7374 0.5882 -0.3320
vn 0.8569 0.0960 -0.5065
vn 0.7720 0.3921 -0.5002
vn 0.8179 0.2782 -0.5036
vn 0.8771 0.2613 -0.4030
vn 0.8580 0.1620 -0.4874
vn 0.8329 0.2248 -0.5057
vn 0.8097 0.2300 -0.5398
vn 0.9888 0.0488 0.1409
vn 0.9807 0.0021 0.1954
vn 0.9861 0.1633 -0.0306
vn 0.9893 0.1447 0.0186
vn 0.9959 0.0698 0.0581
vn 0.9899 0.1364 -0.0384
vn 0.9631 0.2690 -0.0037
vn 0.9907 0.1093 0.0815
vn 0.9844 0.1673 0.0549
vn 0.9012 0.4004 -0.1656
vn 0.9593 0.0975 -0.2651
vn 0.9235 0.3268 -0.2010
vn 0.9813 -0.1876 0.0436
vn 0.8328 0.5342 -0.1454
vn 0.9263 0.3722 -0.0589
vn 0.8805 -0.2903 0.3748
vn 0.9866 -0.1317 0.0961
vn 0.9358 -0.3512 -0.0309
vn 0.9430 0.3276 -0.0594
vn 0.9007 0.4335 -0.0300
vn 0.9964 0.0774 -0.0339
vn 0.9806 0.1804 -0.0769
vn 0.9298 0.3225 -0.1772
vn 0.9855 0.1645 0.0418
vn 0.9870 0.0363 0.1564
vn 0.9753 -0.1463 -0.1652
vn 0.9395 -0.1405 0.3126
vn 0.8474 -0.0393 0.5295
vn 0.7591 -0.2460 0.6027
vn 0.9844 0.1758 -0.0063
vn 0.9784 0.1845 -0.0938
vn 0.9637 0.2385 0.1198
vn 0.8350 0.3428 0.4304
vn 0.8326 0.0614 0.5505
vn 0.8697 0.1854 0.4574
vn 0.9830 -0.0622 -0.1729
vn 0.9799 -0.1437 -0.1381
vn 0.6548 -0.7549 -0.0382
vn 0.9427 0.2502 0.2208
vn 0.9186 -0.3951 -0.0070
vn 0.9497 0.1814 0.2552
vn 0.9679 -0.2443 0.0587
vn 0.9450 0.2721 0.1815
vn 0.8472 -0.5301 0.0359
vn 0.9297 0.1800 0.3214
vn 0.9930 -0.0185 0.1168
vn 0.8632 -0.4802 -0.1559
vn 0.9564 -0.1608 0.2439
vn 0.9765 -0.0931 0.1942
vn 0.6821 0.6015 0.4159
vn 0.8429 -0.5253 0.1162
vn 0.6837 0.7077 0.1781
vn 0.7131 0.6594 0.2380
vn 0.5342 0.8279 0.1712
vn 0.8269 0.5026 0.2523
vn 0.6564 -0.7517 -0.0645
vn 0.9798 0.1961 -0.0390
vn 0.8239 0.5665 -0.0121
vn 0.9478 0.3189 0.0076
vn 0.9374 0.3480 0.0119
vn 0.9917 -0.0320 -0.1246
vn 0.6877 0.7234 0.0614
vn 0.7715 0.6349 -0.0407
vn 0.7244 0.6885 0.0349
vn 0.5264 0.8468 0.0767
vn 0.6069 0.7930 -0.0533
vn 0.8214 0.5574 -0.1213
vn 0.8810 0.4569 -0.1225
vn 0.8038 0.5652 -0.1856
vn 0.8841 0.4618 -0.0718
vn 0.9259 0.3610 -0.1109
vn 0.8920 0.4436 -0.0869
vn 0.8615 0.4975 -0.1010
vn 0.8369 0.5231 -0.1611
vn 0.8879 0.4381 -0.1402
vn 0.9085 0.3679 -0.1980
vn 0.7925 0.5485 -0.2665
vn 0.7928 0.5183 -0.3207
vn 0.8529 0.4815 -0.2016
vn 0.8929 -0.0166 -0.4499
vn 0.8762 0.0061 -0.4819
vn 0.8853 0.0400 -0.4632
vn 0.8678 0.1892 -0.4595
vn 0.8343 0.3328 -0.4395
vn 0.8329 0.4160 -0.3650
vn 0.7717 0.5073 -0.3835
vn 0.7869 0.4228 -0.4494
vn 0.9152 0.0743 -0.3961
vn 0.8885 0.0933 -0.4493
vn 0.8483 0.1161 -0.5166
vn 0.9359 0.1372 -0.3246
vn 0.9075 0.1693 -0.3845
vn 0.8577 -0.5133 0.0294
vn 0.9378 -0.3414 0.0634
vn 0.8600 -0.4131 0.2997
vn 0.9763 -0.1499 0.1563
vn 0.9433 -0.0348 0.3301
vn 0.9549 -0.2912 -0.0576
vn 0.8948 0.3945 0.2091
vn 0.9895 0.0656 0.1286
vn 0.9779 0.2081 -0.0202
vn 0.6357 0.7544 0.1635
vn 0.8916 0.4295 0.1433
vn 0.9759 -0.2160 -0.0305
vn 0.9397 -0.2911 -0.1797
vn 0.9968 -0.0621 0.0504
vn 0.9939 0.0892 0.0656
vn 0.8441 0.5360 0.0147
vn 0.8761 -0.3272 -0.3541
vn 0.8417 0.3873 0.3763
vn 0.9503 0.3095 0.0336
vn 0.9918 0.0448 0.1199
vn 0.9943 -0.0797 -0.0712
vn 0.9546 -0.0906 -0.2838
vn 0.9410 -0.1082 -0.3207
vn 0.9998 0.0097 -0.0149
vn 0.8307 -0.2701 -0.4867
vn 0.8168 -0.1257 -0.5630
vn 0.8120 -0.5271 -0.2507
vn 0.9439 -0.1851 -0.2735
vn 0.9993 0.0170 0.0334
vn 0.9898 -0.1311 -0.0560
vn 0.9782 0.2070 0.0161
vn 0.9879 0.1525 -0.0289
vn 0.9366 0.0432 -0.3478
vn 0.9731 0.2304 0.0067
vn 0.9963 -0.0135 -0.0844
vn 0.9288 0.3026 -0.2138
vn 0.8914 0.3526 -0.2847
vn 0.6745 0.1434 -0.7243
vn 0.8683 0.3298 -0.3706
vn 0.9540 -0.0234 -0.2990
vn 0.7540 0.1177 -0.6462
vn 0.7995 0.0596 -0.5978
vn 0.9855 -0.0547 -0.1605
vn 0.9685 0.0902 -0.2319
vn 0.9432 -0.1560 -0.2935
vn 0.7955 -0.5669 -0.2142
vn 0.8056 0.5917 -0.0280
vn 0.5964 0.8023 -0.0239
vn 0.9381 -0.3464 0.0061
vn 0.6479 0.7297 -0.2186
vn 0.8900 0.3916 -0.2336
vn 0.7872 -0.5795 -0.2109
vn 0.7896 0.4173 -0.4499
vn 0.9447 0.0280 -0.3268
vn 0.9014 -0.3943 -0.1786
vn 0.8002 -0.5965 -0.0626
vn 0.7357 -0.6321 -0.2433
vn 0.9718 -0.2307 0.0494
vn 0.9472 -0.2642 -0.1817
vn 0.6413 0.7660 -0.0454
vn 0.7075 0.7009 0.0904
vn 0.9786 0.1955 0.0639
vn 0.9455 0.3102 -0.0993
vn 0.9578 -0.0833 -0.2751
vn 0.9214 0.3507 -0.1674
vn 0.9971 0.0210 -0.0735
vn 0.9918 -0.0100 -0.1276
vn 0.9955 0.0395 -0.0858
vn 0.9915 0.1280 0.0235
vn 0.9882 0.1208 -0.0945
vn 0.9796 0.1879 -0.0709
vn 0.9913 0.1194 -0.0547
vn 0.9853 -0.0446 -0.1649
vn 0.8133 -0.5137 -0.2734
vn 0.9750 0.2104 -0.0713
vn 0.9576 0.2259 -0.1789
vn 0.7628 0.6060 -0.2257
vn 0.9482 -0.0169 -0.3173
vn 0.9902 0.0426 -0.1330
vn 0.9842 0.1218 -0.1287
vn 0.9660 0.2392 -0.0979
vn 0.9859 -0.0678 -0.1527
vn 0.9851 -0.0369 -0.1680
vn 0.9703 0.2100 -0.1197
vn 0.9448 0.3040 -0.1224
vn 0.9190 0.3710 -0.1332
vn 0.9717 -0.0787 -0.2225
vn 0.9755 -0.0302 -0.2178
vn 0.9782 0.0857 -0.1894
vn 0.9584 0.2284 -0.1715
vn 0.9465 -0.0767 -0.3134
vn 0.9182 -0.0700 -0.3899
vn 0.9610 -0.0688 -0.2679
vn 0.9448 -0.0510 -0.3237
vn 0.9371 0.0647 -0.3429
vn 0.9164 0.2245 -0.3313
vn 0.9612 0.1311 -0.2429
vn 0.9417 0.2176 -0.2565
vn 0.8470 0.4678 -0.2523
vn 0.8712 0.4054 -0.2769
vn 0.9124 0.3119 -0.2652
vn 0.9040 -0.0274 -0.4266
vn 0.8885 -0.0432 -0.4568
vn 0.9136 -0.0238 -0.4059
vn 0.9066 0.1375 -0.3990
vn 0.8785 0.3041 -0.3685
vn 0.9845 0.0437 -0.1701
vn 0.9631 0.0250 -0.2680
vn -0.0478 -0.9547 -0.2938
vn 0.0298 -0.9943 -0.1024
vn 0.0176 -0.9990 0.0415
vn 0.1062 -0.9943 -0.0006
vn 0.0368 -0.9818 0.1861
vn 0.0450 -0.9666 0.2525
vn 0.0633 -0.9460 0.3180
vn 0.0297 -0.9913 0.1280
vn -0.0088 -0.9999 0.0071
vn 0.1726 -0.9841 -0.0428
vn 0.2125 -0.9771 0.0061
vn 0.1062 -0.9887 -0.1058
vn 0.2993 -0.9215 -0.2475
vn -0.2003 -0.9660 -0.1636
vn 0.5643 -0.7460 -0.3537
vn 0.5997 -0.6618 -0.4499
vn 0.5411 -0.5218 -0.6595
vn 0.7381 -0.4685 -0.4855
vn 0.5481 -0.3402 -0.7641
vn -0.2025 -0.2359 -0.9505
vn 0.6564 -0.1055 -0.7470
vn 0.7488 -0.3157 -0.5827
vn 0.1793 0.3429 -0.9221
vn 0.7523 0.1181 -0.6481
vn 0.2384 0.7017 -0.6715
vn 0.5707 0.5289 -0.6281
vn -0.2210 0.0419 -0.9744
vn -0.2398 -0.2966 -0.9244
vn 0.2435 -0.0375 -0.9692
vn 0.0187 -0.4896 -0.8717
vn -0.0385 -0.9657 -0.2568
vn 0.0127 -0.9818 -0.1893
vn 0.0999 -0.9929 -0.0640
vn 0.1306 -0.9894 0.0642
vn 0.1105 -0.9873 0.1139
vn 0.2041 -0.9313 0.3017
vn 0.2798 -0.9350 0.2178
vn 0.2384 -0.9239 0.2992
vn 0.1674 -0.9475 0.2725
vn 0.1575 -0.9693 0.1890
vn 0.4832 -0.8646 0.1378
vn 0.2638 -0.9607 0.0858
vn 0.4002 -0.9113 0.0970
vn 0.4862 -0.8613 -0.1477
vn 0.5740 -0.8133 -0.0957
vn 0.3719 -0.9135 -0.1651
vn 0.5984 -0.7601 -0.2532
vn 0.7027 -0.6305 -0.3296
vn 0.7539 -0.5164 -0.4061
vn 0.7922 -0.3356 -0.5097
vn 0.8176 -0.1089 -0.5654
vn 0.7561 0.3092 -0.5768
vn 0.8371 0.1215 -0.5335
vn 0.8852 0.1613 -0.4363
vn 0.8476 0.2536 -0.4661
vn 0.2871 0.5791 -0.7630
vn 0.5964 -0.4263 -0.6801
vn 0.0735 -0.9727 -0.2200
vn 0.1187 -0.9842 -0.1310
vn 0.1314 -0.9895 0.0603
vn 0.1247 -0.9915 -0.0377
vn 0.2095 -0.9637 0.1656
vn 0.2424 -0.9654 0.0965
vn 0.3549 -0.8985 0.2585
vn 0.4384 -0.8815 0.1754
vn 0.4998 -0.8419 0.2036
vn 0.5275 -0.8283 0.1887
vn 0.7346 -0.6775 0.0374
vn 0.6805 -0.7327 -0.0076
vn 0.8574 -0.4995 -0.1241
vn 0.5330 -0.8457 -0.0277
vn 0.7609 -0.6419 -0.0948
vn 0.8334 -0.5241 -0.1756
vn 0.9144 -0.3607 -0.1839
vn 0.8281 -0.4970 -0.2592
vn 0.7365 -0.6473 -0.1964
vn 0.8976 -0.3668 -0.2445
vn 0.9314 -0.2489 -0.2657
vn 0.8041 -0.5224 -0.2838
vn 0.8521 -0.3983 -0.3395
vn 0.9111 -0.2760 -0.3061
vn 0.9369 -0.1910 -0.2927
vn 0.8607 -0.3252 -0.3916
vn 0.8866 -0.1507 -0.4373
vn 0.9264 -0.1379 -0.3503
vn 0.9248 0.0460 -0.3776
vn 0.9047 0.1826 -0.3850
vn 0.8965 0.2026 -0.3940
vn 0.8799 0.0434 -0.4732
vn 0.7866 0.3129 -0.5324
vn 0.4064 0.2909 -0.8661
vn 0.8635 0.2094 -0.4588
vn 0.6401 -0.1914 -0.7441
vn 0.7767 0.0395 -0.6286
vn 0.8601 0.0357 -0.5089
vn 0.8958 -0.1003 -0.4329
vn 0.8707 -0.2356 -0.4317
vn 0.2629 -0.9334 -0.2444
vn 0.4212 -0.8649 -0.2731
vn 0.4672 -0.8648 -0.1838
vn 0.2594 -0.9504 -0.1718
vn 0.3385 -0.9349 -0.1064
vn 0.2651 -0.9642 0.0076
vn 0.2388 -0.9692 -0.0594
vn 0.4920 -0.8661 0.0880
vn 0.6152 -0.7812 0.1062
vn 0.6966 -0.7170 0.0253
vn 0.6753 -0.7285 0.1153
vn 0.7928 -0.6095 0.0079
vn 0.8887 -0.4471 -0.1014
vn 0.8248 -0.5624 -0.0590
vn 0.9292 -0.3239 -0.1779
vn 0.9296 -0.2888 -0.2291
vn 0.9547 -0.1262 -0.2693
vn 0.9522 -0.0623 -0.2990
vn 0.9474 0.0141 -0.3199
vn 0.9265 0.1434 -0.3479
vn 0.9325 0.1594 -0.3242
vn 0.8991 0.0906 -0.4283
vn 0.9502 0.0120 -0.3115
vn 0.5610 -0.7900 -0.2471
vn 0.6742 -0.7244 -0.1437
vn 0.4701 -0.8814 -0.0456
vn 0.6253 -0.7757 -0.0853
vn 0.6907 -0.7229 -0.0180
vn 0.5349 -0.8449 0.0021
vn 0.7274 -0.6803 -0.0895
vn 0.7880 -0.6098 -0.0854
vn 0.8504 -0.5043 -0.1502
vn 0.8296 -0.5562 -0.0485
vn 0.8529 -0.5139 -0.0921
vn 0.9229 -0.3603 -0.1356
vn 0.9506 -0.2378 -0.1994
vn 0.9234 0.1341 -0.3596
vn 0.9218 0.2112 -0.3251
vn 0.9559 -0.1708 -0.2391
vn 0.9616 -0.0169 -0.2739
vn 0.9240 0.2208 -0.3121
vn 0.9390 0.1009 -0.3287
vn 0.9303 0.0541 -0.3628
vn 0.9456 0.0316 -0.3239
vn 0.9396 -0.0184 -0.3418
vn 0.9531 0.0748 -0.2933
vn 0.9402 0.1428 -0.3092
vn 0.9405 0.1612 -0.2991
vn 0.9434 0.2105 -0.2564
vn 0.9328 0.2206 -0.2850
vn 0.9376 0.1653 -0.3060
vn 0.9430 0.1986 -0.2669
vn 0.9632 0.0449 -0.2649
vn 0.9558 0.1057 -0.2743
vn 0.9558 -0.0334 -0.2921
vn 0.9422 0.1827 -0.2808
vn 0.9508 0.1586 -0.2660
vn 0.9586 0.1057 -0.2643
vn 0.9628 0.1194 -0.2424
vn 0.9669 0.0752 -0.2436
vn 0.9676 0.0115 -0.2523
vn 0.7921 -0.5862 -0.1702
vn 0.9651 -0.2032 -0.1649
vn 0.7723 -0.6260 -0.1080
vn 0.8831 -0.4417 -0.1583
vn 0.9551 -0.2383 -0.1763
vn 0.9805 0.0918 -0.1740
vn 0.9772 0.1023 -0.1862
vn 0.9767 0.0662 -0.2042
vn 0.9223 -0.3413 -0.1811
vn 0.9437 -0.2557 -0.2099
vn 0.9560 -0.1892 -0.2243
vn 0.9608 -0.1202 -0.2497
vn 0.9616 -0.0269 -0.2730
vn 0.9555 0.0519 -0.2904
vn 0.9420 0.1367 -0.3065
vn 0.9501 0.0862 -0.2997
vn 0.9537 0.0973 -0.2847
vn 0.9660 0.0145 -0.2581
vn 0.9624 -0.0865 -0.2574
vn 0.9416 0.1198 -0.3147
vn 0.9281 0.1319 -0.3481
vn 0.9447 0.0215 -0.3273
vn 0.9465 -0.0107 -0.3225
vn 0.9442 -0.0036 -0.3292
vn 0.9532 0.0753 -0.2929
vn 0.9237 0.1885 -0.3335
vn 0.9259 0.1915 -0.3256
vn 0.9307 0.0429 -0.3632
vn 0.9282 0.0048 -0.3720
vn 0.8399 -0.4947 -0.2232
vn 0.8830 -0.4376 -0.1698
vn 0.9263 -0.3044 -0.2222
vn 0.9670 -0.0894 -0.2386
vn 0.9637 0.1725 -0.2036
vn 0.9484 0.2093 -0.2381
vn 0.9674 0.1751 -0.1832
vn 0.9440 0.1717 -0.2817
vn 0.9768 -0.1042 -0.1870
vn 0.9793 0.0419 -0.1978
vn 0.9691 0.1752 -0.1735
vn 0.9734 -0.0501 -0.2234
vn 0.9793 0.0838 -0.1840
vn 0.9891 -0.0367 -0.1423
vn 0.0533 0.9286 -0.3672
vn -0.0172 0.9478 -0.3183
vn 0.2106 0.9307 -0.2990
vn 0.4824 0.8290 -0.2828
vn 0.2453 0.8934 -0.3763
vn 0.3499 0.9150 -0.2010
vn 0.3328 0.9341 -0.1294
vn 0.5329 0.8317 -0.1561
vn 0.0281 0.9903 -0.1359
vn 0.3123 0.9499 -0.0123
vn 0.0847 0.9779 0.1911
vn 0.3033 0.9418 0.1447
vn 0.5230 -0.4832 -0.7021
vn -0.2188 0.7565 -0.6164
vn 0.3076 0.8320 -0.4616
vn 0.2731 0.6961 -0.6640
vn 0.0293 -0.0127 -0.9995
vn 0.0755 0.5824 -0.8094
vn 0.3498 0.3866 -0.8534
vn 0.4722 0.7888 -0.3934
vn 0.6413 0.6910 -0.3336
vn 0.4356 0.7975 -0.4173
vn 0.4451 0.8257 -0.3467
vn 0.6825 0.6930 -0.2320
vn 0.6121 0.7715 -0.1738
vn 0.6067 0.7842 -0.1301
vn 0.4382 0.8940 -0.0932
vn 0.5513 0.8336 -0.0338
vn 0.3902 0.9201 0.0332
vn 0.6507 0.7592 -0.0143
vn 0.7300 0.6806 -0.0624
vn 0.5847 0.8098 0.0490
vn 0.5190 0.8504 0.0864
vn 0.3365 0.9301 0.1472
vn 0.2666 0.9631 0.0369
vn 0.1633 0.9836 -0.0771
vn 0.4329 0.8734 -0.2231
vn 0.3679 -0.3773 -0.8499
vn 0.4836 -0.1619 -0.8602
vn 0.6504 0.3986 -0.6466
vn 0.5674 0.5857 -0.5788
vn 0.4961 0.1454 -0.8560
vn 0.8235 0.4144 -0.3874
vn 0.6886 0.5942 -0.4157
vn 0.8603 0.4641 -0.2109
vn 0.9143 0.3387 -0.2221
vn 0.8014 0.5216 -0.2928
vn 0.8790 0.3869 -0.2788
vn 0.7974 0.5848 -0.1488
vn 0.8517 0.5101 -0.1204
vn 0.7656 0.6266 -0.1456
vn 0.7074 0.6901 -0.1530
vn 0.7877 0.6059 -0.1113
vn 0.8635 0.4840 -0.1417
vn 0.6801 0.7293 -0.0752
vn 0.8108 0.5823 -0.0595
vn 0.7061 0.7081 0.0021
vn 0.8105 0.5855 -0.0180
vn 0.8300 0.5571 -0.0282
vn 0.4663 0.8826 0.0608
vn 0.6849 0.7280 0.0307
vn 0.7095 0.7046 -0.0154
vn 0.7630 0.6409 -0.0848
vn 0.8139 0.5565 -0.1672
vn 0.5562 0.8306 -0.0272
vn 0.5008 0.8611 -0.0881
vn 0.7157 0.6253 -0.3110
vn 0.8396 0.4580 -0.2921
vn 0.6859 0.7025 -0.1896
vn 0.9460 -0.1461 -0.2895
vn 0.8124 -0.1981 -0.5484
vn 0.8672 -0.2317 -0.4407
vn 0.9262 -0.1314 -0.3535
vn 0.6805 -0.0144 -0.7326
vn 0.8239 -0.1121 -0.5555
vn 0.7904 0.3207 -0.5220
vn 0.8827 0.1084 -0.4573
vn 0.5333 0.7579 -0.3757
vn 0.7274 0.5146 -0.4539
vn 0.8725 0.2665 -0.4096
vn 0.7471 0.1796 -0.6400
vn 0.9088 0.3261 -0.2603
vn 0.8630 0.2879 -0.4150
vn 0.8978 0.3107 -0.3121
vn 0.9140 0.3772 -0.1496
vn 0.9008 0.4135 -0.1325
vn 0.9003 0.4294 -0.0708
vn 0.8192 0.5545 -0.1467
vn 0.8901 0.4299 -0.1517
vn 0.8917 0.4380 -0.1141
vn 0.8620 0.4924 -0.1207
vn 0.9191 0.3555 -0.1701
vn 0.8973 0.4281 -0.1074
vn 0.9626 0.2295 -0.1438
vn 0.9150 0.3943 -0.0850
vn 0.9256 0.3666 -0.0945
vn 0.8702 0.4868 -0.0763
vn 0.9090 0.3933 -0.1381
vn 0.9679 -0.0765 -0.2396
vn 0.9359 0.2775 -0.2169
vn 0.9173 0.2259 -0.3278
vn 0.9426 0.2062 -0.2625
vn 0.9578 -0.0649 -0.2801
vn 0.9612 -0.1339 -0.2413
vn 0.8703 -0.0169 -0.4922
vn 0.9350 -0.0434 -0.3520
vn 0.9348 0.0659 -0.3491
vn 0.9576 0.0124 -0.2877
vn 0.9561 -0.1202 -0.2674
vn 0.8961 0.3143 -0.3135
vn 0.8885 0.3456 -0.3021
vn 0.8730 0.2780 -0.4008
vn 0.9215 0.3854 -0.0480
vn 0.9080 0.4039 -0.1116
vn 0.9153 0.3936 -0.0856
vn 0.9277 0.3130 -0.2034
vn 0.9426 0.3256 -0.0743
vn 0.9327 0.3085 -0.1867
vn 0.9411 0.2239 -0.2535
vn 0.9423 0.1683 -0.2893
vn 0.9467 0.2688 -0.1776
vn 0.9532 0.1558 -0.2592
vn 0.9688 -0.0014 -0.2477
vn 0.9446 0.1037 -0.3113
vn 0.9680 0.1476 -0.2029
vn 0.9393 -0.0148 -0.3427
vn 0.9467 -0.0773 -0.3128
vn 0.9576 0.0155 -0.2878
vn 0.9780 0.0965 -0.1847
vn 0.9778 0.0164 -0.2090
vn 0.9683 -0.0563 -0.2435
vn 0.9629 0.2372 -0.1288
vn 0.9773 0.1197 -0.1748
vn 0.9746 0.0259 -0.2226
vn 0.9775 0.0272 -0.2092
vn 0.9668 -0.0692 -0.2462
vn 0.9641 -0.0681 -0.2568
vn 0.9674 -0.0073 -0.2533
vn 0.9667 0.1797 -0.1822
vn 0.9557 -0.1495 -0.2536
vn 0.9703 0.0181 -0.2412
vn 0.9636 -0.1162 -0.2408
vn 0.9598 -0.1548 -0.2342
vn 0.9599 -0.0964 -0.2631
vn 0.9577 -0.1415 -0.2506
vn 0.9491 0.1795 -0.2589
vn 0.9286 0.2187 -0.2998
vn 0.9534 0.2587 -0.1551
vn 0.9781 0.1745 -0.1135
vn 0.9486 0.3113 -0.0562
vn 0.9154 0.3534 -0.1927
vn 0.9890 0.1120 -0.0969
vn 0.9650 0.2377 -0.1107
vn 0.9471 0.2471 -0.2050
vn 0.9594 0.0343 -0.2798
vn 0.9515 0.1808 -0.2488
vn 0.9390 0.0884 -0.3323
vn 0.9316 0.0117 -0.3634
vn 0.9474 0.0278 -0.3189
vn 0.9348 0.0438 -0.3526
vn 0.9278 -0.0046 -0.3730
vn 0.9535 -0.1044 -0.2827
vn 0.9439 -0.0779 -0.3210
vn 0.9545 -0.1093 -0.2775
vn 0.9463 -0.1389 -0.2918
vn 0.9537 -0.1309 -0.2708
vn 0.9532 -0.1554 -0.2595
s 1
usemtl changeMe
f 8//8 10//10 66//66
f 4//4 5//5 7//7
f 358//358 9//9 8//8
f 6//6 15//15 4//4
f 6//6 79//79 57//57
f 79//79 4//4 7//7
f 66//66 2//2 313//313
f 10//10 9//9 3//3
f 308//308 358//358 310//310
f 8//8 310//310 358//358
f 10//10 1//1 66//66
f 4//4 79//79 6//6
f 9//9 10//10 8//8
f 313//313 8//8 66//66
f 11//11 16//16 17//17
f 80//80 12//12 13//13
f 14//14 12//12 17//17
f 14//14 17//17 25//25
f 15//15 17//17 4//4
f 4//4 16//16 5//5
f 17//17 16//16 4//4
f 17//17 12//12 11//11
f 18//18 6//6 19//19
f 20//20 18//18 19//19
f 29//29 23//23 31//31
f 28//28 14//14 25//25
f 26//26 18//18 20//20
f 9//9 358//358 19//19
f 84//84 13//13 21//21
f 23//23 12//12 14//14
f 26//26 28//28 25//25
f 32//32 22//22 28//28
f 23//23 13//13 12//12
f 24//24 22//22 30//30
f 28//28 26//26 27//27
f 20//20 19//19 358//358
f 360//360 359//359 307//307
f 29//29 31//31 33//33
f 31//31 23//23 24//24
f 30//30 22//22 35//35
f 33//33 31//31 37//37
f 43//43 35//35 22//22
f 30//30 31//31 24//24
f 27//27 26//26 372//372
f 43//43 22//22 32//32
f 377//377 28//28 27//27
f 32//32 28//28 377//377
f 37//37 38//38 39//39
f 30//30 38//38 31//31
f 38//38 30//30 34//34
f 48//48 52//52 41//41
f 43//43 36//36 389//389
f 389//389 44//44 43//43
f 41//41 43//43 44//44
f 41//41 40//40 43//43
f 34//34 30//30 35//35
f 89//89 137//137 88//88
f 42//42 46//46 50//50
f 44//44 45//45 46//46
f 43//43 32//32 377//377
f 41//41 44//44 42//42
f 47//47 34//34 40//40
f 39//39 34//34 47//47
f 39//39 47//47 51//51
f 47//47 40//40 52//52
f 103//103 52//52 48//48
f 104//104 48//48 49//49
f 49//49 48//48 50//50
f 53//53 47//47 52//52
f 56//56 59//59 109//109
f 49//49 55//55 104//104
f 59//59 110//110 109//109
f 3//3 61//61 65//65
f 67//67 65//65 59//59
f 57//57 58//58 61//61
f 58//58 60//60 61//61
f 58//58 63//63 60//60
f 82//82 68//68 70//70
f 63//63 76//76 64//64
f 66//66 1//1 420//420
f 1//1 3//3 65//65
f 57//57 61//61 3//3
f 3//3 1//1 10//10
f 83//83 86//86 87//87
f 73//73 72//72 71//71
f 125//125 72//72 73//73
f 71//71 82//82 70//70
f 75//75 71//71 74//74
f 3//3 6//6 57//57
f 5//5 75//75 74//74
f 7//7 5//5 74//74
f 7//7 74//74 78//78
f 78//78 77//77 7//7
f 77//77 78//78 129//129
f 129//129 76//76 77//77
f 73//73 71//71 70//70
f 7//7 77//77 79//79
f 63//63 58//58 79//79
f 79//79 77//77 63//63
f 84//84 81//81 80//80
f 80//80 81//81 68//68
f 85//85 131//131 81//81
f 69//69 81//81 131//131
f 80//80 68//68 82//82
f 75//75 16//16 11//11
f 86//86 83//83 21//21
f 83//83 85//85 21//21
f 21//21 85//85 84//84
f 86//86 89//89 88//88
f 131//131 85//85 83//83
f 33//33 89//89 86//86
f 137//137 90//90 138//138
f 33//33 92//92 89//89
f 90//90 92//92 95//95
f 171//171 88//88 137//137
f 90//90 137//137 89//89
f 95//95 141//141 138//138
f 94//94 95//95 92//92
f 96//96 50//50 46//46
f 51//51 54//54 93//93
f 95//95 94//94 101//101
f 62//62 110//110 60//60
f 53//53 102//102 54//54
f 98//98 54//54 99//99
f 55//55 643//643 104//104
f 102//102 103//103 104//104
f 102//102 104//104 643//643
f 105//105 97//97 106//106
f 55//55 49//49 105//105
f 105//105 106//106 646//646
f 106//106 96//96 492//492
f 182//182 529//529 147//147
f 130//130 166//166 120//120
f 67//67 59//59 424//424
f 62//62 111//111 110//110
f 107//107 110//110 111//111
f 62//62 64//64 111//111
f 119//119 108//108 64//64
f 109//109 110//110 107//107
f 107//107 56//56 109//109
f 112//112 111//111 108//108
f 112//112 144//144 107//107
f 87//87 88//88 171//171
f 410//410 411//411 494//494
f 163//163 126//126 161//161
f 122//122 114//114 157//157
f 115//115 148//148 116//116
f 157//157 114//114 158//158
f 64//64 76//76 117//117
f 119//119 64//64 117//117
f 118//118 153//153 119//119
f 120//120 153//153 118//118
f 69//69 123//123 68//68
f 114//114 122//122 123//123
f 69//69 114//114 123//123
f 73//73 122//122 113//113
f 167//167 114//114 69//69
f 121//121 167//167 69//69
f 72//72 124//124 74//74
f 125//125 126//126 124//124
f 113//113 115//115 116//116
f 74//74 124//124 127//127
f 125//125 113//113 161//161
f 126//126 125//125 161//161
f 128//128 76//76 129//129
f 76//76 128//128 117//117
f 118//118 117//117 128//128
f 130//130 128//128 129//129
f 130//130 74//74 127//127
f 118//118 128//128 120//120
f 130//130 120//120 128//128
f 133//133 121//121 131//131
f 131//131 132//132 133//133
f 83//83 136//136 132//132
f 134//134 136//136 135//135
f 137//137 138//138 171//171
f 91//91 92//92 37//37
f 87//87 170//170 135//135
f 90//90 95//95 138//138
f 37//37 39//39 91//91
f 101//101 142//142 140//140
f 652//652 142//142 101//101
f 101//101 100//100 652//652
f 144//144 112//112 143//143
f 143//143 154//154 177//177
f 146//146 144//144 145//145
f 529//529 107//107 147//147
f 530//530 529//529 182//182
f 187//187 149//149 152//152
f 159//159 150//150 151//151
f 143//143 119//119 154//154
f 191//191 163//163 159//159
f 148//148 157//157 158//158
f 149//149 158//158 152//152
f 150//150 159//159 148//148
f 114//114 167//167 158//158
f 160//160 116//116 159//159
f 163//163 161//161 160//160
f 126//126 163//163 162//162
f 159//159 163//163 160//160
f 192//192 197//197 191//191
f 162//162 164//164 168//168
f 162//162 163//163 197//197
f 156//156 153//153 165//165
f 156//156 155//155 153//153
f 166//166 168//168 164//164
f 166//166 201//201 165//165
f 121//121 183//183 167//167
f 194//194 183//183 121//121
f 121//121 133//133 194//194
f 168//168 126//126 162//162
f 166//166 127//127 168//168
f 133//133 132//132 202//202
f 169//169 136//136 134//134
f 135//135 136//136 83//83
f 147//147 180//180 182//182
f 171//171 170//170 87//87
f 134//134 135//135 170//170
f 172//172 138//138 173//173
f 173//173 174//174 172//172
f 214//214 213//213 180//180
f 174//174 173//173 139//139
f 175//175 209//209 139//139
f 139//139 173//173 138//138
f 140//140 175//175 139//139
f 175//175 140//140 142//142
f 156//156 165//165 228//228
f 146//146 177//177 181//181
f 177//177 178//178 179//179
f 177//177 179//179 220//220
f 221//221 181//181 177//177
f 171//171 172//172 207//207
f 180//180 213//213 182//182
f 214//214 180//180 181//181
f 554//554 182//182 213//213
f 220//220 221//221 177//177
f 150//150 149//149 187//187
f 150//150 187//187 188//188
f 186//186 189//189 187//187
f 151//151 150//150 190//190
f 186//186 187//187 152//152
f 150//150 188//188 190//190
f 191//191 151//151 193//193
f 223//223 179//179 178//178
f 184//184 152//152 158//158
f 183//183 184//184 167//167
f 196//196 183//183 194//194
f 195//195 196//196 194//194
f 164//164 162//162 199//199
f 198//198 199//199 197//197
f 200//200 164//164 199//199
f 200//200 201//201 164//164
f 246//246 181//181 221//221
f 206//206 170//170 242//242
f 133//133 202//202 194//194
f 194//194 202//202 195//195
f 166//166 130//130 127//127
f 237//237 203//203 204//204
f 205//205 204//204 169//169
f 134//134 206//206 169//169
f 169//169 206//206 205//205
f 206//206 134//134 170//170
f 242//242 170//170 207//207
f 242//242 207//207 243//243
f 244//244 207//207 208//208
f 209//209 212//212 210//210
f 261//261 212//212 720//720
f 207//207 174//174 208//208
f 209//209 208//208 174//174
f 210//210 208//208 209//209
f 209//209 175//175 211//211
f 211//211 212//212 209//209
f 190//190 217//217 193//193
f 591//591 214//214 617//617
f 591//591 213//213 214//214
f 248//248 216//216 219//219
f 248//248 266//266 250//250
f 189//189 225//225 216//216
f 218//218 217//217 216//216
f 248//248 218//218 216//216
f 226//226 193//193 217//217
f 179//179 223//223 222//222
f 252//252 221//221 220//220
f 184//184 185//185 215//215
f 186//186 184//184 215//215
f 224//224 185//185 196//196
f 188//188 216//216 190//190
f 215//215 219//219 225//225
f 215//215 225//225 186//186
f 192//192 227//227 230//230
f 281//281 256//256 235//235
f 224//224 195//195 229//229
f 229//229 195//195 203//203
f 192//192 230//230 197//197
f 200//200 199//199 231//231
f 199//199 198//198 232//232
f 228//228 234//234 280//280
f 223//223 228//228 254//254
f 234//234 231//231 233//233
f 256//256 203//203 236//236
f 203//203 237//237 236//236
f 238//238 235//235 236//236
f 236//236 237//237 238//238
f 237//237 205//205 239//239
f 241//241 240//240 242//242
f 205//205 206//206 240//240
f 285//285 241//241 243//243
f 244//244 260//260 259//259
f 260//260 244//244 210//210
f 245//245 288//288 261//261
f 271//271 266//266 247//247
f 263//263 214//214 246//246
f 219//219 215//215 247//247
f 265//265 248//248 250//250
f 273//273 249//249 267//267
f 226//226 217//217 249//249
f 265//265 249//249 248//248
f 266//266 271//271 1008//1008
f 218//218 249//249 217//217
f 223//223 268//268 222//222
f 253//253 276//276 1019//1019
f 247//247 224//224 253//253
f 216//216 188//188 189//189
f 224//224 276//276 253//253
f 276//276 224//224 229//229
f 226//226 273//273 227//227
f 255//255 230//230 279//279
f 221//221 252//252 251//251
f 233//233 255//255 278//278
f 1017//1017 268//268 254//254
f 280//280 254//254 228//228
f 196//196 195//195 224//224
f 276//276 256//256 277//277
f 272//272 279//279 230//230
f 232//232 255//255 231//231
f 280//280 234//234 233//233
f 277//277 256//256 281//281
f 1023//1023 274//274 233//233
f 241//241 242//242 243//243
f 281//281 235//235 282//282
f 283//283 257//257 238//238
f 239//239 240//240 258//258
f 285//285 243//243 259//259
f 258//258 285//285 1029//1029
f 259//259 287//287 1030//1030
f 286//286 1029//1029 285//285
f 285//285 259//259 286//286
f 262//262 287//287 260//260
f 262//262 261//261 288//288
f 1016//1016 263//263 246//246
f 1294//1294 263//263 264//264
f 251//251 1018//1018 1016//1016
f 263//263 1016//1016 1007//1007
f 250//250 266//266 1010//1010
f 267//267 265//265 1012//1012
f 251//251 269//269 1018//1018
f 268//268 270//270 269//269
f 270//270 1018//1018 269//269
f 265//265 267//267 249//249
f 255//255 232//232 230//230
f 275//275 254//254 274//274
f 1022//1022 272//272 1015//1015
f 267//267 1015//1015 273//273
f 254//254 280//280 274//274
f 276//276 277//277 1019//1019
f 233//233 278//278 1023//1023
f 257//257 282//282 238//238
f 1061//1061 1060//1060 286//286
f 1030//1030 286//286 259//259
f 362//362 372//372 359//359
f 288//288 1644//1644 1064//1064
f 485//485 402//402 480//480
f 379//379 381//381 378//378
f 385//385 381//381 289//289
f 385//385 391//391 389//389
f 355//355 353//353 354//354
f 305//305 299//299 301//301
f 458//458 354//354 305//305
f 307//307 358//358 308//308
f 313//313 310//310 8//8
f 309//309 308//308 317//317
f 317//317 315//315 309//309
f 317//317 310//310 313//313
f 326//326 327//327 315//315
f 348//348 361//361 338//338
f 338//338 324//324 336//336
f 327//327 323//323 325//325
f 327//327 325//325 324//324
f 299//299 305//305 354//354
f 324//324 325//325 333//333
f 336//336 335//335 337//337
f 315//315 312//312 326//326
f 336//336 334//334 335//335
f 348//348 338//338 336//336
f 363//363 361//361 348//348
f 337//337 348//348 336//336
f 299//299 354//354 353//353
f 306//306 354//354 458//458
f 339//339 303//303 299//299
f 345//345 303//303 339//339
f 350//350 348//348 349//349
f 348//348 335//335 349//349
f 346//346 344//344 345//345
f 342//342 349//349 331//331
f 348//348 337//337 335//335
f 351//351 363//363 348//348
f 347//347 349//349 346//346
f 303//303 344//344 304//304
f 343//343 346//346 345//345
f 353//353 355//355 356//356
f 378//378 377//377 27//27
f 306//306 357//357 355//355
f 355//355 354//354 306//306
f 357//357 356//356 355//355
f 372//372 307//307 359//359
f 309//309 360//360 307//307
f 309//309 307//307 308//308
f 20//20 358//358 307//307
f 27//27 372//372 378//378
f 373//373 364//364 374//374
f 364//364 363//363 374//374
f 363//363 351//351 374//374
f 351//351 365//365 374//374
f 351//351 348//348 350//350
f 370//370 365//365 351//351
f 370//370 351//351 366//366
f 353//353 356//356 367//367
f 367//367 369//369 368//368
f 370//370 366//366 368//368
f 367//367 356//356 371//371
f 365//365 370//370 369//369
f 372//372 362//362 379//379
f 380//380 364//364 373//373
f 343//343 366//366 350//350
f 368//368 366//366 340//340
f 365//365 375//375 374//374
f 372//372 20//20 307//307
f 381//381 385//385 378//378
f 385//385 36//36 377//377
f 385//385 377//377 378//378
f 381//381 380//380 382//382
f 373//373 382//382 380//380
f 382//382 373//373 386//386
f 386//386 383//383 387//387
f 383//383 375//375 384//384
f 388//388 387//387 384//384
f 376//376 375//375 365//365
f 388//388 384//384 472//472
f 387//387 383//383 384//384
f 380//380 381//381 379//379
f 389//389 36//36 385//385
f 391//391 385//385 289//289
f 289//289 381//381 382//382
f 382//382 386//386 397//397
f 393//393 289//289 382//382
f 399//399 397//397 387//387
f 397//397 386//386 387//387
f 392//392 394//394 396//396
f 397//397 393//393 382//382
f 395//395 397//397 400//400
f 397//397 399//399 400//400
f 399//399 387//387 388//388
f 45//45 44//44 390//390
f 401//401 46//46 45//45
f 390//390 44//44 389//389
f 395//395 393//393 397//397
f 289//289 394//394 391//391
f 484//484 96//96 486//486
f 394//394 289//289 393//393
f 398//398 396//396 395//395
f 398//398 405//405 406//406
f 405//405 398//398 395//395
f 388//388 475//475 399//399
f 527//527 488//488 526//526
f 401//401 45//45 390//390
f 401//401 390//390 402//402
f 480//480 402//402 392//392
f 403//403 392//392 396//396
f 404//404 480//480 403//403
f 480//480 392//392 403//403
f 409//409 437//437 408//408
f 407//407 404//404 403//403
f 490//490 407//407 489//489
f 406//406 403//403 398//398
f 407//407 403//403 406//406
f 408//408 430//430 424//424
f 441//441 442//442 457//457
f 440//440 437//437 409//409
f 427//427 422//422 417//417
f 494//494 412//412 410//410
f 494//494 495//495 413//413
f 412//412 494//494 413//413
f 416//416 449//449 414//414
f 66//66 420//420 2//2
f 422//422 418//418 417//417
f 422//422 423//423 418//418
f 418//418 2//2 417//417
f 423//423 419//419 463//463
f 420//420 424//424 425//425
f 430//430 425//425 424//424
f 427//427 421//421 425//425
f 429//429 423//423 422//422
f 436//436 435//435 437//437
f 428//428 426//426 434//434
f 426//426 431//431 427//427
f 421//421 427//427 417//417
f 431//431 422//422 427//427
f 431//431 428//428 429//429
f 435//435 434//434 433//433
f 435//435 436//436 434//434
f 426//426 430//430 433//433
f 433//433 408//408 437//437
f 433//433 437//437 435//435
f 438//438 437//437 440//440
f 442//442 440//440 412//412
f 442//442 412//412 413//413
f 413//413 456//456 442//442
f 454//454 451//451 455//455
f 456//456 457//457 442//442
f 447//447 444//444 443//443
f 444//444 304//304 443//443
f 448//448 414//414 449//449
f 450//450 446//446 447//447
f 448//448 450//450 451//451
f 452//452 451//451 450//450
f 448//448 415//415 414//414
f 455//455 452//452 439//439
f 439//439 441//441 455//455
f 451//451 452//452 455//455
f 453//453 449//449 416//416
f 415//415 454//454 456//456
f 459//459 453//453 461//461
f 420//420 421//421 417//417
f 446//446 444//444 447//447
f 303//303 304//304 444//444
f 458//458 305//305 301//301
f 459//459 306//306 458//458
f 449//449 453//453 458//458
f 459//459 458//458 453//453
f 459//459 501//501 460//460
f 455//455 457//457 454//454
f 441//441 457//457 455//455
f 501//501 459//459 461//461
f 460//460 462//462 466//466
f 425//425 421//421 420//420
f 468//468 356//356 357//357
f 316//316 317//317 463//463
f 308//308 310//310 317//317
f 317//317 464//464 315//315
f 418//418 423//423 463//463
f 357//357 465//465 460//460
f 349//349 347//347 350//350
f 465//465 306//306 459//459
f 306//306 465//465 357//357
f 357//357 460//460 470//470
f 357//357 470//470 468//468
f 469//469 468//468 470//470
f 504//504 467//467 466//466
f 469//469 371//371 468//468
f 376//376 369//369 371//371
f 369//369 376//376 365//365
f 469//469 470//470 471//471
f 471//471 376//376 469//469
f 473//473 474//474 472//472
f 473//473 472//472 471//471
f 474//474 475//475 388//388
f 467//467 473//473 471//471
f 487//487 485//485 480//480
f 593//593 556//556 618//618
f 478//478 405//405 400//400
f 477//477 400//400 399//399
f 400//400 477//477 478//478
f 483//483 478//478 477//477
f 483//483 477//477 479//479
f 401//401 486//486 46//46
f 486//486 401//401 485//485
f 96//96 46//46 486//486
f 405//405 478//478 481//481
f 482//482 489//489 406//406
f 489//489 407//407 406//406
f 482//482 406//406 481//481
f 481//481 483//483 482//482
f 517//517 482//482 483//483
f 522//522 484//484 486//486
f 484//484 492//492 96//96
f 485//485 488//488 522//522
f 493//493 522//522 488//488
f 487//487 404//404 488//488
f 487//487 480//480 404//404
f 487//487 488//488 485//485
f 526//526 488//488 404//404
f 404//404 407//407 526//526
f 523//523 522//522 493//493
f 490//490 526//526 407//407
f 525//525 493//493 527//527
f 87//87 135//135 83//83
f 409//409 410//410 412//412
f 531//531 530//530 533//533
f 409//409 412//412 440//440
f 507//507 506//506 462//462
f 496//496 414//414 415//415
f 416//416 414//414 496//496
f 498//498 496//496 495//495
f 497//497 461//461 416//416
f 497//497 416//416 496//496
f 498//498 499//499 497//497
f 466//466 470//470 460//460
f 462//462 501//501 502//502
f 501//501 461//461 502//502
f 502//502 461//461 503//503
f 466//466 462//462 504//504
f 504//504 462//462 506//506
f 507//507 462//462 502//502
f 507//507 540//540 506//506
f 508//508 473//473 467//467
f 505//505 508//508 467//467
f 509//509 508//508 505//505
f 512//512 474//474 473//473
f 473//473 508//508 510//510
f 510//510 508//508 509//509
f 513//513 511//511 512//512
f 510//510 545//545 513//513
f 476//476 511//511 514//514
f 511//511 474//474 512//512
f 511//511 515//515 514//514
f 512//512 510//510 513//513
f 476//476 514//514 479//479
f 515//515 547//547 514//514
f 479//479 516//516 483//483
f 519//519 483//483 516//516
f 514//514 547//547 516//516
f 482//482 517//517 518//518
f 483//483 519//519 517//517
f 489//489 518//518 521//521
f 550//550 491//491 521//521
f 832//832 523//523 854//854
f 523//523 832//832 484//484
f 553//553 527//527 526//526
f 528//528 520//520 491//491
f 520//520 553//553 526//526
f 494//494 530//530 531//531
f 534//534 531//531 533//533
f 532//532 558//558 535//535
f 532//532 531//531 534//534
f 494//494 531//531 532//532
f 498//498 494//494 532//532
f 535//535 498//498 532//532
f 536//536 558//558 561//561
f 500//500 536//536 503//503
f 560//560 503//503 536//536
f 503//503 538//538 537//537
f 540//540 507//507 537//537
f 540//540 537//537 538//538
f 539//539 540//540 541//541
f 542//542 509//509 539//539
f 542//542 545//545 509//509
f 543//543 542//542 544//544
f 543//543 572//572 545//545
f 545//545 572//572 546//546
f 543//543 545//545 542//542
f 513//513 545//545 546//546
f 546//546 515//515 513//513
f 533//533 554//554 555//555
f 515//515 546//546 573//573
f 890//890 524//524 525//525
f 574//574 573//573 546//546
f 548//548 519//519 549//549
f 517//517 519//519 552//552
f 552//552 519//519 548//548
f 549//549 577//577 580//580
f 518//518 552//552 589//589
f 589//589 551//551 518//518
f 854//854 524//524 888//888
f 550//550 586//586 528//528
f 533//533 530//530 554//554
f 533//533 555//555 556//556
f 541//541 540//540 538//538
f 559//559 534//534 557//557
f 557//557 558//558 559//559
f 558//558 595//595 561//561
f 503//503 560//560 562//562
f 565//565 566//566 541//541
f 563//563 538//538 598//598
f 574//574 546//546 572//572
f 541//541 538//538 563//563
f 565//565 541//541 563//563
f 544//544 566//566 568//568
f 569//569 544//544 568//568
f 567//567 543//543 544//544
f 571//571 572//572 543//543
f 570//570 572//572 571//571
f 571//571 543//543 567//567
f 575//575 574//574 570//570
f 571//571 567//567 569//569
f 574//574 572//572 570//570
f 213//213 591//591 554//554
f 576//576 547//547 573//573
f 547//547 549//549 516//516
f 605//605 574//574 575//575
f 605//605 578//578 574//574
f 547//547 576//576 577//577
f 578//578 576//576 573//573
f 577//577 576//576 582//582
f 591//591 555//555 554//554
f 579//579 582//582 576//576
f 579//579 576//576 578//578
f 548//548 580//580 581//581
f 582//582 580//580 577//577
f 582//582 581//581 580//580
f 582//582 583//583 581//581
f 584//584 552//552 581//581
f 611//611 584//584 581//581
f 587//587 586//586 588//588
f 551//551 589//589 588//588
f 590//590 588//588 589//589
f 554//554 530//530 182//182
f 592//592 618//618 556//556
f 617//617 592//592 591//591
f 557//557 534//534 593//593
f 620//620 557//557 593//593
f 620//620 618//618 619//619
f 595//595 594//594 621//621
f 557//557 594//594 558//558
f 1296//1296 621//621 1295//1295
f 595//595 558//558 594//594
f 621//621 622//622 595//595
f 595//595 596//596 561//561
f 622//622 597//597 596//596
f 562//562 561//561 596//596
f 562//562 538//538 503//503
f 596//596 595//595 622//622
f 624//624 598//598 623//623
f 599//599 598//598 624//624
f 565//565 563//563 599//599
f 600//600 636//636 637//637
f 600//600 565//565 599//599
f 565//565 600//600 601//601
f 568//568 565//565 601//601
f 569//569 568//568 601//601
f 575//575 571//571 603//603
f 604//604 603//603 602//602
f 603//603 571//571 602//602
f 606//606 604//604 626//626
f 606//606 575//575 603//603
f 607//607 629//629 628//628
f 605//605 607//607 578//578
f 629//629 606//606 626//626
f 579//579 578//578 607//607
f 608//608 579//579 607//607
f 608//608 609//609 579//579
f 607//607 628//628 608//608
f 611//611 612//612 615//615
f 609//609 582//582 579//579
f 631//631 612//612 610//610
f 611//611 610//610 612//612
f 583//583 610//610 611//611
f 584//584 615//615 613//613
f 921//921 588//588 613//613
f 613//613 614//614 921//921
f 584//584 611//611 615//615
f 263//263 617//617 214//214
f 620//620 619//619 634//634
f 633//633 619//619 618//618
f 623//623 622//622 635//635
f 623//623 597//597 622//622
f 601//601 625//625 602//602
f 627//627 626//626 604//604
f 629//629 626//626 1301//1301
f 608//608 628//628 630//630
f 630//630 642//642 631//631
f 638//638 630//630 628//628
f 631//631 610//610 630//630
f 956//956 615//615 616//616
f 956//956 632//632 979//979
f 632//632 956//956 616//616
f 619//619 633//633 1306//1306
f 635//635 622//622 1296//1296
f 624//624 636//636 600//600
f 623//623 635//635 1298//1298
f 1331//1331 1309//1309 637//637
f 1300//1300 1299//1299 1311//1311
f 1299//1299 1300//1300 625//625
f 612//612 631//631 632//632
f 631//631 642//642 632//632
f 641//641 980//980 642//642
f 639//639 641//641 642//642
f 980//980 632//632 642//642
f 641//641 639//639 1317//1317
f 979//979 632//632 980//980
f 98//98 652//652 100//100
f 648//648 652//652 98//98
f 643//643 55//55 645//645
f 102//102 644//644 99//99
f 648//648 99//99 644//644
f 649//649 102//102 643//643
f 646//646 645//645 55//55
f 661//661 662//662 656//656
f 694//694 691//691 692//692
f 646//646 647//647 662//662
f 646//646 492//492 647//647
f 648//648 650//650 654//654
f 649//649 644//644 102//102
f 644//644 649//649 658//658
f 645//645 646//646 660//660
f 662//662 660//660 646//646
f 651//651 659//659 649//649
f 654//654 652//652 648//648
f 142//142 652//652 653//653
f 652//652 654//654 653//653
f 650//650 653//653 654//654
f 653//653 650//650 655//655
f 835//835 838//838 656//656
f 675//675 671//671 674//674
f 655//655 650//650 657//657
f 689//689 655//655 657//657
f 649//649 659//659 658//658
f 645//645 660//660 651//651
f 656//656 662//662 647//647
f 657//657 658//658 663//663
f 651//651 660//660 662//662
f 663//663 667//667 665//665
f 661//661 838//838 664//664
f 782//782 723//723 750//750
f 692//692 657//657 665//665
f 659//659 667//667 663//663
f 688//688 657//657 692//692
f 668//668 659//659 651//651
f 670//670 662//662 661//661
f 669//669 672//672 700//700
f 673//673 664//664 843//843
f 835//835 839//839 838//838
f 696//696 665//665 667//667
f 692//692 693//693 694//694
f 668//668 670//670 671//671
f 670//670 674//674 671//671
f 670//670 673//673 674//674
f 673//673 679//679 675//675
f 674//674 673//673 675//675
f 673//673 843//843 676//676
f 677//677 700//700 672//672
f 671//671 672//672 668//668
f 671//671 702//702 703//703
f 676//676 680//680 679//679
f 176//176 211//211 175//175
f 682//682 683//683 176//176
f 683//683 682//682 684//684
f 687//687 686//686 685//685
f 644//644 658//658 650//650
f 689//689 657//657 688//688
f 690//690 688//688 692//692
f 690//690 726//726 688//688
f 689//689 726//726 723//723
f 666//666 696//696 693//693
f 729//729 691//691 694//694
f 695//695 693//693 697//697
f 697//697 698//698 735//735
f 695//695 730//730 729//729
f 762//762 789//789 787//787
f 756//756 785//785 786//786
f 726//726 690//690 750//750
f 671//671 675//675 678//678
f 736//736 735//735 737//737
f 735//735 698//698 737//737
f 706//706 699//699 700//700
f 702//702 708//708 703//703
f 708//708 702//702 709//709
f 702//702 678//678 704//704
f 704//704 678//678 681//681
f 748//748 780//780 747//747
f 704//704 709//709 702//702
f 737//737 699//699 706//706
f 700//700 701//701 706//706
f 711//711 705//705 849//849
f 714//714 713//713 709//709
f 705//705 711//711 704//704
f 753//753 756//756 784//784
f 713//713 707//707 701//701
f 740//740 737//737 706//706
f 713//713 714//714 707//707
f 718//718 714//714 709//709
f 716//716 718//718 709//709
f 710//710 719//719 716//716
f 715//715 707//707 718//718
f 744//744 715//715 718//718
f 716//716 709//709 710//710
f 747//747 746//746 716//716
f 211//211 683//683 212//212
f 720//720 212//212 683//683
f 683//683 721//721 720//720
f 721//721 685//685 686//686
f 684//684 721//721 683//683
f 686//686 722//722 721//721
f 723//723 724//724 725//725
f 724//724 723//723 782//782
f 686//686 725//725 722//722
f 728//728 691//691 727//727
f 753//753 750//750 728//728
f 764//764 734//734 697//697
f 727//727 691//691 729//729
f 728//728 727//727 752//752
f 732//732 730//730 734//734
f 733//733 734//734 695//695
f 731//731 752//752 727//727
f 733//733 697//697 734//734
f 699//699 737//737 698//698
f 677//677 703//703 701//701
f 734//734 730//730 695//695
f 735//735 764//764 697//697
f 735//735 766//766 764//764
f 737//737 738//738 739//739
f 767//767 736//736 739//739
f 767//767 766//766 736//736
f 712//712 740//740 706//706
f 740//740 712//712 742//742
f 740//740 741//741 738//738
f 712//712 715//715 742//742
f 741//741 742//742 743//743
f 744//744 776//776 715//715
f 715//715 743//743 742//742
f 718//718 746//746 745//745
f 778//778 746//746 747//747
f 778//778 745//745 746//746
f 748//748 881//881 779//779
f 810//810 720//720 721//721
f 721//721 722//722 810//810
f 749//749 724//724 782//782
f 751//751 782//782 750//750
f 750//750 784//784 751//751
f 756//756 728//728 752//752
f 753//753 728//728 756//756
f 750//750 753//753 784//784
f 814//814 751//751 1648//1648
f 756//756 752//752 755//755
f 754//754 755//755 752//752
f 752//752 731//731 754//754
f 754//754 730//730 757//757
f 790//790 762//762 763//763
f 754//754 731//731 730//730
f 757//757 730//730 732//732
f 754//754 758//758 755//755
f 757//757 787//787 758//758
f 761//761 762//762 759//759
f 787//787 757//757 759//759
f 760//760 732//732 734//734
f 761//761 759//759 760//760
f 759//759 732//732 760//760
f 732//732 759//759 757//757
f 764//764 765//765 761//761
f 765//765 764//764 766//766
f 765//765 763//763 761//761
f 769//769 768//768 771//771
f 768//768 769//769 765//765
f 771//771 768//768 767//767
f 777//777 797//797 776//776
f 773//773 774//774 770//770
f 774//774 773//773 739//739
f 772//772 739//739 738//738
f 799//799 774//774 800//800
f 775//775 741//741 743//743
f 774//774 798//798 770//770
f 775//775 800//800 772//772
f 745//745 777//777 744//744
f 808//808 778//778 780//780
f 804//804 777//777 805//805
f 970//970 943//943 944//944
f 353//353 352//352 299//299
f 811//811 1674//1674 245//245
f 812//812 722//722 781//781
f 782//782 751//751 814//814
f 814//814 1646//1646 782//782
f 751//751 784//784 1648//1648
f 784//784 1649//1649 1648//1648
f 785//785 756//756 755//755
f 790//790 791//791 762//762
f 816//816 785//785 788//788
f 1682//1682 815//815 785//785
f 789//789 788//788 787//787
f 792//792 793//793 790//790
f 763//763 792//792 790//790
f 769//769 792//792 763//763
f 792//792 769//769 819//819
f 819//819 793//793 792//792
f 819//819 769//769 794//794
f 771//771 794//794 769//769
f 770//770 798//798 795//795
f 819//819 794//794 796//796
f 796//796 795//795 798//798
f 823//823 798//798 799//799
f 774//774 799//799 798//798
f 804//804 803//803 802//802
f 804//804 797//797 777//777
f 855//855 857//857 834//834
f 778//778 808//808 809//809
f 970//970 999//999 780//780
f 812//812 810//810 722//722
f 810//810 812//812 811//811
f 812//812 1645//1645 1675//1675
f 1646//1646 814//814 1678//1678
f 786//786 1650//1650 783//783
f 785//785 815//815 786//786
f 1682//1682 785//785 816//816
f 788//788 789//789 1651//1651
f 1651//1651 789//789 817//817
f 1683//1683 788//788 1651//1651
f 818//818 1652//1652 817//817
f 817//817 1652//1652 1651//1651
f 818//818 793//793 820//820
f 818//818 820//820 1652//1652
f 820//820 1657//1657 1655//1655
f 796//796 822//822 819//819
f 821//821 822//822 830//830
f 830//830 796//796 823//823
f 1660//1660 830//830 825//825
f 823//823 825//825 830//830
f 823//823 799//799 824//824
f 1663//1663 824//824 801//801
f 1663//1663 825//825 824//824
f 803//803 801//801 800//800
f 808//808 1670//1670 809//809
f 826//826 1663//1663 801//801
f 1666//1666 826//826 827//827
f 1668//1668 807//807 1699//1699
f 809//809 1734//1734 828//828
f 1670//1670 1734//1734 809//809
f 999//999 829//829 1673//1673
f 492//492 484//484 832//832
f 492//492 831//831 647//647
f 831//831 492//492 832//832
f 833//833 832//832 854//854
f 854//854 523//523 524//524
f 833//833 834//834 831//831
f 835//835 656//656 834//834
f 835//835 834//834 836//836
f 837//837 836//836 834//834
f 834//834 833//833 855//855
f 838//838 839//839 840//840
f 835//835 836//836 839//839
f 844//844 843//843 840//840
f 843//843 664//664 840//840
f 842//842 839//839 864//864
f 841//841 837//837 859//859
f 841//841 839//839 836//836
f 849//849 717//717 711//711
f 843//843 844//844 676//676
f 863//863 680//680 844//844
f 852//852 851//851 848//848
f 864//864 861//861 842//842
f 676//676 844//844 680//680
f 681//681 680//680 705//705
f 847//847 846//846 845//845
f 847//847 845//845 877//877
f 849//849 846//846 851//851
f 851//851 846//846 848//848
f 849//849 851//851 852//852
f 848//848 846//846 847//847
f 717//717 849//849 850//850
f 849//849 852//852 850//850
f 853//853 852//852 848//848
f 848//848 883//883 853//853
f 850//850 882//882 881//881
f 883//883 848//848 879//879
f 855//855 833//833 892//892
f 854//854 892//892 833//833
f 525//525 553//553 890//890
f 854//854 888//888 892//892
f 857//857 855//855 856//856
f 857//857 858//858 837//837
f 893//893 858//858 857//857
f 858//858 859//859 837//837
f 862//862 866//866 871//871
f 864//864 859//859 865//865
f 875//875 849//849 705//705
f 866//866 865//865 868//868
f 861//861 864//864 862//862
f 867//867 868//868 865//865
f 863//863 862//862 871//871
f 869//869 873//873 868//868
f 872//872 866//866 868//868
f 680//680 875//875 705//705
f 871//871 846//846 875//875
f 875//875 680//680 871//871
f 862//862 864//864 865//865
f 872//872 877//877 845//845
f 872//872 868//868 873//873
f 870//870 878//878 873//873
f 884//884 876//876 886//886
f 849//849 875//875 846//846
f 877//877 876//876 847//847
f 847//847 876//876 848//848
f 880//880 878//878 908//908
f 682//682 176//176 142//142
f 876//876 879//879 848//848
f 880//880 876//876 878//878
f 876//876 880//880 886//886
f 881//881 717//717 850//850
f 883//883 887//887 853//853
f 884//884 885//885 879//879
f 887//887 883//883 914//914
f 879//879 914//914 883//883
f 585//585 919//919 890//890
f 919//919 889//889 888//888
f 888//888 889//889 892//892
f 585//585 890//890 553//553
f 586//586 550//550 551//551
f 587//587 585//585 586//586
f 920//920 585//585 587//587
f 892//892 925//925 856//856
f 894//894 895//895 893//893
f 892//892 889//889 891//891
f 899//899 858//858 897//897
f 895//895 897//897 893//893
f 895//895 894//894 896//896
f 894//894 893//893 925//925
f 895//895 896//896 897//897
f 896//896 928//928 899//899
f 898//898 867//867 860//860
f 900//900 898//898 899//899
f 928//928 900//900 899//899
f 870//870 869//869 898//898
f 898//898 901//901 870//870
f 898//898 902//902 901//901
f 898//898 900//900 902//902
f 874//874 870//870 904//904
f 903//903 905//905 904//904
f 907//907 904//904 905//905
f 908//908 874//874 906//906
f 880//880 908//908 886//886
f 909//909 908//908 906//906
f 910//910 909//909 907//907
f 909//909 906//906 907//907
f 909//909 912//912 908//908
f 882//882 779//779 881//881
f 886//886 912//912 911//911
f 911//911 884//884 886//886
f 912//912 886//886 908//908
f 941//941 911//911 912//912
f 940//940 941//941 912//912
f 951//951 911//911 941//941
f 882//882 944//944 943//943
f 882//882 887//887 944//944
f 913//913 944//944 887//887
f 914//914 913//913 887//887
f 916//916 955//955 915//915
f 885//885 917//917 916//916
f 955//955 916//916 917//917
f 885//885 916//916 914//914
f 911//911 951//951 918//918
f 919//919 920//920 889//889
f 925//925 857//857 856//856
f 919//919 585//585 920//920
f 587//587 921//921 922//922
f 921//921 614//614 922//922
f 587//587 588//588 921//921
f 956//956 614//614 615//615
f 858//858 893//893 897//897
f 891//891 889//889 923//923
f 924//924 920//920 922//922
f 923//923 920//920 924//924
f 891//891 923//923 924//924
f 959//959 894//894 925//925
f 958//958 959//959 925//925
f 891//891 958//958 925//925
f 896//896 926//926 962//962
f 929//929 927//927 896//896
f 959//959 960//960 926//926
f 979//979 982//982 956//956
f 909//909 910//910 938//938
f 907//907 905//905 937//937
f 931//931 928//928 927//927
f 903//903 930//930 934//934
f 930//930 900//900 931//931
f 903//903 902//902 930//930
f 935//935 934//934 933//933
f 936//936 905//905 934//934
f 905//905 903//903 934//934
f 937//937 905//905 936//936
f 910//910 907//907 937//937
f 938//938 940//940 909//909
f 940//940 938//938 942//942
f 942//942 941//941 940//940
f 966//966 942//942 938//938
f 971//971 970//970 944//944
f 946//946 971//971 944//944
f 947//947 945//945 946//946
f 945//945 971//971 946//946
f 946//946 913//913 915//915
f 915//915 948//948 947//947
f 918//918 949//949 917//917
f 917//917 949//949 955//955
f 949//949 950//950 955//955
f 952//952 975//975 950//950
f 952//952 918//918 951//951
f 952//952 949//949 918//918
f 951//951 941//941 953//953
f 954//954 951//951 953//953
f 614//614 982//982 922//922
f 924//924 957//957 958//958
f 961//961 984//984 987//987
f 924//924 922//922 957//957
f 982//982 984//984 957//957
f 960//960 959//959 958//958
f 962//962 926//926 960//960
f 984//984 960//960 957//957
f 960//960 984//984 961//961
f 986//986 989//989 962//962
f 932//932 931//931 927//927
f 932//932 929//929 989//989
f 933//933 931//931 932//932
f 990//990 933//933 963//963
f 932//932 963//963 933//933
f 935//935 964//964 936//936
f 965//965 937//937 964//964
f 937//937 965//965 939//939
f 998//998 942//942 966//966
f 967//967 998//998 966//966
f 939//939 968//968 966//966
f 972//972 945//945 947//947
f 967//967 966//966 968//968
f 942//942 998//998 977//977
f 986//986 991//991 989//989
f 969//969 1000//1000 999//999
f 972//972 971//971 945//945
f 971//971 972//972 969//969
f 947//947 1001//1001 972//972
f 948//948 955//955 950//950
f 1846//1846 983//983 985//985
f 954//954 976//976 975//975
f 987//987 984//984 985//985
f 983//983 987//987 985//985
f 978//978 950//950 974//974
f 974//974 950//950 975//975
f 957//957 922//922 982//982
f 981//981 979//979 980//980
f 985//985 982//982 979//979
f 985//985 984//984 982//982
f 1846//1846 985//985 981//981
f 988//988 961//961 987//987
f 987//987 983//983 1853//1853
f 963//963 932//932 989//989
f 991//991 963//963 989//989
f 986//986 988//988 1853//1853
f 991//991 986//986 1853//1853
f 963//963 991//991 992//992
f 963//963 992//992 990//990
f 990//990 993//993 935//935
f 994//994 990//990 992//992
f 993//993 990//990 994//994
f 993//993 994//994 964//964
f 994//994 1855//1855 964//964
f 1878//1878 1855//1855 994//994
f 1855//1855 965//965 964//964
f 965//965 1855//1855 995//995
f 1880//1880 967//967 996//996
f 968//968 965//965 995//995
f 996//996 967//967 968//968
f 998//998 1880//1880 997//997
f 998//998 967//967 1880//1880
f 829//829 999//999 1000//1000
f 1000//1000 1882//1882 1857//1857
f 973//973 1001//1001 947//947
f 954//954 953//953 976//976
f 1032//1032 264//264 1007//1007
f 1005//1005 1006//1006 978//978
f 1005//1005 975//975 1858//1858
f 1003//1003 997//997 1004//1004
f 976//976 1003//1003 1002//1002
f 1006//1006 973//973 978//978
f 973//973 1006//1006 1861//1861
f 1863//1863 1006//1006 1005//1005
f 1294//1294 264//264 1304//1304
f 263//263 1007//1007 264//264
f 1008//1008 1034//1034 1013//1013
f 1011//1011 1010//1010 1013//1013
f 1014//1014 1013//1013 1036//1036
f 1009//1009 267//267 1012//1012
f 1012//1012 1011//1011 1014//1014
f 1013//1013 1010//1010 1008//1008
f 1015//1015 267//267 1009//1009
f 1013//1013 1014//1014 1011//1011
f 1013//1013 1034//1034 1035//1035
f 1039//1039 1018//1018 270//270
f 1018//1018 1031//1031 1016//1016
f 1046//1046 270//270 268//268
f 1039//1039 1040//1040 1041//1041
f 1007//1007 1016//1016 1031//1031
f 233//233 274//274 280//280
f 1022//1022 1015//1015 1045//1045
f 275//275 274//274 1047//1047
f 1046//1046 268//268 1017//1017
f 1041//1041 1040//1040 1075//1075
f 1019//1019 277//277 1049//1049
f 1021//1021 1023//1023 1020//1020
f 1023//1023 278//278 1020//1020
f 279//279 272//272 1022//1022
f 1021//1021 1024//1024 1023//1023
f 1023//1023 1024//1024 274//274
f 1052//1052 1051//1051 1050//1050
f 1054//1054 1049//1049 277//277
f 1050//1050 1051//1051 1021//1021
f 1026//1026 282//282 257//257
f 1056//1056 1025//1025 1026//1026
f 1027//1027 1028//1028 1026//1026
f 1027//1027 257//257 284//284
f 1026//1026 257//257 1027//1027
f 1028//1028 1027//1027 1058//1058
f 1030//1030 287//287 1063//1063
f 1060//1060 1029//1029 286//286
f 1061//1061 286//286 1030//1030
f 1061//1061 1030//1030 1062//1062
f 1064//1064 1097//1097 287//287
f 287//287 288//288 1064//1064
f 1007//1007 1031//1031 1032//1032
f 1032//1032 1031//1031 1076//1076
f 1035//1035 1036//1036 1013//1013
f 1067//1067 1068//1068 1036//1036
f 1066//1066 1035//1035 1034//1034
f 1037//1037 1014//1014 1036//1036
f 1038//1038 1014//1014 1037//1037
f 1067//1067 1035//1035 1066//1066
f 1042//1042 1066//1066 1034//1034
f 1036//1036 1035//1035 1067//1067
f 1074//1074 1040//1040 1046//1046
f 1071//1071 1068//1068 1067//1067
f 1017//1017 275//275 1047//1047
f 1020//1020 278//278 279//279
f 1043//1043 1049//1049 1048//1048
f 1072//1072 1079//1079 1038//1038
f 1021//1021 1051//1051 1024//1024
f 1038//1038 1079//1079 1044//1044
f 1049//1049 1054//1054 1048//1048
f 1055//1055 1088//1088 1054//1054
f 1028//1028 1057//1057 1055//1055
f 1059//1059 1028//1028 1058//1058
f 1062//1062 1030//1030 1063//1063
f 1097//1097 1063//1063 287//287
f 1060//1060 1061//1061 1093//1093
f 1061//1061 1062//1062 1093//1093
f 1092//1092 1059//1059 1060//1060
f 1062//1062 1063//1063 1094//1094
f 1098//1098 1063//1063 1097//1097
f 1674//1674 1701//1701 1100//1100
f 1099//1099 1097//1097 1064//1064
f 1032//1032 1076//1076 1033//1033
f 1033//1033 1076//1076 1065//1065
f 1065//1065 1104//1104 1321//1321
f 1072//1072 1038//1038 1037//1037
f 1070//1070 1037//1037 1069//1069
f 1072//1072 1037//1037 1070//1070
f 1069//1069 1068//1068 1071//1071
f 1074//1074 1075//1075 1040//1040
f 1075//1075 1073//1073 1041//1041
f 1073//1073 1031//1031 1041//1041
f 1081//1081 1102//1102 1074//1074
f 1076//1076 1031//1031 1073//1073
f 1076//1076 1137//1137 1065//1065
f 1042//1042 1043//1043 1066//1066
f 1066//1066 1077//1077 1067//1067
f 1043//1043 1077//1077 1066//1066
f 1043//1043 1082//1082 1077//1077
f 1067//1067 1077//1077 1106//1106
f 1072//1072 1070//1070 1078//1078
f 1080//1080 1072//1072 1078//1078
f 1080//1080 1079//1079 1072//1072
f 1118//1118 1120//1120 1052//1052
f 1153//1153 1122//1122 1087//1087
f 1050//1050 1083//1083 1086//1086
f 1082//1082 1048//1048 1114//1114
f 1082//1082 1114//1114 1077//1077
f 1084//1084 1083//1083 1085//1085
f 1086//1086 1083//1083 1084//1084
f 1119//1119 1118//1118 1086//1086
f 1084//1084 1119//1119 1086//1086
f 1053//1053 1024//1024 1087//1087
f 1081//1081 1053//1053 1122//1122
f 1053//1053 1087//1087 1122//1122
f 1051//1051 1120//1120 1087//1087
f 1088//1088 1048//1048 1054//1054
f 1088//1088 1114//1114 1048//1048
f 1088//1088 1089//1089 1114//1114
f 1054//1054 1056//1056 1055//1055
f 1088//1088 1090//1090 1089//1089
f 1090//1090 1088//1088 1057//1057
f 1057//1057 1059//1059 1090//1090
f 1059//1059 1091//1091 1090//1090
f 1092//1092 1060//1060 1093//1093
f 1093//1093 1094//1094 1095//1095
f 1094//1094 1096//1096 1095//1095
f 1095//1095 1165//1165 1127//1127
f 1099//1099 1064//1064 1100//1100
f 1098//1098 1097//1097 1099//1099
f 1065//1065 1137//1137 1104//1104
f 1133//1133 1098//1098 1099//1099
f 1101//1101 1137//1137 1076//1076
f 1154//1154 1112//1112 1102//1102
f 1073//1073 1102//1102 1103//1103
f 1078//1078 1070//1070 1069//1069
f 1071//1071 1067//1067 1105//1105
f 1106//1106 1105//1105 1067//1067
f 1109//1109 1078//1078 1107//1107
f 1108//1108 1109//1109 1107//1107
f 1108//1108 1071//1071 1105//1105
f 1110//1110 1108//1108 1105//1105
f 1140//1140 1108//1108 1110//1110
f 1111//1111 1080//1080 1078//1078
f 1080//1080 1111//1111 1121//1121
f 1085//1085 1080//1080 1121//1121
f 1121//1121 1084//1084 1085//1085
f 1102//1102 1081//1081 1154//1154
f 1112//1112 1135//1135 1102//1102
f 1163//1163 1127//1127 1165//1165
f 1149//1149 1087//1087 1120//1120
f 1114//1114 1113//1113 1077//1077
f 1113//1113 1115//1115 1106//1106
f 1106//1106 1110//1110 1105//1105
f 1120//1120 1147//1147 1149//1149
f 1081//1081 1122//1122 1154//1154
f 1150//1150 1119//1119 1121//1121
f 1118//1118 1119//1119 1147//1147
f 1148//1148 1147//1147 1119//1119
f 1150//1150 1148//1148 1119//1119
f 1089//1089 1124//1124 1114//1114
f 1113//1113 1114//1114 1123//1123
f 1123//1123 1114//1114 1124//1124
f 1125//1125 1090//1090 1126//1126
f 1126//1126 1090//1090 1091//1091
f 1163//1163 1091//1091 1127//1127
f 1093//1093 1062//1062 1094//1094
f 1095//1095 1128//1128 1165//1165
f 1130//1130 1129//1129 1133//1133
f 1130//1130 1132//1132 1128//1128
f 1103//1103 1102//1102 1135//1135
f 1134//1134 1135//1135 1136//1136
f 1137//1137 1138//1138 1381//1381
f 1136//1136 1138//1138 1134//1134
f 1145//1145 1138//1138 1136//1136
f 1177//1177 1180//1180 1408//1408
f 1140//1140 1139//1139 1109//1109
f 1109//1109 1108//1108 1140//1140
f 1139//1139 1111//1111 1109//1109
f 1140//1140 1110//1110 1146//1146
f 1150//1150 1111//1111 1142//1142
f 1143//1143 1144//1144 1135//1135
f 1135//1135 1144//1144 1136//1136
f 1156//1156 1185//1185 1112//1112
f 1136//1136 1144//1144 1145//1145
f 1140//1140 1146//1146 1141//1141
f 1117//1117 1158//1158 1116//1116
f 1152//1152 1141//1141 1146//1146
f 1111//1111 1150//1150 1121//1121
f 1148//1148 1150//1150 1142//1142
f 1159//1159 1149//1149 1151//1151
f 1142//1142 1141//1141 1152//1152
f 1149//1149 1153//1153 1087//1087
f 1157//1157 1156//1156 1155//1155
f 1155//1155 1156//1156 1154//1154
f 1123//1123 1115//1115 1113//1113
f 1117//1117 1115//1115 1158//1158
f 1149//1149 1147//1147 1151//1151
f 1159//1159 1160//1160 1149//1149
f 1159//1159 1151//1151 1191//1191
f 1153//1153 1149//1149 1160//1160
f 1160//1160 1159//1159 1195//1195
f 1124//1124 1125//1125 1161//1161
f 1124//1124 1161//1161 1123//1123
f 1091//1091 1162//1162 1126//1126
f 1198//1198 1126//1126 1162//1162
f 1162//1162 1091//1091 1163//1163
f 1166//1166 1164//1164 1165//1165
f 1226//1226 1162//1162 1164//1164
f 1166//1166 1165//1165 1132//1132
f 1200//1200 1132//1132 1167//1167
f 1132//1132 1131//1131 1167//1167
f 1131//1131 1168//1168 1167//1167
f 1172//1172 1131//1131 1169//1169
f 1171//1171 1169//1169 1170//1170
f 1138//1138 1145//1145 1177//1177
f 1143//1143 1173//1173 1144//1144
f 1173//1173 1143//1143 1174//1174
f 1173//1173 1174//1174 1175//1175
f 1180//1180 1177//1177 1178//1178
f 1173//1173 1178//1178 1145//1145
f 1179//1179 1408//1408 1180//1180
f 1176//1176 1175//1175 1174//1174
f 1175//1175 1204//1204 1178//1178
f 1185//1185 1143//1143 1135//1135
f 1179//1179 1208//1208 1445//1445
f 1158//1158 1181//1181 1116//1116
f 1152//1152 1182//1182 1211//1211
f 1184//1184 1142//1142 1152//1152
f 1148//1148 1142//1142 1183//1183
f 1151//1151 1148//1148 1183//1183
f 1183//1183 1142//1142 1184//1184
f 1157//1157 1186//1186 1156//1156
f 1174//1174 1143//1143 1185//1185
f 1174//1174 1185//1185 1187//1187
f 1123//1123 1188//1188 1115//1115
f 1188//1188 1158//1158 1115//1115
f 1189//1189 1182//1182 1181//1181
f 1183//1183 1191//1191 1151//1151
f 1190//1190 1159//1159 1191//1191
f 1183//1183 1184//1184 1192//1192
f 1194//1194 1190//1190 1191//1191
f 1192//1192 1191//1191 1183//1183
f 1191//1191 1192//1192 1193//1193
f 1194//1194 1191//1191 1193//1193
f 1190//1190 1195//1195 1159//1159
f 1195//1195 1186//1186 1157//1157
f 1187//1187 1185//1185 1186//1186
f 1161//1161 1197//1197 1188//1188
f 1220//1220 1219//1219 1158//1158
f 1197//1197 1161//1161 1198//1198
f 1208//1208 1179//1179 1180//1180
f 1162//1162 1226//1226 1198//1198
f 1164//1164 1199//1199 1226//1226
f 1228//1228 1226//1226 1199//1199
f 1200//1200 1199//1199 1166//1166
f 1201//1201 1200//1200 1167//1167
f 1232//1232 1200//1200 1201//1201
f 1201//1201 1167//1167 1168//1168
f 1236//1236 1168//1168 1172//1172
f 1168//1168 1236//1236 1201//1201
f 1171//1171 1236//1236 1172//1172
f 1444//1444 1445//1445 1452//1452
f 1244//1244 1208//1208 1209//1209
f 1204//1204 1205//1205 1208//1208
f 1202//1202 1175//1175 1176//1176
f 1208//1208 1205//1205 1209//1209
f 1203//1203 1176//1176 1187//1187
f 1207//1207 1209//1209 1205//1205
f 1204//1204 1202//1202 1205//1205
f 1208//1208 1244//1244 1451//1451
f 1210//1210 1244//1244 1209//1209
f 1245//1245 1462//1462 1244//1244
f 1158//1158 1219//1219 1189//1189
f 1263//1263 1227//1227 1228//1228
f 1192//1192 1211//1211 1193//1193
f 1195//1195 1214//1214 1186//1186
f 1195//1195 1196//1196 1215//1215
f 1203//1203 1187//1187 1214//1214
f 1216//1216 1203//1203 1214//1214
f 1216//1216 1214//1214 1215//1215
f 1217//1217 1215//1215 1196//1196
f 1196//1196 1224//1224 1217//1217
f 1216//1216 1206//1206 1203//1203
f 1197//1197 1220//1220 1188//1188
f 1212//1212 1189//1189 1219//1219
f 1221//1221 1219//1219 1220//1220
f 1222//1222 1212//1212 1219//1219
f 1253//1253 1224//1224 1213//1213
f 1222//1222 1253//1253 1212//1212
f 1221//1221 1218//1218 1225//1225
f 1225//1225 1218//1218 1227//1227
f 1198//1198 1226//1226 1227//1227
f 1230//1230 1229//1229 1228//1228
f 1199//1199 1230//1230 1228//1228
f 1199//1199 1164//1164 1166//1166
f 1230//1230 1232//1232 1231//1231
f 1249//1249 1246//1246 1260//1260
f 1200//1200 1230//1230 1199//1199
f 1231//1231 1270//1270 1229//1229
f 1230//1230 1231//1231 1229//1229
f 1200//1200 1232//1232 1230//1230
f 1232//1232 1277//1277 1231//1231
f 1201//1201 1236//1236 1237//1237
f 1201//1201 1237//1237 1232//1232
f 1236//1236 1238//1238 1237//1237
f 1234//1234 1289//1289 1243//1243
f 1288//1288 1289//1289 1234//1234
f 1831//1831 1238//1238 1236//1236
f 1239//1239 1237//1237 1238//1238
f 1241//1241 1239//1239 1242//1242
f 1240//1240 1293//1293 1241//1241
f 1207//1207 1205//1205 1206//1206
f 1243//1243 1233//1233 1836//1836
f 1249//1249 1207//1207 1246//1246
f 1246//1246 1207//1207 1206//1206
f 1249//1249 1261//1261 1262//1262
f 1207//1207 1210//1210 1209//1209
f 1244//1244 1210//1210 1245//1245
f 1245//1245 1210//1210 1251//1251
f 1249//1249 1251//1251 1207//1207
f 1246//1246 1206//1206 1247//1247
f 1215//1215 1247//1247 1216//1216
f 1247//1247 1215//1215 1248//1248
f 1248//1248 1215//1215 1217//1217
f 1247//1247 1248//1248 1246//1246
f 1251//1251 1210//1210 1207//1207
f 1250//1250 1245//1245 1251//1251
f 1501//1501 1245//1245 1551//1551
f 1252//1252 1249//1249 1262//1262
f 1255//1255 1258//1258 1248//1248
f 1249//1249 1252//1252 1251//1251
f 1551//1551 1245//1245 1250//1250
f 1251//1251 1252//1252 1601//1601
f 1260//1260 1246//1246 1258//1258
f 1222//1222 1223//1223 1254//1254
f 1222//1222 1255//1255 1253//1253
f 1257//1257 1254//1254 1256//1256
f 1256//1256 1254//1254 1223//1223
f 1257//1257 1255//1255 1254//1254
f 1260//1260 1257//1257 1259//1259
f 1258//1258 1255//1255 1257//1257
f 1458//1458 1462//1462 1501//1501
f 1263//1263 1267//1267 1223//1223
f 1264//1264 1267//1267 1268//1268
f 1501//1501 1462//1462 1245//1245
f 1262//1262 1601//1601 1252//1252
f 1227//1227 1226//1226 1228//1228
f 1256//1256 1223//1223 1267//1267
f 1259//1259 1257//1257 1256//1256
f 1259//1259 1256//1256 1264//1264
f 1260//1260 1259//1259 1265//1265
f 1261//1261 1260//1260 1266//1266
f 1617//1617 1262//1262 1266//1266
f 1271//1271 1263//1263 1270//1270
f 1267//1267 1263//1263 1271//1271
f 1268//1268 1267//1267 1271//1271
f 1264//1264 1268//1268 1274//1274
f 1269//1269 1265//1265 1275//1275
f 1275//1275 1265//1265 1273//1273
f 1617//1617 1266//1266 1269//1269
f 1263//1263 1229//1229 1270//1270
f 1618//1618 1617//1617 1269//1269
f 1272//1272 1271//1271 1278//1278
f 1268//1268 1273//1273 1274//1274
f 1265//1265 1274//1274 1273//1273
f 1275//1275 1273//1273 1279//1279
f 1626//1626 1281//1281 1291//1291
f 1276//1276 1622//1622 1275//1275
f 1271//1271 1270//1270 1231//1231
f 1278//1278 1231//1231 1277//1277
f 1283//1283 1278//1278 1277//1277
f 1272//1272 1278//1278 1284//1284
f 1279//1279 1273//1273 1285//1285
f 1279//1279 1282//1282 1275//1275
f 1629//1629 1628//1628 1626//1626
f 1622//1622 1269//1269 1275//1275
f 1285//1285 1284//1284 1292//1292
f 1292//1292 1287//1287 1285//1285
f 1288//1288 1290//1290 1289//1289
f 1286//1286 1290//1290 1280//1280
f 1276//1276 1275//1275 1282//1282
f 1286//1286 1241//1241 1293//1293
f 1292//1292 1283//1283 1239//1239
f 1284//1284 1283//1283 1292//1292
f 1239//1239 1241//1241 1292//1292
f 1292//1292 1241//1241 1287//1287
f 1233//1233 1289//1289 1286//1286
f 1289//1289 1290//1290 1286//1286
f 1241//1241 1286//1286 1287//1287
f 633//633 1294//1294 1304//1304
f 1323//1323 634//634 1306//1306
f 634//634 619//619 1306//1306
f 1295//1295 634//634 1323//1323
f 1296//1296 1297//1297 635//635
f 636//636 1298//1298 637//637
f 1299//1299 637//637 1309//1309
f 1316//1316 1303//1303 1315//1315
f 1303//1303 1302//1302 1315//1315
f 1317//1317 1319//1319 641//641
f 1307//1307 1322//1322 1354//1354
f 1323//1323 1324//1324 1326//1326
f 1327//1327 1323//1323 1326//1326
f 1308//1308 1296//1296 1295//1295
f 1340//1340 1371//1371 1302//1302
f 1298//1298 635//635 1297//1297
f 637//637 1298//1298 1331//1331
f 1310//1310 1335//1335 1309//1309
f 1311//1311 1309//1309 1335//1335
f 1337//1337 1312//1312 1335//1335
f 1313//1313 1314//1314 627//627
f 1318//1318 1319//1319 1320//1320
f 1317//1317 1316//1316 1343//1343
f 1319//1319 1317//1317 1320//1320
f 1870//1870 1899//1899 1871//1871
f 1321//1321 1322//1322 1305//1305
f 1323//1323 1306//1306 1307//1307
f 1353//1353 1324//1324 1307//1307
f 1353//1353 1325//1325 1324//1324
f 1353//1353 1307//1307 1354//1354
f 1308//1308 1327//1327 1326//1326
f 1329//1329 1297//1297 1330//1330
f 1333//1333 1332//1332 1329//1329
f 1334//1334 1309//1309 1331//1331
f 1310//1310 1309//1309 1334//1334
f 1334//1334 1331//1331 1332//1332
f 1365//1365 1310//1310 1336//1336
f 1312//1312 1311//1311 1335//1335
f 1335//1335 1310//1310 1365//1365
f 1337//1337 1335//1335 1365//1365
f 1313//1313 1312//1312 1337//1337
f 1302//1302 1301//1301 1314//1314
f 1371//1371 1372//1372 1373//1373
f 1341//1341 1371//1371 1373//1373
f 1345//1345 1342//1342 1373//1373
f 1342//1342 1343//1343 1341//1341
f 1341//1341 1373//1373 1342//1342
f 1317//1317 1343//1343 1344//1344
f 1343//1343 1342//1342 1344//1344
f 1342//1342 1345//1345 1344//1344
f 1866//1866 1320//1320 1347//1347
f 1864//1864 1866//1866 1349//1349
f 1349//1349 1866//1866 1350//1350
f 1350//1350 1866//1866 1348//1348
f 1321//1321 1352//1352 1354//1354
f 1102//1102 1075//1075 1074//1074
f 1328//1328 1324//1324 1325//1325
f 1353//1353 1354//1354 1355//1355
f 1325//1325 1353//1353 1355//1355
f 1356//1356 1328//1328 1325//1325
f 1358//1358 1308//1308 1356//1356
f 1330//1330 1308//1308 1358//1358
f 1359//1359 1330//1330 1358//1358
f 1384//1384 1358//1358 1356//1356
f 1386//1386 1360//1360 1359//1359
f 1361//1361 1333//1333 1360//1360
f 1362//1362 1361//1361 1360//1360
f 1361//1361 1332//1332 1333//1333
f 1334//1334 1361//1361 1363//1363
f 1363//1363 1361//1361 1362//1362
f 1364//1364 1336//1336 1363//1363
f 1336//1336 1334//1334 1363//1363
f 1336//1336 1367//1367 1366//1366
f 1336//1336 1364//1364 1367//1367
f 1369//1369 1368//1368 1366//1366
f 1372//1372 1339//1339 1368//1368
f 1339//1339 1372//1372 1371//1371
f 1372//1372 1370//1370 1374//1374
f 1372//1372 1369//1369 1370//1370
f 1399//1399 1398//1398 1375//1375
f 1377//1377 1402//1402 1380//1380
f 1372//1372 1374//1374 1373//1373
f 1373//1373 1374//1374 1345//1345
f 1375//1375 1346//1346 1345//1345
f 1345//1345 1374//1374 1396//1396
f 1376//1376 1346//1346 1375//1375
f 1375//1375 1398//1398 1376//1376
f 1377//1377 1348//1348 1346//1346
f 1376//1376 1377//1377 1346//1346
f 1407//1407 1378//1378 1406//1406
f 1406//1406 1379//1379 1380//1380
f 1350//1350 1377//1377 1379//1379
f 1377//1377 1380//1380 1379//1379
f 1352//1352 1382//1382 1383//1383
f 1370//1370 1395//1395 1433//1433
f 1409//1409 1382//1382 1408//1408
f 1370//1370 1394//1394 1395//1395
f 1357//1357 1325//1325 1383//1383
f 1410//1410 1357//1357 1383//1383
f 1356//1356 1357//1357 1384//1384
f 1385//1385 1358//1358 1384//1384
f 1386//1386 1358//1358 1385//1385
f 1385//1385 1384//1384 1387//1387
f 1386//1386 1385//1385 1387//1387
f 1389//1389 1362//1362 1388//1388
f 1360//1360 1386//1386 1418//1418
f 1388//1388 1360//1360 1418//1418
f 1424//1424 1390//1390 1364//1364
f 1334//1334 1332//1332 1361//1361
f 1363//1363 1362//1362 1364//1364
f 1364//1364 1389//1389 1424//1424
f 1390//1390 1427//1427 1393//1393
f 1428//1428 1393//1393 1427//1427
f 1367//1367 1390//1390 1391//1391
f 1393//1393 1391//1391 1390//1390
f 1391//1391 1369//1369 1366//1366
f 1392//1392 1369//1369 1391//1391
f 1392//1392 1370//1370 1369//1369
f 1435//1435 1374//1374 1433//1433
f 1374//1374 1435//1435 1396//1396
f 1397//1397 1396//1396 1435//1435
f 1399//1399 1397//1397 1434//1434
f 1435//1435 1434//1434 1397//1397
f 1399//1399 1436//1436 1398//1398
f 1402//1402 1398//1398 1400//1400
f 1375//1375 1396//1396 1399//1399
f 1398//1398 1436//1436 1400//1400
f 1396//1396 1397//1397 1399//1399
f 1377//1377 1398//1398 1402//1402
f 1377//1377 1376//1376 1398//1398
f 1401//1401 1406//1406 1380//1380
f 1956//1956 1403//1403 1440//1440
f 1404//1404 1378//1378 1405//1405
f 1407//1407 1405//1405 1378//1378
f 1405//1405 1407//1407 1438//1438
f 1383//1383 1355//1355 1352//1352
f 1409//1409 1408//1408 1179//1179
f 1179//1179 1445//1445 1409//1409
f 1409//1409 1410//1410 1382//1382
f 1445//1445 1444//1444 1409//1409
f 1409//1409 1411//1411 1410//1410
f 1444//1444 1447//1447 1411//1411
f 1415//1415 1410//1410 1411//1411
f 1415//1415 1412//1412 1410//1410
f 1414//1414 1387//1387 1413//1413
f 1413//1413 1412//1412 1416//1416
f 1448//1448 1417//1417 1415//1415
f 1414//1414 1413//1413 1416//1416
f 1418//1418 1387//1387 1414//1414
f 1423//1423 1418//1418 1419//1419
f 1423//1423 1419//1419 1422//1422
f 1420//1420 1423//1423 1422//1422
f 1423//1423 1420//1420 1421//1421
f 1424//1424 1421//1421 1425//1425
f 1426//1426 1425//1425 1421//1421
f 1426//1426 1421//1421 1507//1507
f 1424//1424 1425//1425 1427//1427
f 1425//1425 1426//1426 1430//1430
f 1429//1429 1394//1394 1428//1428
f 1429//1429 1428//1428 1430//1430
f 1516//1516 1429//1429 1430//1430
f 1394//1394 1392//1392 1428//1428
f 1395//1395 1431//1431 1433//1433
f 1429//1429 1431//1431 1394//1394
f 1517//1517 1431//1431 1516//1516
f 1431//1431 1429//1429 1516//1516
f 1395//1395 1394//1394 1431//1431
f 1432//1432 1435//1435 1433//1433
f 1432//1432 1520//1520 1434//1434
f 1436//1436 1434//1434 1520//1520
f 1435//1435 1432//1432 1434//1434
f 1401//1401 1400//1400 1529//1529
f 1436//1436 1521//1521 1400//1400
f 1400//1400 1521//1521 1529//1529
f 1436//1436 1520//1520 1521//1521
f 1436//1436 1399//1399 1434//1434
f 1437//1437 1442//1442 1443//1443
f 1438//1438 1439//1439 1443//1443
f 1400//1400 1401//1401 1402//1402
f 1438//1438 1407//1407 1406//1406
f 6//6 18//18 25//25 15//15
f 1401//1401 1438//1438 1406//1406
f 1531//1531 1535//1535 1532//1532
f 1208//1208 1451//1451 1445//1445
f 1444//1444 1452//1452 1464//1464
f 1411//1411 1447//1447 1446//1446
f 1464//1464 1465//1465 1447//1447
f 1467//1467 1468//1468 1465//1465
f 1460//1460 1449//1449 1455//1455
f 1457//1457 1455//1455 1453//1453
f 1454//1454 1452//1452 1453//1453
f 1458//1458 1450//1450 1455//1455
f 1454//1454 1456//1456 1469//1469
f 1457//1457 1458//1458 1455//1455
f 1464//1464 1469//1469 1466//1466
f 1457//1457 1453//1453 1451//1451
f 1451//1451 1453//1453 1452//1452
f 1462//1462 1458//1458 1457//1457
f 1461//1461 1460//1460 1463//1463
f 1444//1444 1464//1464 1447//1447
f 1469//1469 1456//1456 1470//1470
f 1474//1474 1446//1446 1447//1447
f 1464//1464 1466//1466 1465//1465
f 1466//1466 1467//1467 1465//1465
f 1467//1467 1466//1466 1470//1470
f 1515//1515 1518//1518 1516//1516
f 1470//1470 1468//1468 1467//1467
f 1446//1446 1473//1473 1479//1479
f 1474//1474 1468//1468 1475//1475
f 1474//1474 1447//1447 1465//1465
f 1504//1504 1589//1589 1567//1567
f 1473//1473 1474//1474 1475//1475
f 1484//1484 1417//1417 1485//1485
f 1485//1485 1479//1479 1480//1480
f 1474//1474 1473//1473 1446//1446
f 1484//1484 1496//1496 1416//1416
f 1480//1480 1483//1483 1481//1481
f 1486//1486 1496//1496 1484//1484
f 1485//1485 1487//1487 1489//1489
f 1487//1487 1481//1481 1488//1488
f 1491//1491 1494//1494 1487//1487
f 1496//1496 1419//1419 1416//1416
f 1495//1495 1422//1422 1419//1419
f 1496//1496 1497//1497 1419//1419
f 1501//1501 1502//1502 1500//1500
f 1497//1497 1496//1496 1498//1498
f 1461//1461 1463//1463 1500//1500
f 1503//1503 1548//1548 1502//1502
f 1504//1504 1580//1580 1589//1589
f 1505//1505 1507//1507 1420//1420
f 1505//1505 1422//1422 1495//1495
f 1508//1508 1505//1505 1495//1495
f 1508//1508 1495//1495 1497//1497
f 1514//1514 1513//1513 1511//1511
f 1511//1511 1512//1512 1514//1514
f 1506//1506 1426//1426 1507//1507
f 1513//1513 1426//1426 1506//1506
f 1515//1515 1513//1513 1514//1514
f 1511//1511 1513//1513 1510//1510
f 1510//1510 1506//1506 1509//1509
f 1516//1516 1430//1430 1515//1515
f 1518//1518 1515//1515 1621//1621
f 1634//1634 1522//1522 1635//1635
f 1518//1518 1517//1517 1516//1516
f 1517//1517 1518//1518 1522//1522
f 1522//1522 1518//1518 1519//1519
f 1432//1432 1522//1522 1520//1520
f 1520//1520 1634//1634 1521//1521
f 1634//1634 1635//1635 1521//1521
f 1528//1528 1521//1521 1635//1635
f 1528//1528 1641//1641 1527//1527
f 1401//1401 1529//1529 1530//1530
f 1528//1528 1529//1529 1521//1521
f 1523//1523 1637//1637 1235//1235
f 1524//1524 1523//1523 1532//1532
f 1437//1437 1524//1524 1532//1532
f 1437//1437 1533//1533 1524//1524
f 1528//1528 1530//1530 1529//1529
f 1524//1524 1525//1525 1638//1638
f 1535//1535 1531//1531 1534//1534
f 1526//1526 1525//1525 1533//1533
f 1438//1438 1530//1530 1439//1439
f 1439//1439 1533//1533 1443//1443
f 1530//1530 1527//1527 1439//1439
f 1534//1534 1531//1531 1235//1235
f 1439//1439 1527//1527 1526//1526
f 1531//1531 1523//1523 1235//1235
f 1441//1441 1532//1532 1403//1403
f 1441//1441 1437//1437 1532//1532
f 1547//1547 1499//1499 1461//1461
f 1549//1549 1553//1553 1555//1555
f 1480//1480 1479//1479 1473//1473
f 1492//1492 1597//1597 1498//1498
f 1546//1546 1494//1494 1491//1491
f 1494//1494 1593//1593 1492//1492
f 1500//1500 1547//1547 1461//1461
f 1549//1549 1552//1552 1548//1548
f 1548//1548 1547//1547 1502//1502
f 1550//1550 1548//1548 1503//1503
f 1601//1601 1602//1602 1603//1603
f 1502//1502 1547//1547 1500//1500
f 1551//1551 1503//1503 1501//1501
f 1562//1562 1499//1499 1547//1547
f 1550//1550 1503//1503 1553//1553
f 1548//1548 1550//1550 1549//1549
f 1550//1550 1553//1553 1549//1549
f 1554//1554 1553//1553 1503//1503
f 1557//1557 1556//1556 1558//1558
f 1554//1554 1551//1551 1250//1250
f 1570//1570 1575//1575 1559//1559
f 1603//1603 1604//1604 1564//1564
f 1567//1567 1589//1589 1568//1568
f 1571//1571 1570//1570 1559//1559
f 1571//1571 1559//1559 1566//1566
f 1559//1559 1604//1604 1566//1566
f 1575//1575 1570//1570 1571//1571
f 1555//1555 1553//1553 1554//1554
f 1571//1571 1576//1576 1575//1575
f 1571//1571 1572//1572 1576//1576
f 1580//1580 1588//1588 1589//1589
f 1581//1581 1580//1580 1504//1504
f 1583//1583 1584//1584 1546//1546
f 1505//1505 1508//1508 1509//1509
f 1592//1592 1581//1581 1590//1590
f 1584//1584 1583//1583 1586//1586
f 1592//1592 1609//1609 1599//1599
f 1592//1592 1587//1587 1581//1581
f 1590//1590 1609//1609 1592//1592
f 1591//1591 1592//1592 1594//1594
f 1612//1612 1509//1509 1595//1595
f 1600//1600 1595//1595 1598//1598
f 1508//1508 1497//1497 1596//1596
f 1596//1596 1497//1497 1498//1498
f 1598//1598 1595//1595 1596//1596
f 1594//1594 1592//1592 1599//1599
f 1598//1598 1596//1596 1597//1597
f 1599//1599 1612//1612 1600//1600
f 1603//1603 1564//1564 1601//1601
f 1602//1602 1601//1601 1262//1262
f 1564//1564 1555//1555 1601//1601
f 1564//1564 1549//1549 1555//1555
f 1604//1604 1559//1559 1564//1564
f 1602//1602 1605//1605 1603//1603
f 1610//1610 1606//1606 1569//1569
f 1608//1608 1609//1609 1590//1590
f 1567//1567 1607//1607 1504//1504
f 1514//1514 1611//1611 1616//1616
f 1606//1606 1608//1608 1607//1607
f 1606//1606 1607//1607 1569//1569
f 1611//1611 1606//1606 1616//1616
f 1612//1612 1512//1512 1509//1509
f 1512//1512 1510//1510 1509//1509
f 1611//1611 1608//1608 1606//1606
f 1512//1512 1612//1612 1611//1611
f 1608//1608 1613//1613 1609//1609
f 1613//1613 1611//1611 1612//1612
f 1595//1595 1600//1600 1612//1612
f 1599//1599 1609//1609 1613//1613
f 1602//1602 1617//1617 1618//1618
f 1605//1605 1602//1602 1614//1614
f 1602//1602 1618//1618 1614//1614
f 1614//1614 1618//1618 1642//1642
f 1605//1605 1615//1615 1619//1619
f 1616//1616 1605//1605 1619//1619
f 1514//1514 1616//1616 1619//1619
f 1514//1514 1619//1619 1620//1620
f 1622//1622 1276//1276 1623//1623
f 1614//1614 1642//1642 1615//1615
f 1642//1642 1624//1624 1615//1615
f 1620//1620 1619//1619 1625//1625
f 1625//1625 1621//1621 1620//1620
f 1628//1628 1623//1623 1276//1276
f 1625//1625 1619//1619 1615//1615
f 1628//1628 1643//1643 1623//1623
f 1624//1624 1643//1643 1632//1632
f 1643//1643 1628//1628 1629//1629
f 1632//1632 1633//1633 1625//1625
f 1621//1621 1625//1625 1519//1519
f 1522//1522 1519//1519 1635//1635
f 1291//1291 1627//1627 1629//1629
f 1626//1626 1291//1291 1629//1629
f 1638//1638 1637//1637 1523//1523
f 1630//1630 1643//1643 1629//1629
f 1291//1291 1637//1637 1627//1627
f 1636//1636 1519//1519 1633//1633
f 1630//1630 1632//1632 1643//1643
f 1630//1630 1633//1633 1632//1632
f 1631//1631 1630//1630 1640//1640
f 1631//1631 1633//1633 1630//1630
f 1631//1631 1636//1636 1633//1633
f 1635//1635 1636//1636 1641//1641
f 1631//1631 1641//1641 1636//1636
f 1627//1627 1637//1637 1638//1638
f 1288//1288 1291//1291 1281//1281
f 1627//1627 1638//1638 1639//1639
f 1530//1530 1528//1528 1527//1527
f 1640//1640 1525//1525 1526//1526
f 1639//1639 1525//1525 1640//1640
f 1630//1630 1639//1639 1640//1640
f 1559//1559 1556//1556 1549//1549
f 1528//1528 1635//1635 1641//1641
f 1641//1641 1631//1631 1640//1640
f 1675//1675 1674//1674 811//811
f 1679//1679 1649//1649 1650//1650
f 1647//1647 1646//1646 1677//1677
f 813//813 1646//1646 1647//1647
f 1647//1647 1676//1676 1645//1645
f 813//813 1647//1647 1645//1645
f 1705//1705 1678//1678 1648//1648
f 1679//1679 1680//1680 1649//1649
f 1649//1649 1705//1705 1648//1648
f 1682//1682 816//816 1683//1683
f 1653//1653 1652//1652 1655//1655
f 1653//1653 1654//1654 1652//1652
f 1683//1683 1651//1651 1685//1685
f 791//791 790//790 793//793
f 1656//1656 1655//1655 1657//1657
f 1687//1687 1654//1654 1653//1653
f 1653//1653 1655//1655 1689//1689
f 1657//1657 821//821 1656//1656
f 1656//1656 1690//1690 1689//1689
f 1662//1662 1660//1660 825//825
f 827//827 807//807 1668//1668
f 1665//1665 1660//1660 1662//1662
f 1663//1663 826//826 1666//1666
f 1666//1666 1664//1664 1663//1663
f 1670//1670 1671//1671 1672//1672
f 827//827 1668//1668 1669//1669
f 813//813 1645//1645 812//812
f 1702//1702 1645//1645 1676//1676
f 1677//1677 1706//1706 1703//1703
f 1705//1705 1706//1706 1678//1678
f 1716//1716 1756//1756 1717//1717
f 1680//1680 1679//1679 1707//1707
f 1679//1679 1650//1650 1681//1681
f 1652//1652 1654//1654 1651//1651
f 1686//1686 1684//1684 1683//1683
f 1682//1682 1683//1683 1684//1684
f 1681//1681 1682//1682 1684//1684
f 1684//1684 1686//1686 1712//1712
f 1686//1686 1685//1685 1714//1714
f 1688//1688 1714//1714 1654//1654
f 1688//1688 1654//1654 1687//1687
f 1719//1719 1688//1688 1687//1687
f 1715//1715 1688//1688 1716//1716
f 1689//1689 1690//1690 1687//1687
f 1719//1719 1687//1687 1690//1690
f 1690//1690 1718//1718 1719//1719
f 1718//1718 1690//1690 1722//1722
f 1658//1658 1656//1656 821//821
f 1722//1722 1690//1690 1691//1691
f 1659//1659 1692//1692 1658//1658
f 1658//1658 1692//1692 1691//1691
f 1692//1692 1723//1723 1691//1691
f 1693//1693 1660//1660 1665//1665
f 1693//1693 1726//1726 1661//1661
f 1694//1694 1662//1662 1664//1664
f 1697//1697 1696//1696 1698//1698
f 1732//1732 1694//1694 1696//1696
f 1695//1695 1698//1698 1696//1696
f 1733//1733 1669//1669 1668//1668
f 1698//1698 1695//1695 1669//1669
f 1762//1762 1734//1734 1737//1737
f 1734//1734 1733//1733 1699//1699
f 1733//1733 1734//1734 1735//1735
f 1699//1699 828//828 1734//1734
f 1672//1672 1671//1671 1736//1736
f 1737//1737 1734//1734 1672//1672
f 1737//1737 1672//1672 1736//1736
f 1740//1740 1857//1857 1916//1916
f 1740//1740 1739//1739 1700//1700
f 1857//1857 1740//1740 1700//1700
f 1914//1914 1740//1740 1916//1916
f 1701//1701 1744//1744 1741//1741
f 1704//1704 1702//1702 1676//1676
f 1703//1703 1647//1647 1677//1677
f 1748//1748 1706//1706 1705//1705
f 1704//1704 1647//1647 1703//1703
f 1746//1746 1706//1706 1769//1769
f 1707//1707 1708//1708 1680//1680
f 1709//1709 1708//1708 1707//1707
f 1751//1751 1709//1709 1710//1710
f 1684//1684 1711//1711 1710//1710
f 1714//1714 1688//1688 1715//1715
f 1715//1715 1712//1712 1714//1714
f 1735//1735 1734//1734 1762//1762
f 1715//1715 1716//1716 1713//1713
f 1715//1715 1713//1713 1754//1754
f 1688//1688 1719//1719 1716//1716
f 1716//1716 1719//1719 1718//1718
f 1718//1718 1720//1720 1716//1716
f 1756//1756 1716//1716 1720//1720
f 1720//1720 1721//1721 1756//1756
f 1691//1691 1723//1723 1722//1722
f 1724//1724 1722//1722 1723//1723
f 1725//1725 1721//1721 1724//1724
f 1720//1720 1718//1718 1724//1724
f 1721//1721 1720//1720 1724//1724
f 1726//1726 1723//1723 1692//1692
f 1724//1724 1723//1723 1726//1726
f 1693//1693 1727//1727 1726//1726
f 1727//1727 1728//1728 1726//1726
f 1728//1728 1724//1724 1726//1726
f 1727//1727 1729//1729 1728//1728
f 1729//1729 1697//1697 1730//1730
f 1731//1731 1730//1730 1697//1697
f 1727//1727 1694//1694 1732//1732
f 1738//1738 1762//1762 1737//1737
f 1763//1763 1738//1738 1739//1739
f 1100//1100 1741//1741 1099//1099
f 1099//1099 1742//1742 1133//1133
f 1742//1742 1099//1099 1741//1741
f 1135//1135 1134//1134 1103//1103
f 1702//1702 1745//1745 1744//1744
f 1702//1702 1744//1744 1701//1701
f 1747//1747 1702//1702 1704//1704
f 1703//1703 1746//1746 1704//1704
f 1680//1680 1748//1748 1705//1705
f 1706//1706 1748//1748 1769//1769
f 1708//1708 1748//1748 1680//1680
f 1773//1773 1753//1753 1775//1775
f 1709//1709 1749//1749 1708//1708
f 1755//1755 1775//1775 1753//1753
f 1750//1750 1748//1748 1749//1749
f 1709//1709 1751//1751 1749//1749
f 1752//1752 1711//1711 1754//1754
f 1752//1752 1754//1754 1753//1753
f 1752//1752 1773//1773 1750//1750
f 1773//1773 1752//1752 1753//1753
f 1753//1753 1713//1713 1717//1717
f 1776//1776 1813//1813 1810//1810
f 1776//1776 1775//1775 1755//1755
f 1717//1717 1756//1756 1755//1755
f 1756//1756 1779//1779 1755//1755
f 1755//1755 1779//1779 1776//1776
f 1757//1757 1756//1756 1721//1721
f 1724//1724 1728//1728 1725//1725
f 1758//1758 1725//1725 1728//1728
f 1758//1758 1757//1757 1725//1725
f 1757//1757 1721//1721 1725//1725
f 1728//1728 1759//1759 1758//1758
f 1757//1757 1780//1780 1779//1779
f 1759//1759 1787//1787 1786//1786
f 1729//1729 1759//1759 1728//1728
f 1732//1732 1729//1729 1727//1727
f 1729//1729 1760//1760 1759//1759
f 1729//1729 1730//1730 1760//1760
f 1731//1731 1760//1760 1730//1730
f 1760//1760 1761//1761 1787//1787
f 1787//1787 1761//1761 1796//1796
f 1762//1762 1798//1798 1797//1797
f 1801//1801 1763//1763 1947//1947
f 1766//1766 1767//1767 1745//1745
f 1742//1742 1743//1743 1764//1764
f 1702//1702 1747//1747 1745//1745
f 1170//1170 1169//1169 1764//1764
f 1743//1743 1741//1741 1744//1744
f 1743//1743 1767//1767 1765//1765
f 1170//1170 1764//1764 1765//1765
f 1767//1767 1802//1802 1765//1765
f 1747//1747 1766//1766 1745//1745
f 1776//1776 1810//1810 1774//1774
f 1804//1804 1767//1767 1770//1770
f 1772//1772 1804//1804 1770//1770
f 1770//1770 1766//1766 1769//1769
f 1750//1750 1768//1768 1748//1748
f 1768//1768 1750//1750 1773//1773
f 1773//1773 1774//1774 1768//1768
f 1771//1771 1770//1770 1769//1769
f 1771//1771 1768//1768 1774//1774
f 1775//1775 1776//1776 1774//1774
f 1778//1778 1828//1828 1827//1827
f 1827//1827 1788//1788 1781//1781
f 1827//1827 1826//1826 1788//1788
f 1799//1799 1793//1793 1794//1794
f 1778//1778 1777//1777 1828//1828
f 1757//1757 1779//1779 1756//1756
f 1781//1781 1790//1790 1778//1778
f 1791//1791 1782//1782 1777//1777
f 1782//1782 1791//1791 1794//1794
f 1799//1799 1794//1794 1792//1792
f 1778//1778 1791//1791 1777//1777
f 1792//1792 1791//1791 1778//1778
f 1783//1783 1777//1777 1782//1782
f 1784//1784 1782//1782 1794//1794
f 1780//1780 1758//1758 1786//1786
f 1788//1788 1826//1826 1786//1786
f 1788//1788 1787//1787 1790//1790
f 1781//1781 1788//1788 1790//1790
f 1790//1790 1796//1796 1789//1789
f 1792//1792 1797//1797 1799//1799
f 1784//1784 1794//1794 1793//1793
f 1784//1784 1793//1793 1795//1795
f 1795//1795 1793//1793 1982//1982
f 1798//1798 1799//1799 1797//1797
f 1792//1792 1789//1789 1797//1797
f 1800//1800 1799//1799 1798//1798
f 1799//1799 1800//1800 1793//1793
f 1947//1947 1982//1982 1801//1801
f 1793//1793 1801//1801 1982//1982
f 1800//1800 1798//1798 1763//1763
f 1763//1763 1801//1801 1800//1800
f 1801//1801 1793//1793 1800//1800
f 1170//1170 1765//1765 1171//1171
f 1765//1765 1802//1802 1171//1171
f 1831//1831 1171//1171 1802//1802
f 1832//1832 1831//1831 1802//1802
f 1804//1804 1805//1805 1802//1802
f 1806//1806 1832//1832 1805//1805
f 1806//1806 1803//1803 1832//1832
f 1996//1996 1809//1809 1808//1808
f 1805//1805 1811//1811 1812//1812
f 1772//1772 1770//1770 1810//1810
f 1770//1770 1771//1771 1810//1810
f 1812//1812 1811//1811 1814//1814
f 1842//1842 1806//1806 1812//1812
f 1812//1812 1814//1814 1842//1842
f 1814//1814 1818//1818 1842//1842
f 1819//1819 1809//1809 1817//1817
f 1817//1817 1844//1844 1818//1818
f 1844//1844 1807//1807 1843//1843
f 1844//1844 1817//1817 1807//1807
f 1817//1817 1809//1809 1807//1807
f 1823//1823 1824//1824 1819//1819
f 1808//1808 1819//1819 1999//1999
f 1805//1805 1772//1772 1811//1811
f 1822//1822 1817//1817 1818//1818
f 1823//1823 1817//1817 1822//1822
f 1819//1819 1817//1817 1823//1823
f 1819//1819 1824//1824 1825//1825
f 1825//1825 1999//1999 1819//1819
f 1820//1820 1776//1776 1779//1779
f 1822//1822 1818//1818 1828//1828
f 1828//1828 1816//1816 1821//1821
f 1816//1816 1814//1814 1815//1815
f 1821//1821 1816//1816 1815//1815
f 1822//1822 1829//1829 1823//1823
f 1818//1818 1816//1816 1828//1828
f 1829//1829 1824//1824 1823//1823
f 1825//1825 1824//1824 1829//1829
f 1825//1825 1829//1829 2002//2002
f 1777//1777 1822//1822 1828//1828
f 1821//1821 1826//1826 1827//1827
f 1828//1828 1821//1821 1827//1827
f 1830//1830 1829//1829 1783//1783
f 1777//1777 1783//1783 1829//1829
f 1830//1830 2002//2002 1829//1829
f 1830//1830 1785//1785 2005//2005
f 1171//1171 1831//1831 1236//1236
f 1831//1831 1833//1833 1238//1238
f 1242//1242 1238//1238 1833//1833
f 1833//1833 1834//1834 1242//1242
f 1835//1835 1233//1233 1293//1293
f 1240//1240 1242//1242 1834//1834
f 1293//1293 1240//1240 1835//1835
f 1534//1534 1838//1838 1837//1837
f 1837//1837 1838//1838 1841//1841
f 1803//1803 1839//1839 1833//1833
f 1834//1834 1833//1833 1839//1839
f 1803//1803 1833//1833 1832//1832
f 1835//1835 1240//1240 1840//1840
f 1240//1240 1834//1834 1840//1840
f 1841//1841 1836//1836 1843//1843
f 1996//1996 1837//1837 1807//1807
f 1842//1842 1839//1839 1806//1806
f 1843//1843 1840//1840 1842//1842
f 1842//1842 1840//1840 1839//1839
f 1807//1807 1841//1841 1843//1843
f 1842//1842 1818//1818 1844//1844
f 981//981 980//980 1845//1845
f 1847//1847 1846//1846 1849//1849
f 1848//1848 1847//1847 1867//1867
f 1850//1850 1847//1847 1848//1848
f 983//983 1846//1846 1847//1847
f 991//991 1853//1853 1851//1851
f 1854//1854 991//991 1871//1871
f 1853//1853 983//983 1850//1850
f 1852//1852 1851//1851 1850//1850
f 1850//1850 1869//1869 1852//1852
f 1854//1854 992//992 991//991
f 1871//1871 1851//1851 1852//1852
f 1871//1871 1899//1899 1872//1872
f 1876//1876 1856//1856 1873//1873
f 1873//1873 992//992 1854//1854
f 1872//1872 1873//1873 1854//1854
f 1879//1879 995//995 1904//1904
f 1871//1871 1852//1852 1870//1870
f 1855//1855 1878//1878 995//995
f 1879//1879 996//996 968//968
f 996//996 1879//1879 1880//1880
f 1700//1700 1673//1673 829//829
f 1001//1001 1861//1861 1883//1883
f 1860//1860 1862//1862 1858//1858
f 1860//1860 1858//1858 1002//1002
f 1002//1002 1859//1859 1860//1860
f 1884//1884 1860//1860 1885//1885
f 1004//1004 1002//1002 1003//1003
f 1864//1864 1849//1849 1866//1866
f 981//981 1849//1849 1846//1846
f 1871//1871 1872//1872 1854//1854
f 1849//1849 1864//1864 1867//1867
f 1867//1867 1864//1864 1865//1865
f 1848//1848 1867//1867 1865//1865
f 1868//1868 1848//1848 1865//1865
f 1865//1865 1891//1891 1868//1868
f 1869//1869 1850//1850 1868//1868
f 1868//1868 1893//1893 1869//1869
f 1896//1896 1852//1852 1869//1869
f 1869//1869 1895//1895 1896//1896
f 1875//1875 1872//1872 1899//1899
f 1875//1875 1874//1874 1872//1872
f 1872//1872 1874//1874 1873//1873
f 1877//1877 1878//1878 1876//1876
f 995//995 1878//1878 1904//1904
f 1878//1878 1877//1877 1904//1904
f 1879//1879 968//968 995//995
f 1881//1881 1880//1880 1910//1910
f 829//829 1857//1857 1700//1700
f 1916//1916 1857//1857 1915//1915
f 1919//1919 1883//1883 1918//1918
f 1882//1882 1915//1915 1857//1857
f 1883//1883 1919//1919 1915//1915
f 1863//1863 1862//1862 1860//1860
f 1863//1863 1860//1860 1884//1884
f 1863//1863 1884//1884 1925//1925
f 1881//1881 1922//1922 1004//1004
f 1922//1922 1923//1923 1859//1859
f 1859//1859 1885//1885 1860//1860
f 1004//1004 1922//1922 1859//1859
f 1887//1887 1927//1927 1928//1928
f 1349//1349 1350//1350 1888//1888
f 1887//1887 1888//1888 1350//1350
f 1887//1887 1891//1891 1888//1888
f 1930//1930 1893//1893 1889//1889
f 1892//1892 1928//1928 1890//1890
f 1930//1930 1889//1889 1890//1890
f 1891//1891 1865//1865 1888//1888
f 1891//1891 1892//1892 1889//1889
f 1892//1892 1891//1891 1887//1887
f 1931//1931 1894//1894 1930//1930
f 1893//1893 1868//1868 1889//1889
f 1893//1893 1930//1930 1894//1894
f 1896//1896 1895//1895 1932//1932
f 1895//1895 1894//1894 1932//1932
f 1897//1897 1896//1896 1932//1932
f 1870//1870 1897//1897 1899//1899
f 1874//1874 1875//1875 1900//1900
f 1874//1874 1900//1900 1901//1901
f 1935//1935 1900//1900 1875//1875
f 1935//1935 1875//1875 1897//1897
f 1902//1902 1876//1876 1901//1901
f 1902//1902 1901//1901 1900//1900
f 1876//1876 1902//1902 1905//1905
f 1903//1903 1905//1905 1902//1902
f 1904//1904 1905//1905 1906//1906
f 1905//1905 1903//1903 1906//1906
f 1909//1909 1906//1906 1907//1907
f 1942//1942 1907//1907 1941//1941
f 1911//1911 1913//1913 1912//1912
f 1881//1881 1910//1910 1913//1913
f 1908//1908 1912//1912 1913//1913
f 1914//1914 1947//1947 1740//1740
f 1763//1763 1739//1739 1947//1947
f 1916//1916 1917//1917 1914//1914
f 1915//1915 1882//1882 1883//1883
f 1921//1921 1925//1925 1920//1920
f 1921//1921 1949//1949 1925//1925
f 1923//1923 1920//1920 1884//1884
f 1884//1884 1885//1885 1923//1923
f 1923//1923 1911//1911 1912//1912
f 1911//1911 1922//1922 1881//1881
f 1918//1918 1949//1949 1919//1919
f 1890//1890 1926//1926 1929//1929
f 1926//1926 1955//1955 1929//1929
f 1927//1927 1956//1956 1928//1928
f 1955//1955 1926//1926 1956//1956
f 1927//1927 1887//1887 1378//1378
f 1931//1931 1929//1929 1957//1957
f 1404//1404 1956//1956 1927//1927
f 1890//1890 1928//1928 1926//1926
f 1932//1932 1894//1894 1933//1933
f 1934//1934 1933//1933 1894//1894
f 1898//1898 1932//1932 1933//1933
f 1935//1935 1897//1897 1898//1898
f 1936//1936 1937//1937 1935//1935
f 1900//1900 1935//1935 1937//1937
f 1937//1937 1936//1936 1965//1965
f 1938//1938 1939//1939 1965//1965
f 1937//1937 1965//1965 1939//1939
f 1902//1902 1939//1939 1940//1940
f 1938//1938 1940//1940 1939//1939
f 1908//1908 1942//1942 1944//1944
f 1976//1976 1983//1983 1940//1940
f 1940//1940 1942//1942 1941//1941
f 1908//1908 1907//1907 1942//1942
f 1942//1942 1983//1983 1944//1944
f 1912//1912 1908//1908 1944//1944
f 1912//1912 1946//1946 1945//1945
f 1946//1946 1912//1912 1944//1944
f 1946//1946 1985//1985 1952//1952
f 1951//1951 1945//1945 1952//1952
f 1767//1767 1743//1743 1745//1745
f 1943//1943 1914//1914 1948//1948
f 1914//1914 1943//1943 1947//1947
f 1925//1925 1949//1949 1918//1918
f 1917//1917 1989//1989 1914//1914
f 1919//1919 1949//1949 1917//1917
f 1953//1953 1989//1989 1917//1917
f 1953//1953 1917//1917 1950//1950
f 1961//1961 1957//1957 1994//1994
f 1921//1921 1950//1950 1949//1949
f 1951//1951 1921//1921 1924//1924
f 1924//1924 1912//1912 1945//1945
f 1924//1924 1945//1945 1951//1951
f 1958//1958 1929//1929 1995//1995
f 1955//1955 1956//1956 1440//1440
f 1955//1955 1440//1440 1954//1954
f 1957//1957 1929//1929 1958//1958
f 1929//1929 1954//1954 1995//1995
f 1955//1955 1954//1954 1929//1929
f 1930//1930 1890//1890 1929//1929
f 1961//1961 1959//1959 1957//1957
f 1934//1934 1960//1960 1933//1933
f 1960//1960 1961//1961 1962//1962
f 1960//1960 1959//1959 1961//1961
f 1966//1966 1969//1969 1965//1965
f 1960//1960 1934//1934 1959//1959
f 1963//1963 1960//1960 1962//1962
f 1998//1998 1963//1963 1962//1962
f 1964//1964 1963//1963 1998//1998
f 1963//1963 1965//1965 1936//1936
f 1967//1967 1969//1969 1966//1966
f 1972//1972 1966//1966 1968//1968
f 2003//2003 1972//1972 1968//1968
f 1967//1967 1974//1974 1969//1969
f 2006//2006 1967//1967 1972//1972
f 1968//1968 1966//1966 1964//1964
f 1938//1938 1965//1965 1969//1969
f 1973//1973 1938//1938 1969//1969
f 1974//1974 1973//1973 1969//1969
f 2007//2007 1970//1970 1785//1785
f 1975//1975 1979//1979 1974//1974
f 1974//1974 1979//1979 1973//1973
f 1976//1976 1938//1938 1973//1973
f 1795//1795 2007//2007 1785//1785
f 1971//1971 2007//2007 2009//2009
f 1975//1975 2006//2006 2010//2010
f 1978//1978 1977//1977 1979//1979
f 1978//1978 1975//1975 1980//1980
f 1992//1992 1994//1994 1995//1995
f 1981//1981 1943//1943 1986//1986
f 1948//1948 1987//1987 1986//1986
f 1991//1991 1534//1534 1837//1837
f 1984//1984 2011//2011 1953//1953
f 1988//1988 1952//1952 1985//1985
f 1984//1984 1988//1988 1980//1980
f 1988//1988 1984//1984 1953//1953
f 1985//1985 1980//1980 1988//1988
f 1914//1914 1989//1989 1948//1948
f 1950//1950 1952//1952 1953//1953
f 1954//1954 1440//1440 1535//1535
f 1991//1991 1992//1992 1954//1954
f 1958//1958 1994//1994 1957//1957
f 1995//1995 1954//1954 1992//1992
f 1535//1535 1991//1991 1954//1954
f 1992//1992 1991//1991 1990//1990
f 1992//1992 1990//1990 1837//1837
f 1837//1837 1996//1996 1992//1992
f 1993//1993 1994//1994 1992//1992
f 1993//1993 1996//1996 1808//1808
f 1993//1993 1997//1997 1994//1994
f 2000//2000 1964//1964 1998//1998
f 1998//1998 1962//1962 1997//1997
f 1962//1962 1961//1961 1997//1997
f 1825//1825 2002//2002 2001//2001
f 1975//1975 1974//1974 1967//1967
f 1999//1999 1825//1825 2001//2001
f 1964//1964 2001//2001 1968//1968
f 2004//2004 1968//1968 2001//2001
f 2004//2004 1970//1970 2003//2003
f 2003//2003 1968//1968 2004//2004
f 2002//2002 2005//2005 2004//2004
f 2004//2004 2005//2005 1970//1970
f 1785//1785 1970//1970 2005//2005
f 1973//1973 1977//1977 1976//1976
f 1836//1836 1233//1233 1835//1835
f 2007//2007 2008//2008 2009//2009
f 29//29 13//13 23//23
f 2009//2009 2011//2011 2010//2010
f 1986//1986 2011//2011 2008//2008
f 1953//1953 2011//2011 1987//1987
f 1837//1837 1990//1990 1991//1991
f 5//5 16//16 75//75
f 19//19 6//6 3//3
f 57//57 79//79 58//58
f 9//9 19//19 3//3
f 13//13 84//84 80//80
f 82//82 11//11 12//12
f 12//12 80//80 82//82
f 273//273 272//272 230//230
f 25//25 17//17 15//15
f 26//26 25//25 18//18
f 110//110 59//59 61//61 60//60
f 21//21 13//13 29//29
f 86//86 21//21 29//29
f 23//23 14//14 24//24
f 14//14 22//22 24//24
f 86//86 29//29 33//33
f 28//28 22//22 14//14
f 372//372 26//26 20//20
f 43//43 377//377 36//36
f 38//38 37//37 31//31
f 43//43 40//40 35//35
f 39//39 38//38 34//34
f 41//41 52//52 40//40
f 46//46 42//42 44//44
f 34//34 35//35 40//40
f 39//39 51//51 93//93
f 42//42 48//48 41//41
f 50//50 48//48 42//42
f 50//50 97//97 49//49
f 53//53 52//52 103//103
f 51//51 47//47 53//53
f 54//54 51//51 53//53
f 103//103 48//48 104//104
f 102//102 53//53 103//103
f 63//63 64//64 62//62
f 424//424 59//59 56//56
f 71//71 75//75 11//11 82//82
f 63//63 62//62 60//60
f 1//1 67//67 420//420
f 70//70 68//68 123//123
f 74//74 71//71 72//72
f 63//63 77//77 76//76
f 81//81 84//84 85//85
f 69//69 68//68 81//81
f 177//177 146//146 145//145 143//143
f 86//86 88//88 87//87
f 56//56 107//107 529//529
f 37//37 92//92 33//33
f 90//90 89//89 92//92
f 94//94 91//91 93//93
f 93//93 91//91 39//39
f 92//92 91//91 94//94
f 98//98 93//93 54//54
f 93//93 98//98 94//94
f 94//94 100//100 101//101
f 97//97 105//105 49//49
f 97//97 50//50 96//96
f 106//106 97//97 96//96
f 100//100 94//94 98//98
f 646//646 106//106 492//492
f 108//108 111//111 64//64
f 111//111 112//112 107//107
f 115//115 122//122 157//157
f 115//115 157//157 148//148
f 160//160 113//113 116//116
f 161//161 113//113 160//160
f 118//118 119//119 117//117
f 153//153 154//154 119//119
f 70//70 123//123 122//122
f 73//73 70//70 122//122
f 115//115 113//113 122//122
f 72//72 125//125 124//124
f 125//125 73//73 113//113
f 127//127 124//124 126//126
f 129//129 78//78 74//74
f 74//74 130//130 129//129
f 131//131 121//121 69//69
f 132//132 131//131 83//83
f 169//169 132//132 136//136
f 140//140 141//141 95//95
f 172//172 171//171 138//138
f 95//95 101//101 140//140
f 139//139 138//138 141//141
f 139//139 141//141 140//140
f 144//144 143//143 145//145
f 177//177 154//154 178//178
f 144//144 146//146 180//180
f 107//107 144//144 147//147
f 147//147 144//144 180//180
f 150//150 148//148 149//149
f 112//112 108//108 143//143
f 119//119 143//143 108//108
f 154//154 153//153 155//155
f 155//155 178//178 154//154
f 156//156 178//178 155//155
f 148//148 158//158 149//149
f 167//167 184//184 158//158
f 159//159 116//116 148//148
f 163//163 191//191 197//197
f 120//120 165//165 153//153
f 165//165 120//120 166//166
f 164//164 201//201 166//166
f 126//126 168//168 127//127
f 169//169 202//202 132//132
f 202//202 169//169 204//204
f 207//207 170//170 171//171
f 172//172 174//174 207//207
f 176//176 175//175 142//142
f 228//228 165//165 201//201 234//234
f 181//181 180//180 146//146
f 186//186 152//152 184//184
f 188//188 187//187 189//189
f 228//228 223//223 178//178
f 178//178 156//156 228//228
f 186//186 225//225 189//189
f 193//193 151//151 190//190
f 191//191 193//193 192//192
f 183//183 185//185 184//184
f 196//196 185//185 183//183
f 199//199 162//162 197//197
f 191//191 159//159 151//151
f 231//231 234//234 201//201 200//200
f 230//230 232//232 198//198 197//197
f 203//203 195//195 202//202
f 204//204 203//203 202//202
f 205//205 237//237 204//204
f 242//242 240//240 206//206
f 243//243 207//207 244//244
f 139//139 209//209 174//174
f 208//208 210//210 244//244
f 210//210 212//212 261//261
f 246//246 221//221 251//251
f 219//219 216//216 225//225
f 220//220 179//179 222//222
f 252//252 220//220 222//222
f 214//214 181//181 246//246
f 215//215 185//185 224//224
f 247//247 215//215 224//224
f 217//217 190//190 216//216
f 192//192 226//226 227//227
f 230//230 227//227 273//273
f 256//256 276//276 229//229
f 248//248 219//219 247//247 266//266
f 231//231 199//199 232//232
f 256//256 229//229 203//203
f 256//256 236//236 235//235
f 238//238 237//237 239//239
f 240//240 239//239 205//205
f 241//241 258//258 240//240
f 259//259 243//243 244//244
f 262//262 260//260 261//261
f 260//260 210//210 261//261
f 251//251 1016//1016 246//246
f 263//263 1294//1294 617//617
f 222//222 269//269 251//251 252//252
f 253//253 271//271 247//247
f 218//218 248//248 249//249
f 273//273 226//226 249//249
f 1011//1011 1012//1012 265//265 250//250
f 269//269 222//222 268//268
f 226//226 192//192 193//193
f 233//233 231//231 255//255
f 268//268 223//223 254//254
f 278//278 255//255 279//279
f 235//235 238//238 282//282
f 283//283 238//238 239//239
f 258//258 283//283 239//239
f 285//285 258//258 241//241
f 283//283 258//258 284//284
f 259//259 260//260 287//287
f 288//288 287//287 262//262
f 811//811 720//720 810//810
f 1010//1010 266//266 1008//1008
f 1010//1010 1011//1011 250//250
f 271//271 253//253 1019//1019
f 1019//1019 1042//1042 271//271
f 1015//1015 272//272 273//273
f 275//275 1017//1017 254//254
f 282//282 1025//1025 281//281
f 277//277 281//281 1025//1025
f 1026//1026 1025//1025 282//282
f 284//284 257//257 283//283
f 284//284 258//258 1029//1029
f 1027//1027 284//284 1029//1029
f 288//288 245//245 1644//1644
f 391//391 390//390 389//389
f 309//309 315//315 327//327 360//360
f 301//301 299//299 303//303
f 299//299 352//352 340//340 339//339
f 317//317 313//313 463//463
f 315//315 464//464 312//312
f 361//361 360//360 324//324
f 324//324 360//360 327//327
f 327//327 326//326 323//323
f 361//361 363//363 364//364
f 361//361 324//324 338//338
f 350//350 347//347 346//346 343//343
f 343//343 339//339 340//340
f 343//343 345//345 339//339
f 345//345 344//344 303//303
f 352//352 353//353 368//368 340//340
f 349//349 335//335 331//331
f 349//349 342//342 346//346
f 333//333 334//334 336//336 324//324
f 359//359 360//360 361//361
f 361//361 362//362 359//359
f 362//362 364//364 380//380 379//379
f 362//362 361//361 364//364
f 340//340 366//366 343//343
f 351//351 350//350 366//366
f 368//368 353//353 367//367
f 369//369 370//370 368//368
f 468//468 371//371 356//356
f 367//367 371//371 369//369
f 376//376 371//371 469//469
f 383//383 373//373 374//374 375//375
f 402//402 390//390 391//391 392//392
f 384//384 375//375 472//472
f 372//372 379//379 378//378
f 373//373 383//383 386//386
f 408//408 424//424 411//411 410//410
f 392//392 391//391 394//394
f 394//394 393//393 395//395
f 396//396 394//394 395//395
f 405//405 395//395 400//400
f 485//485 401//401 402//402
f 424//424 56//56 411//411
f 398//398 403//403 396//396
f 413//413 495//495 496//496 415//415
f 409//409 408//408 410//410
f 418//418 463//463 313//313 2//2
f 456//456 413//413 415//415
f 416//416 461//461 453//453
f 2//2 420//420 417//417
f 430//430 426//426 427//427 425//425
f 1//1 65//65 67//67
f 420//420 67//67 424//424
f 426//426 428//428 431//431
f 439//439 438//438 440//440 441//441
f 422//422 431//431 429//429
f 438//438 436//436 437//437
f 434//434 426//426 433//433
f 433//433 430//430 408//408
f 598//598 538//538 562//562 564//564
f 441//441 440//440 442//442
f 303//303 444//444 446//446
f 303//303 446//446 301//301
f 452//452 447//447 443//443
f 301//301 446//446 445//445
f 445//445 448//448 449//449
f 447//447 452//452 450//450
f 445//445 446//446 448//448
f 448//448 446//446 450//450
f 454//454 415//415 448//448
f 454//454 448//448 451//451
f 457//457 456//456 454//454
f 301//301 445//445 458//458
f 458//458 445//445 449//449
f 501//501 462//462 460//460
f 463//463 419//419 316//316
f 317//317 316//316 464//464
f 465//465 459//459 460//460
f 467//467 470//470 466//466
f 470//470 467//467 471//471
f 376//376 471//471 375//375
f 375//375 471//471 472//472
f 476//476 477//477 475//475
f 511//511 476//476 474//474
f 399//399 475//475 477//477
f 388//388 472//472 474//474
f 474//474 476//476 475//475
f 481//481 478//478 483//483
f 477//477 476//476 479//479
f 481//481 406//406 405//405
f 485//485 522//522 486//486
f 527//527 493//493 488//488
f 490//490 489//489 491//491
f 512//512 473//473 510//510
f 573//573 547//547 515//515
f 411//411 56//56 529//529
f 411//411 529//529 494//494
f 494//494 529//529 530//530
f 497//497 496//496 498//498
f 498//498 495//495 494//494
f 500//500 497//497 499//499
f 500//500 461//461 497//497
f 461//461 500//500 503//503
f 467//467 504//504 505//505
f 506//506 505//505 504//504
f 505//505 506//506 509//509
f 545//545 510//510 509//509
f 511//511 513//513 515//515
f 514//514 516//516 479//479
f 491//491 520//520 490//490
f 526//526 490//490 520//520
f 518//518 489//489 482//482
f 491//491 489//489 521//521
f 484//484 522//522 523//523
f 493//493 525//525 524//524
f 523//523 493//493 524//524
f 553//553 525//525 527//527
f 528//528 553//553 520//520
f 499//499 498//498 535//535
f 500//500 499//499 535//535
f 500//500 535//535 536//536
f 536//536 535//535 558//558
f 537//537 502//502 503//503
f 537//537 507//507 502//502
f 506//506 540//540 539//539
f 566//566 539//539 541//541
f 539//539 509//509 506//506
f 544//544 542//542 539//539
f 618//618 592//592 617//617
f 549//549 547//547 577//577
f 549//549 519//519 516//516
f 517//517 552//552 518//518
f 552//552 548//548 581//581
f 528//528 491//491 550//550
f 521//521 518//518 551//551
f 550//550 521//521 551//551
f 524//524 890//890 888//888
f 553//553 528//528 586//586
f 534//534 533//533 593//593
f 556//556 593//593 533//533
f 532//532 534//534 559//559
f 558//558 532//532 559//559
f 560//560 536//536 561//561
f 562//562 560//560 561//561
f 564//564 562//562 596//596 597//597
f 568//568 566//566 565//565
f 566//566 544//544 539//539
f 569//569 567//567 544//544
f 575//575 570//570 571//571
f 578//578 573//573 574//574
f 620//620 593//593 618//618
f 580//580 548//548 549//549
f 589//589 552//552 590//590
f 552//552 584//584 590//590
f 588//588 586//586 551//551
f 585//585 553//553 586//586
f 584//584 588//588 590//590
f 591//591 592//592 555//555
f 592//592 556//556 555//555
f 621//621 594//594 620//620
f 620//620 594//594 557//557
f 600//600 1299//1299 625//625 601//601
f 563//563 598//598 599//599
f 598//598 564//564 597//597
f 598//598 597//597 623//623
f 600//600 599//599 624//624
f 610//610 609//609 608//608 630//630
f 602//602 569//569 601//601
f 571//571 569//569 602//602
f 629//629 607//607 605//605
f 606//606 603//603 604//604
f 606//606 605//605 575//575
f 606//606 629//629 605//605
f 582//582 609//609 583//583
f 610//610 583//583 609//609
f 1303//1303 629//629 1301//1301 1302//1302
f 583//583 611//611 581//581
f 632//632 616//616 612//612
f 613//613 588//588 584//584
f 614//614 613//613 615//615
f 615//615 612//612 616//616
f 633//633 618//618 617//617
f 620//620 1295//1295 621//621
f 621//621 1296//1296 622//622
f 1299//1299 600//600 637//637
f 636//636 624//624 623//623
f 625//625 1300//1300 604//604
f 604//604 602//602 625//625
f 627//627 604//604 1300//1300
f 630//630 639//639 642//642
f 1295//1295 620//620 634//634
f 623//623 1298//1298 636//636
f 1301//1301 626//626 627//627
f 638//638 628//628 629//629
f 629//629 1303//1303 638//638
f 640//640 638//638 1303//1303
f 764//764 761//761 760//760 734//734
f 639//639 630//630 640//640
f 640//640 630//630 638//638
f 99//99 648//648 98//98
f 99//99 54//54 102//102
f 646//646 55//55 105//105
f 656//656 838//838 661//661
f 645//645 649//649 643//643
f 650//650 648//648 644//644
f 649//649 645//645 651//651
f 142//142 653//653 682//682
f 657//657 650//650 658//658
f 663//663 658//658 659//659
f 838//838 840//840 664//664
f 692//692 665//665 666//666
f 657//657 663//663 665//665
f 667//667 659//659 668//668
f 670//670 651//651 662//662
f 651//651 670//670 668//668
f 670//670 661//661 664//664
f 670//670 664//664 673//673
f 666//666 665//665 696//696
f 696//696 667//667 669//669
f 703//703 672//672 671//671
f 676//676 679//679 673//673
f 699//699 669//669 700//700
f 677//677 672//672 703//703
f 675//675 679//679 681//681
f 675//675 681//681 678//678
f 681//681 679//679 680//680
f 176//176 683//683 211//211
f 682//682 685//685 684//684
f 653//653 655//655 682//682
f 685//685 682//682 655//655
f 687//687 725//725 686//686
f 687//687 655//655 689//689
f 655//655 687//687 685//685
f 723//723 687//687 689//689
f 687//687 723//723 725//725
f 726//726 689//689 688//688
f 690//690 728//728 750//750
f 690//690 692//692 691//691
f 668//668 669//669 667//667
f 693//693 692//692 666//666
f 696//696 698//698 693//693
f 729//729 694//694 695//695
f 698//698 696//696 669//669
f 669//669 668//668 672//672
f 695//695 694//694 693//693
f 733//733 695//695 697//697
f 698//698 669//669 699//699
f 697//697 693//693 698//698
f 678//678 702//702 671//671
f 712//712 706//706 701//701
f 713//713 701//701 703//703
f 700//700 677//677 701//701
f 681//681 705//705 704//704
f 709//709 713//713 708//708
f 703//703 708//708 713//713
f 704//704 711//711 710//710
f 710//710 709//709 704//704
f 750//750 723//723 726//726
f 718//718 707//707 714//714
f 712//712 701//701 707//707
f 712//712 707//707 715//715
f 717//717 710//710 711//711
f 710//710 717//717 719//719
f 746//746 718//718 716//716
f 747//747 716//716 719//719
f 881//881 719//719 717//717
f 748//748 719//719 881//881
f 721//721 684//684 685//685
f 728//728 690//690 691//691
f 731//731 727//727 729//729
f 730//730 731//731 729//729
f 780//780 778//778 747//747
f 766//766 735//735 736//736
f 738//738 737//737 740//740
f 739//739 736//736 737//737
f 741//741 740//740 742//742
f 772//772 738//738 741//741
f 776//776 743//743 715//715
f 745//745 744//744 718//718
f 809//809 806//806 778//778
f 748//748 747//747 719//719
f 745//745 778//778 806//806
f 780//780 748//748 779//779
f 720//720 811//811 245//245
f 245//245 261//261 720//720
f 1646//1646 749//749 782//782
f 781//781 722//722 725//725
f 724//724 749//749 725//725
f 749//749 781//781 725//725
f 783//783 784//784 756//756
f 758//758 754//754 757//757
f 762//762 761//761 763//763
f 780//780 999//999 1671//1671 808//808
f 787//787 759//759 762//762
f 768//768 765//765 766//766
f 768//768 766//766 767//767
f 765//765 769//769 763//763
f 773//773 771//771 767//767
f 770//770 794//794 771//771
f 773//773 770//770 771//771
f 773//773 767//767 739//739
f 774//774 739//739 772//772
f 741//741 775//775 772//772
f 743//743 797//797 775//775
f 776//776 797//797 743//743
f 800//800 774//774 772//772
f 806//806 777//777 745//745
f 785//785 755//755 758//758 787//787
f 780//780 779//779 943//943
f 777//777 806//806 805//805
f 1644//1644 245//245 1674//1674
f 749//749 1646//1646 813//813
f 813//813 781//781 749//749
f 786//786 783//783 756//756
f 1650//1650 1649//1649 783//783
f 784//784 783//783 1649//1649
f 800//800 801//801 824//824 799//799
f 791//791 789//789 762//762
f 817//817 789//789 791//791
f 787//787 788//788 785//785
f 793//793 819//819 820//820
f 770//770 795//795 794//794
f 796//796 794//794 795//795
f 1699//1699 807//807 805//805 828//828
f 775//775 802//802 800//800
f 803//803 800//800 802//802
f 804//804 802//802 797//797
f 777//777 776//776 744//744
f 805//805 807//807 804//804
f 943//943 970//970 780//780
f 813//813 812//812 781//781
f 1683//1683 816//816 788//788
f 818//818 791//791 793//793
f 791//791 818//818 817//817
f 820//820 1655//1655 1652//1652
f 1657//1657 820//820 819//819
f 1657//1657 822//822 821//821
f 819//819 822//822 1657//1657
f 802//802 775//775 797//797
f 823//823 796//796 798//798
f 830//830 822//822 796//796
f 823//823 824//824 825//825
f 826//826 801//801 803//803
f 804//804 827//827 803//803
f 827//827 826//826 803//803
f 804//804 807//807 827//827
f 1672//1672 1734//1734 1670//1670
f 828//828 805//805 806//806 809//809
f 859//859 858//858 899//899 860//860
f 1671//1671 1670//1670 808//808
f 1671//1671 999//999 1673//1673
f 833//833 831//831 832//832
f 656//656 647//647 834//834
f 831//831 834//834 647//647
f 837//837 841//841 836//836
f 840//840 839//839 842//842
f 859//859 864//864 839//839
f 839//839 841//841 859//859
f 842//842 844//844 840//840
f 863//863 844//844 842//842
f 861//861 863//863 842//842
f 925//925 893//893 857//857
f 837//837 834//834 857//857
f 855//855 892//892 856//856
f 865//865 859//859 867//867
f 852//852 853//853 882//882 850//850
f 860//860 867//867 859//859
f 863//863 861//861 862//862
f 866//866 862//862 865//865
f 867//867 869//869 868//868
f 873//873 869//869 870//870
f 845//845 871//871 866//866
f 871//871 680//680 863//863
f 845//845 846//846 871//871
f 877//877 872//872 878//878
f 845//845 866//866 872//872
f 873//873 878//878 872//872
f 878//878 870//870 874//874
f 876//876 877//877 878//878
f 908//908 878//878 874//874
f 884//884 879//879 876//876
f 1003//1003 976//976 977//977 998//998
f 888//888 890//890 919//919
f 891//891 925//925 892//892
f 899//899 897//897 896//896
f 898//898 869//869 867//867
f 899//899 898//898 860//860
f 903//903 901//901 902//902
f 904//904 870//870 901//901
f 901//901 903//903 904//904
f 906//906 874//874 904//904
f 907//907 906//906 904//904
f 912//912 909//909 940//940
f 853//853 887//887 882//882
f 915//915 913//913 914//914
f 916//916 915//915 914//914
f 885//885 914//914 879//879
f 885//885 918//918 917//917
f 885//885 884//884 911//911
f 911//911 918//918 885//885
f 922//922 920//920 587//587
f 920//920 923//923 889//889
f 924//924 958//958 891//891
f 894//894 959//959 926//926
f 950//950 978//978 948//948
f 896//896 894//894 926//926
f 929//929 896//896 962//962
f 928//928 896//896 927//927
f 900//900 928//928 931//931
f 933//933 930//930 931//931
f 930//930 902//902 900//900
f 933//933 934//934 930//930
f 935//935 936//936 934//934
f 939//939 910//910 937//937
f 939//939 938//938 910//910
f 966//966 938//938 939//939
f 977//977 941//941 942//942
f 943//943 779//779 882//882
f 946//946 944//944 913//913
f 915//915 947//947 946//946
f 948//948 915//915 955//955
f 954//954 952//952 951//951
f 952//952 950//950 949//949
f 953//953 941//941 977//977
f 982//982 614//614 956//956
f 617//617 1294//1294 633//633
f 960//960 958//958 957//957
f 961//961 988//988 962//962
f 929//929 962//962 989//989
f 962//962 960//960 961//961
f 988//988 986//986 962//962
f 927//927 929//929 932//932
f 933//933 990//990 935//935
f 993//993 964//964 935//935
f 964//964 937//937 936//936
f 968//968 939//939 965//965
f 1882//1882 1000//1000 972//972 1001//1001
f 970//970 971//971 969//969
f 970//970 969//969 999//999
f 1000//1000 969//969 972//972
f 947//947 948//948 973//973
f 1005//1005 974//974 975//975
f 975//975 952//952 954//954
f 953//953 977//977 976//976
f 975//975 1002//1002 1858//1858
f 978//978 973//973 948//948
f 981//981 985//985 979//979
f 1853//1853 988//988 987//987
f 1003//1003 998//998 997//997
f 1014//1014 1038//1038 1009//1009 1012//1012
f 1002//1002 975//975 976//976
f 1005//1005 1858//1858 1862//1862
f 1005//1005 978//978 974//974
f 1861//1861 1001//1001 973//973
f 1033//1033 264//264 1032//1032
f 271//271 1034//1034 1008//1008
f 1304//1304 264//264 1033//1033
f 1044//1044 1015//1015 1038//1038
f 1039//1039 1041//1041 1031//1031 1018//1018
f 1015//1015 1009//1009 1038//1038
f 1046//1046 1040//1040 1039//1039 270//270
f 1022//1022 1050//1050 1021//1021 1020//1020
f 1034//1034 271//271 1042//1042
f 1047//1047 1046//1046 1017//1017
f 1025//1025 1054//1054 277//277
f 1065//1065 1305//1305 1304//1304 1033//1033
f 1020//1020 279//279 1022//1022
f 1052//1052 1050//1050 1086//1086
f 1025//1025 1056//1056 1054//1054
f 1056//1056 1026//1026 1028//1028
f 1027//1027 1029//1029 1058//1058
f 1058//1058 1029//1029 1060//1060
f 1024//1024 1053//1053 1047//1047 274//274
f 1037//1037 1036//1036 1068//1068 1069//1069
f 1081//1081 1047//1047 1053//1053
f 1042//1042 1019//1019 1049//1049
f 1045//1045 1015//1015 1044//1044
f 1083//1083 1022//1022 1045//1045
f 1043//1043 1042//1042 1049//1049
f 1050//1050 1022//1022 1083//1083
f 1081//1081 1074//1074 1047//1047
f 1074//1074 1046//1046 1047//1047
f 1087//1087 1024//1024 1051//1051
f 1055//1055 1056//1056 1028//1028
f 1058//1058 1060//1060 1059//1059
f 1028//1028 1059//1059 1057//1057
f 1064//1064 1644//1644 1100//1100
f 1065//1065 1321//1321 1305//1305
f 1127//1127 1092//1092 1093//1093 1095//1095
f 1045//1045 1044//1044 1079//1079
f 1080//1080 1085//1085 1079//1079
f 1083//1083 1045//1045 1085//1085
f 1045//1045 1079//1079 1085//1085
f 1043//1043 1048//1048 1082//1082
f 1086//1086 1118//1118 1052//1052
f 1052//1052 1120//1120 1051//1051
f 1055//1055 1057//1057 1088//1088
f 1127//1127 1059//1059 1092//1092
f 1127//1127 1091//1091 1059//1059
f 1098//1098 1096//1096 1094//1094 1063//1063
f 1381//1381 1351//1351 1104//1104 1137//1137
f 1321//1321 1351//1351 1352//1352
f 1101//1101 1076//1076 1073//1073
f 1073//1073 1075//1075 1102//1102
f 1101//1101 1073//1073 1103//1103
f 1351//1351 1321//1321 1104//1104
f 1140//1140 1141//1141 1142//1142 1139//1139
f 1069//1069 1107//1107 1078//1078
f 1069//1069 1071//1071 1108//1108
f 1069//1069 1108//1108 1107//1107
f 1111//1111 1078//1078 1109//1109
f 1122//1122 1155//1155 1154//1154
f 1077//1077 1113//1113 1106//1106
f 1106//1106 1116//1116 1110//1110
f 1115//1115 1117//1117 1106//1106
f 1120//1120 1118//1118 1147//1147
f 1084//1084 1121//1121 1119//1119
f 1155//1155 1122//1122 1153//1153
f 1125//1125 1124//1124 1089//1089
f 1089//1089 1090//1090 1125//1125
f 1128//1128 1095//1095 1096//1096
f 1132//1132 1165//1165 1128//1128
f 1096//1096 1098//1098 1129//1129
f 1129//1129 1098//1098 1133//1133
f 1129//1129 1130//1130 1096//1096
f 1130//1130 1128//1128 1096//1096
f 1133//1133 1131//1131 1130//1130
f 1169//1169 1131//1131 1133//1133
f 1742//1742 1169//1169 1133//1133
f 1103//1103 1134//1134 1101//1101
f 1101//1101 1134//1134 1138//1138
f 1138//1138 1137//1137 1101//1101
f 1381//1381 1138//1138 1177//1177
f 1139//1139 1142//1142 1111//1111
f 1160//1160 1157//1157 1155//1155 1153//1153
f 1116//1116 1106//1106 1117//1117
f 1116//1116 1146//1146 1110//1110
f 1151//1151 1147//1147 1148//1148
f 1156//1156 1112//1112 1154//1154
f 1181//1181 1182//1182 1146//1146 1116//1116
f 1161//1161 1125//1125 1126//1126
f 1164//1164 1162//1162 1163//1163
f 1381//1381 1177//1177 1408//1408
f 1200//1200 1166//1166 1132//1132
f 1131//1131 1132//1132 1130//1130
f 1172//1172 1168//1168 1131//1131
f 1171//1171 1172//1172 1169//1169
f 1144//1144 1173//1173 1145//1145
f 1185//1185 1135//1135 1112//1112
f 1177//1177 1145//1145 1178//1178
f 1180//1180 1178//1178 1204//1204
f 1175//1175 1178//1178 1173//1173
f 1411//1411 1409//1409 1444//1444
f 1146//1146 1182//1182 1152//1152
f 1244//1244 1462//1462 1457//1457 1451//1451
f 1184//1184 1152//1152 1211//1211
f 1156//1156 1186//1186 1185//1185
f 1158//1158 1189//1189 1181//1181
f 1192//1192 1184//1184 1211//1211
f 1157//1157 1160//1160 1195//1195
f 1196//1196 1195//1195 1190//1190
f 1196//1196 1190//1190 1194//1194
f 1188//1188 1123//1123 1161//1161
f 1188//1188 1220//1220 1158//1158
f 1198//1198 1161//1161 1126//1126
f 1164//1164 1163//1163 1165//1165
f 1202//1202 1204//1204 1175//1175
f 1176//1176 1174//1174 1187//1187
f 1202//1202 1176//1176 1203//1203
f 1206//1206 1202//1202 1203//1203
f 1206//1206 1205//1205 1202//1202
f 1224//1224 1196//1196 1194//1194 1213//1213
f 1212//1212 1182//1182 1189//1189
f 1212//1212 1211//1211 1182//1182
f 1213//1213 1194//1194 1193//1193
f 1193//1193 1211//1211 1253//1253
f 1253//1253 1213//1213 1193//1193
f 1253//1253 1211//1211 1212//1212
f 1217//1217 1224//1224 1255//1255 1248//1248
f 1186//1186 1214//1214 1187//1187
f 1214//1214 1195//1195 1215//1215
f 1220//1220 1197//1197 1218//1218
f 1221//1221 1222//1222 1219//1219
f 1221//1221 1220//1220 1218//1218
f 1223//1223 1222//1222 1221//1221
f 1224//1224 1253//1253 1255//1255
f 1227//1227 1197//1197 1198//1198
f 1227//1227 1218//1218 1197//1197
f 1225//1225 1223//1223 1221//1221
f 1228//1228 1229//1229 1263//1263
f 1263//1263 1225//1225 1227//1227
f 1237//1237 1277//1277 1232//1232
f 1277//1277 1237//1237 1283//1283
f 1237//1237 1239//1239 1283//1283
f 1233//1233 1243//1243 1289//1289
f 1534//1534 1235//1235 1234//1234
f 1235//1235 1288//1288 1234//1234
f 1180//1180 1204//1204 1208//1208
f 1242//1242 1239//1239 1238//1238
f 1240//1240 1241//1241 1242//1242
f 1233//1233 1286//1286 1293//1293
f 1838//1838 1243//1243 1836//1836
f 1601//1601 1554//1554 1250//1250 1251//1251
f 1206//1206 1216//1216 1247//1247
f 1248//1248 1258//1258 1246//1246
f 1265//1265 1259//1259 1264//1264 1274//1274
f 1254//1254 1255//1255 1222//1222
f 1258//1258 1257//1257 1260//1260
f 1249//1249 1260//1260 1261//1261
f 1266//1266 1262//1262 1261//1261
f 1263//1263 1223//1223 1225//1225
f 1322//1322 1307//1307 1304//1304 1305//1305
f 1260//1260 1265//1265 1266//1266
f 1265//1265 1269//1269 1266//1266
f 1264//1264 1256//1256 1267//1267
f 1273//1273 1268//1268 1272//1272
f 1271//1271 1272//1272 1268//1268
f 1285//1285 1273//1273 1272//1272
f 1285//1285 1287//1287 1279//1279
f 1282//1282 1280//1280 1281//1281
f 1280//1280 1282//1282 1279//1279
f 1281//1281 1626//1626 1282//1282
f 1282//1282 1626//1626 1276//1276
f 1284//1284 1285//1285 1272//1272
f 1284//1284 1278//1278 1283//1283
f 1279//1279 1287//1287 1280//1280
f 1290//1290 1281//1281 1280//1280
f 1290//1290 1288//1288 1281//1281
f 1287//1287 1286//1286 1280//1280
f 1291//1291 1288//1288 1637//1637
f 1306//1306 633//633 1304//1304
f 1327//1327 1295//1295 1323//1323
f 1296//1296 1308//1308 1297//1297
f 1312//1312 1300//1300 1311//1311
f 627//627 1300//1300 1312//1312
f 1314//1314 1301//1301 627//627
f 1317//1317 639//639 1316//1316
f 640//640 1316//1316 639//639
f 1318//1318 1845//1845 641//641
f 1845//1845 980//980 641//641
f 1639//1639 1630//1630 1629//1629 1627//1627
f 1306//1306 1304//1304 1307//1307
f 1327//1327 1308//1308 1295//1295
f 1297//1297 1329//1329 1298//1298
f 1298//1298 1329//1329 1332//1332
f 1311//1311 1299//1299 1309//1309
f 627//627 1312//1312 1313//1313
f 1313//1313 1340//1340 1314//1314
f 1340//1340 1302//1302 1314//1314
f 1316//1316 640//640 1303//1303
f 1343//1343 1316//1316 1315//1315
f 1318//1318 641//641 1319//1319
f 1318//1318 1866//1866 1849//1849
f 1866//1866 1318//1318 1320//1320
f 1887//1887 1379//1379 1406//1406 1378//1378
f 1849//1849 1845//1845 1318//1318
f 1354//1354 1322//1322 1321//1321
f 1323//1323 1307//1307 1324//1324
f 1308//1308 1326//1326 1328//1328
f 1328//1328 1356//1356 1308//1308
f 1330//1330 1297//1297 1308//1308
f 1329//1329 1330//1330 1333//1333
f 1331//1331 1298//1298 1332//1332
f 1340//1340 1313//1313 1339//1339
f 1336//1336 1310//1310 1334//1334
f 1313//1313 1337//1337 1338//1338
f 1338//1338 1337//1337 1365//1365
f 1339//1339 1313//1313 1338//1338
f 1371//1371 1341//1341 1302//1302
f 1339//1339 1371//1371 1340//1340
f 1341//1341 1315//1315 1302//1302
f 1315//1315 1341//1341 1343//1343
f 1320//1320 1317//1317 1344//1344
f 1347//1347 1320//1320 1344//1344
f 1346//1346 1347//1347 1344//1344
f 1346//1346 1344//1344 1345//1345
f 1348//1348 1347//1347 1346//1346
f 1348//1348 1866//1866 1347//1347
f 1354//1354 1352//1352 1355//1355
f 1328//1328 1326//1326 1324//1324
f 1357//1357 1356//1356 1325//1325
f 1330//1330 1359//1359 1333//1333
f 1386//1386 1359//1359 1358//1358
f 1360//1360 1333//1333 1359//1359
f 1366//1366 1365//1365 1336//1336
f 1368//1368 1365//1365 1366//1366
f 1338//1338 1365//1365 1368//1368
f 1339//1339 1338//1338 1368//1368
f 1372//1372 1368//1368 1369//1369
f 1374//1374 1370//1370 1433//1433
f 1352//1352 1351//1351 1382//1382
f 1345//1345 1396//1396 1375//1375
f 1408//1408 1382//1382 1351//1351 1381//1381
f 1350//1350 1348//1348 1377//1377
f 1410//1410 1383//1383 1382//1382
f 1433//1433 1431//1431 1517//1517 1432//1432
f 1383//1383 1325//1325 1355//1355
f 1412//1412 1384//1384 1357//1357
f 1387//1387 1384//1384 1412//1412
f 1418//1418 1386//1386 1387//1387
f 1360//1360 1388//1388 1362//1362
f 1364//1364 1362//1362 1389//1389
f 1427//1427 1390//1390 1424//1424
f 1366//1366 1367//1367 1391//1391
f 1367//1367 1364//1364 1390//1390
f 1391//1391 1393//1393 1392//1392
f 1392//1392 1393//1393 1428//1428
f 1370//1370 1392//1392 1394//1394
f 1519//1519 1625//1625 1633//1633
f 1402//1402 1401//1401 1380//1380
f 1403//1403 1956//1956 1442//1442
f 1442//1442 1956//1956 1404//1404
f 1405//1405 1442//1442 1404//1404
f 1405//1405 1443//1443 1442//1442
f 1410//1410 1412//1412 1357//1357
f 1413//1413 1387//1387 1412//1412
f 1415//1415 1416//1416 1412//1412
f 1417//1417 1416//1416 1415//1415
f 1419//1419 1418//1418 1414//1414
f 1423//1423 1388//1388 1418//1418
f 1424//1424 1388//1388 1423//1423
f 1424//1424 1389//1389 1388//1388
f 1421//1421 1424//1424 1423//1423
f 1420//1420 1507//1507 1421//1421
f 1427//1427 1430//1430 1428//1428
f 1427//1427 1425//1425 1430//1430
f 1437//1437 1441//1441 1442//1442
f 1454//1454 1469//1469 1464//1464 1452//1452
f 1438//1438 1401//1401 1530//1530
f 1532//1532 1535//1535 1403//1403
f 1442//1442 1441//1441 1403//1403
f 1403//1403 1535//1535 1440//1440
f 1405//1405 1438//1438 1443//1443
f 1448//1448 1415//1415 1411//1411
f 1450//1450 1458//1458 1463//1463 1460//1460
f 1448//1448 1411//1411 1446//1446
f 1479//1479 1485//1485 1448//1448
f 1484//1484 1416//1416 1417//1417
f 1419//1419 1414//1414 1416//1416
f 1417//1417 1448//1448 1485//1485
f 1451//1451 1452//1452 1445//1445
f 1454//1454 1455//1455 1449//1449
f 1455//1455 1454//1454 1453//1453
f 1454//1454 1449//1449 1456//1456
f 1449//1449 1459//1459 1456//1456
f 1460//1460 1455//1455 1450//1450
f 1460//1460 1459//1459 1449//1449
f 1463//1463 1458//1458 1501//1501 1500//1500
f 1468//1468 1474//1474 1465//1465
f 1470//1470 1466//1466 1469//1469
f 1484//1484 1485//1485 1489//1489 1486//1486
f 1479//1479 1448//1448 1446//1446
f 1481//1481 1485//1485 1480//1480
f 1487//1487 1485//1485 1481//1481
f 1494//1494 1492//1492 1489//1489 1487//1487
f 1488//1488 1481//1481 1483//1483
f 1491//1491 1487//1487 1490//1490
f 1487//1487 1488//1488 1490//1490
f 1494//1494 1546//1546 1584//1584
f 1486//1486 1489//1489 1492//1492 1496//1496
f 1419//1419 1497//1497 1495//1495
f 1420//1420 1422//1422 1505//1505
f 1507//1507 1505//1505 1509//1509 1506//1506
f 1498//1498 1496//1496 1492//1492
f 1504//1504 1590//1590 1581//1581
f 1510//1510 1513//1513 1506//1506
f 1511//1511 1510//1510 1512//1512
f 1430//1430 1426//1426 1513//1513
f 1430//1430 1513//1513 1515//1515
f 1432//1432 1517//1517 1522//1522
f 1637//1637 1288//1288 1235//1235
f 1526//1526 1533//1533 1439//1439
f 1527//1527 1641//1641 1526//1526
f 1520//1520 1522//1522 1634//1634
f 1531//1531 1532//1532 1523//1523
f 1638//1638 1523//1523 1524//1524
f 1533//1533 1437//1437 1443//1443
f 1525//1525 1524//1524 1533//1533
f 1991//1991 1535//1535 1534//1534
f 1562//1562 1547//1547 1548//1548 1552//1552
f 1502//1502 1501//1501 1503//1503
f 1556//1556 1557//1557 1552//1552 1549//1549
f 1503//1503 1551//1551 1554//1554
f 1555//1555 1554//1554 1601//1601
f 1564//1564 1559//1559 1549//1549
f 1575//1575 1558//1558 1556//1556 1559//1559
f 1567//1567 1568//1568 1572//1572 1566//1566
f 1572//1572 1571//1571 1566//1566
f 1604//1604 1567//1567 1566//1566
f 1586//1586 1588//1588 1580//1580 1587//1587
f 1591//1591 1593//1593 1494//1494 1584//1584
f 1584//1584 1586//1586 1587//1587
f 1581//1581 1587//1587 1580//1580
f 1569//1569 1607//1607 1567//1567
f 1593//1593 1597//1597 1492//1492
f 1597//1597 1593//1593 1594//1594 1598//1598
f 1594//1594 1593//1593 1591//1591
f 1592//1592 1591//1591 1587//1587
f 1595//1595 1509//1509 1508//1508
f 1595//1595 1508//1508 1596//1596
f 1596//1596 1498//1498 1597//1597
f 1594//1594 1599//1599 1600//1600 1598//1598
f 1658//1658 821//821 830//830 1659//1659
f 1603//1603 1605//1605 1604//1604
f 1567//1567 1604//1604 1569//1569
f 1569//1569 1604//1604 1610//1610
f 1605//1605 1610//1610 1604//1604
f 1587//1587 1591//1591 1584//1584
f 1590//1590 1504//1504 1607//1607
f 1608//1608 1590//1590 1607//1607
f 1512//1512 1611//1611 1514//1514
f 1611//1611 1613//1613 1608//1608
f 1613//1613 1612//1612 1599//1599
f 1262//1262 1617//1617 1602//1602
f 1614//1614 1615//1615 1605//1605
f 1616//1616 1610//1610 1605//1605
f 1616//1616 1606//1606 1610//1610
f 1515//1515 1514//1514 1621//1621
f 1269//1269 1622//1622 1618//1618
f 1622//1622 1623//1623 1618//1618
f 1625//1625 1615//1615 1624//1624
f 1621//1621 1514//1514 1620//1620
f 1278//1278 1271//1271 1231//1231
f 1626//1626 1628//1628 1276//1276
f 1623//1623 1642//1642 1618//1618
f 1624//1624 1632//1632 1625//1625
f 1518//1518 1621//1621 1519//1519
f 1636//1636 1635//1635 1519//1519
f 1639//1639 1638//1638 1525//1525
f 1526//1526 1641//1641 1640//1640
f 1624//1624 1642//1642 1623//1623
f 1624//1624 1623//1623 1643//1643
f 1675//1675 811//811 812//812
f 1677//1677 1646//1646 1678//1678
f 1648//1648 1678//1678 814//814
f 1681//1681 815//815 1682//1682
f 1681//1681 1650//1650 815//815
f 786//786 815//815 1650//1650
f 1685//1685 1686//1686 1683//1683
f 1651//1651 1654//1654 1685//1685
f 1653//1653 1689//1689 1687//1687
f 1655//1655 1656//1656 1689//1689
f 1691//1691 1690//1690 1658//1658
f 1656//1656 1658//1658 1690//1690
f 830//830 1660//1660 1661//1661 1659//1659
f 1675//1675 1701//1701 1674//1674
f 827//827 1669//1669 1695//1695 1666//1666
f 1660//1660 1693//1693 1661//1661
f 1662//1662 825//825 1663//1663
f 1664//1664 1662//1662 1663//1663
f 1681//1681 1710//1710 1707//1707 1679//1679
f 1666//1666 1667//1667 1664//1664
f 1675//1675 1702//1702 1701//1701
f 1100//1100 1644//1644 1674//1674
f 1702//1702 1675//1675 1645//1645
f 1706//1706 1677//1677 1678//1678
f 1649//1649 1680//1680 1705//1705
f 1681//1681 1684//1684 1710//1710
f 1820//1820 1826//1826 1815//1815 1813//1813
f 1685//1685 1654//1654 1714//1714
f 1712//1712 1686//1686 1714//1714
f 1726//1726 1692//1692 1661//1661
f 1659//1659 1661//1661 1692//1692
f 1694//1694 1665//1665 1662//1662
f 1694//1694 1693//1693 1665//1665
f 1695//1695 1667//1667 1666//1666
f 1667//1667 1694//1694 1664//1664
f 1696//1696 1694//1694 1667//1667
f 1667//1667 1695//1695 1696//1696
f 1668//1668 1699//1699 1733//1733
f 1698//1698 1669//1669 1733//1733
f 1733//1733 1735//1735 1731//1731
f 1739//1739 1736//1736 1700//1700
f 1100//1100 1701//1701 1741//1741
f 1647//1647 1704//1704 1676//1676
f 1710//1710 1709//1709 1707//1707
f 1711//1711 1751//1751 1710//1710
f 1712//1712 1711//1711 1684//1684
f 1715//1715 1754//1754 1712//1712
f 1754//1754 1711//1711 1712//1712
f 1722//1722 1724//1724 1718//1718
f 1717//1717 1713//1713 1716//1716
f 1698//1698 1731//1731 1697//1697
f 1729//1729 1732//1732 1697//1697
f 1727//1727 1693//1693 1694//1694
f 1697//1697 1732//1732 1696//1696
f 1731//1731 1698//1698 1733//1733
f 1738//1738 1737//1737 1736//1736
f 1736//1736 1739//1739 1738//1738
f 1947//1947 1739//1739 1740//1740
f 1743//1743 1742//1742 1741//1741
f 1706//1706 1746//1746 1703//1703
f 1746//1746 1747//1747 1704//1704
f 1747//1747 1746//1746 1766//1766
f 1769//1769 1766//1766 1746//1746
f 1708//1708 1749//1749 1748//1748
f 1711//1711 1752//1752 1751//1751
f 1751//1751 1752//1752 1749//1749
f 1752//1752 1750//1750 1749//1749
f 1713//1713 1753//1753 1754//1754
f 1717//1717 1755//1755 1753//1753
f 1780//1780 1757//1757 1758//1758
f 1786//1786 1758//1758 1759//1759
f 1787//1787 1759//1759 1760//1760
f 1738//1738 1763//1763 1762//1762
f 1731//1731 1761//1761 1760//1760
f 1731//1731 1735//1735 1761//1761
f 1735//1735 1762//1762 1761//1761
f 1762//1762 1763//1763 1798//1798
f 1797//1797 1761//1761 1762//1762
f 1764//1764 1169//1169 1742//1742
f 1745//1745 1743//1743 1744//1744
f 1765//1765 1764//1764 1743//1743
f 1767//1767 1766//1766 1770//1770
f 1768//1768 1769//1769 1748//1748
f 1771//1771 1769//1769 1768//1768
f 1773//1773 1775//1775 1774//1774
f 1776//1776 1820//1820 1813//1813
f 1810//1810 1771//1771 1774//1774
f 1780//1780 1820//1820 1779//1779
f 1826//1826 1820//1820 1780//1780
f 1778//1778 1827//1827 1781//1781
f 1792//1792 1778//1778 1790//1790
f 1794//1794 1791//1791 1792//1792
f 1782//1782 1784//1784 1783//1783
f 1784//1784 1830//1830 1783//1783
f 1784//1784 1785//1785 1830//1830
f 1780//1780 1786//1786 1826//1826
f 1787//1787 1788//1788 1786//1786
f 1790//1790 1789//1789 1792//1792
f 1785//1785 1784//1784 1795//1795
f 2006//2006 1971//1971 2009//2009
f 1790//1790 1787//1787 1796//1796
f 1796//1796 1797//1797 1789//1789
f 1982//1982 1981//1981 1795//1795
f 1809//1809 1996//1996 1807//1807
f 1804//1804 1802//1802 1767//1767
f 1805//1805 1804//1804 1772//1772
f 1832//1832 1802//1802 1805//1805
f 1809//1809 1819//1819 1808//1808
f 1772//1772 1810//1810 1811//1811
f 1812//1812 1806//1806 1805//1805
f 1808//1808 1999//1999 2000//2000
f 1881//1881 1004//1004 997//997 1880//1880
f 1813//1813 1811//1811 1810//1810
f 1811//1811 1813//1813 1814//1814
f 1815//1815 1814//1814 1813//1813
f 1816//1816 1818//1818 1814//1814
f 1821//1821 1815//1815 1826//1826
f 1829//1829 1822//1822 1777//1777
f 2004//2004 2001//2001 2002//2002
f 2005//2005 2002//2002 1830//1830
f 1831//1831 1832//1832 1833//1833
f 1243//1243 1838//1838 1234//1234
f 1841//1841 1838//1838 1836//1836
f 1534//1534 1234//1234 1838//1838
f 1840//1840 1834//1834 1839//1839
f 1835//1835 1840//1840 1843//1843
f 1843//1843 1836//1836 1835//1835
f 1841//1841 1807//1807 1837//1837
f 1803//1803 1806//1806 1839//1839
f 1842//1842 1844//1844 1843//1843
f 981//981 1845//1845 1849//1849
f 1867//1867 1847//1847 1849//1849
f 983//983 1847//1847 1850//1850
f 991//991 1851//1851 1871//1871
f 994//994 992//992 1873//1873
f 1873//1873 1856//1856 994//994
f 1856//1856 1878//1878 994//994
f 1736//1736 1671//1671 1673//1673 1700//1700
f 1000//1000 1857//1857 829//829
f 1861//1861 1886//1886 1918//1918 1883//1883
f 1002//1002 1004//1004 1859//1859
f 1006//1006 1886//1886 1861//1861
f 1001//1001 1883//1883 1882//1882
f 1908//1908 1913//1913 1910//1910 1907//1907
f 1006//1006 1863//1863 1886//1886
f 1005//1005 1862//1862 1863//1863
f 1888//1888 1865//1865 1864//1864
f 1868//1868 1850//1850 1848//1848
f 1868//1868 1891//1891 1889//1889
f 1869//1869 1893//1893 1895//1895
f 1850//1850 1851//1851 1853//1853
f 1896//1896 1870//1870 1852//1852
f 1876//1876 1873//1873 1874//1874
f 1901//1901 1876//1876 1874//1874
f 1876//1876 1878//1878 1856//1856
f 1879//1879 1910//1910 1880//1880
f 1879//1879 1909//1909 1910//1910
f 1925//1925 1918//1918 1886//1886
f 1923//1923 1885//1885 1859//1859
f 1925//1925 1886//1886 1863//1863
f 1864//1864 1349//1349 1888//1888
f 1379//1379 1887//1887 1350//1350
f 1892//1892 1890//1890 1889//1889
f 1892//1892 1887//1887 1928//1928
f 1895//1895 1893//1893 1894//1894
f 1897//1897 1870//1870 1896//1896
f 1897//1897 1875//1875 1899//1899
f 1877//1877 1876//1876 1905//1905
f 1905//1905 1904//1904 1877//1877
f 1909//1909 1904//1904 1906//1906
f 1904//1904 1909//1909 1879//1879
f 1937//1937 1939//1939 1902//1902 1900//1900
f 1910//1910 1909//1909 1907//1907
f 1881//1881 1913//1913 1911//1911
f 1917//1917 1916//1916 1915//1915
f 1915//1915 1919//1919 1917//1917
f 1920//1920 1925//1925 1884//1884
f 1924//1924 1921//1921 1920//1920
f 1923//1923 1922//1922 1911//1911
f 1923//1923 1924//1924 1920//1920
f 1923//1923 1912//1912 1924//1924
f 1956//1956 1926//1926 1928//1928
f 1378//1378 1404//1404 1927//1927
f 1929//1929 1931//1931 1930//1930
f 1959//1959 1934//1934 1931//1931
f 1934//1934 1894//1894 1931//1931
f 1960//1960 1936//1936 1933//1933
f 1898//1898 1897//1897 1932//1932
f 1933//1933 1936//1936 1898//1898
f 1936//1936 1935//1935 1898//1898
f 1985//1985 1946//1946 1944//1944 1983//1983
f 1940//1940 1903//1903 1902//1902
f 1906//1906 1903//1903 1941//1941
f 1941//1941 1903//1903 1940//1940
f 1942//1942 1940//1940 1983//1983
f 1907//1907 1906//1906 1941//1941
f 1971//1971 1972//1972 2003//2003 1970//1970
f 1952//1952 1945//1945 1946//1946
f 1950//1950 1917//1917 1949//1949
f 1951//1951 1950//1950 1921//1921
f 1952//1952 1950//1950 1951//1951
f 1958//1958 1995//1995 1994//1994
f 1959//1959 1931//1931 1957//1957
f 1965//1965 1963//1963 1966//1966
f 1966//1966 1963//1963 1964//1964
f 1967//1967 1966//1966 1972//1972
f 2000//2000 1998//1998 1997//1997 1993//1993
f 1970//1970 2007//2007 1971//1971
f 1972//1972 1971//1971 2006//2006
f 2006//2006 1975//1975 1967//1967
f 1977//1977 1973//1973 1979//1979
f 1976//1976 1940//1940 1938//1938
f 2008//2008 1795//1795 1981//1981
f 1983//1983 1976//1976 1977//1977
f 1975//1975 1978//1978 1979//1979
f 1797//1797 1796//1796 1761//1761
f 1981//1981 1982//1982 1947//1947
f 1983//1983 1977//1977 1978//1978
f 1980//1980 1985//1985 1978//1978
f 1980//1980 1975//1975 2010//2010
f 2010//2010 1984//1984 1980//1980
f 1985//1985 1983//1983 1978//1978
f 1981//1981 1947//1947 1943//1943
f 1948//1948 1986//1986 1943//1943
f 2011//2011 1986//1986 1987//1987
f 1953//1953 1987//1987 1989//1989
f 1988//1988 1953//1953 1952//1952
f 1987//1987 1948//1948 1989//1989
f 1996//1996 1993//1993 1992//1992
f 1961//1961 1994//1994 1997//1997
f 1808//1808 2000//2000 1993//1993
f 1999//1999 2001//2001 2000//2000
f 1936//1936 1960//1960 1963//1963
f 1964//1964 2000//2000 2001//2001
f 2008//2008 2007//2007 1795//1795
f 2009//2009 2010//2010 2006//2006
f 1981//1981 1986//1986 2008//2008
f 2008//2008 2011//2011 2009//2009
f 2010//2010 2011//2011 1984//1984
f 59//59 65//65 61//61
usemtl Material.001
f 295//295 297//297 298//298
f 298//298 297//297 294//294
f 292//292 295//295 328//328
f 1540//1540 1543//1543 1478//1478
f 1542//1542 1478//1478 1543//1543
f 1541//1541 1565//1565 1539//1539
f 1543//1543 1540//1540 1539//1539
f 1543//1543 1544//1544 1542//1542
f 1544//1544 1543//1543 1579//1579
f 297//297 292//292 319//319 293//293
f 294//294 297//297 293//293
f 292//292 297//297 295//295
f 300//300 295//295 298//298
f 1565//1565 1578//1578 1543//1543 1539//1539
f 1578//1578 1579//1579 1543//1543
usemtl Material.002
f 438//438 298//298 294//294
f 293//293 290//290 291//291
f 319//319 290//290 293//293
f 311//311 291//291 290//290
f 312//312 321//321 322//322
f 300//300 296//296 295//295
f 302//302 296//296 300//300
f 302//302 443//443 304//304
f 314//314 321//321 312//312
f 321//321 314//314 311//311
f 318//318 314//314 312//312
f 311//311 316//316 419//419
f 325//325 320//320 333//333
f 312//312 322//322 326//326
f 322//322 320//320 325//325
f 330//330 292//292 328//328
f 312//312 464//464 318//318
f 323//323 326//326 322//322
f 320//320 322//322 321//321
f 329//329 331//331 330//330
f 320//320 321//321 319//319
f 333//333 330//330 334//334
f 332//332 330//330 331//331
f 329//329 295//295 296//296
f 342//342 329//329 341//341
f 296//296 302//302 341//341
f 342//342 331//331 329//329
f 341//341 302//302 344//344
f 332//332 331//331 335//335
f 342//342 344//344 346//346
f 432//432 294//294 293//293
f 330//330 333//333 320//320
f 432//432 291//291 423//423
f 432//432 423//423 429//429
f 293//293 291//291 432//432
f 436//436 294//294 434//434
f 300//300 298//298 443//443
f 443//443 298//298 452//452
f 452//452 298//298 439//439
f 311//311 419//419 423//423
f 318//318 464//464 316//316
f 1472//1472 1456//1456 1459//1459
f 1459//1459 1460//1460 1538//1538
f 1538//1538 1472//1472 1459//1459
f 1478//1478 1476//1476 1477//1477
f 1471//1471 1468//1468 1470//1470
f 1470//1470 1472//1472 1538//1538
f 1482//1482 1480//1480 1473//1473
f 1471//1471 1477//1477 1468//1468
f 1475//1475 1477//1477 1476//1476
f 1478//1478 1477//1477 1471//1471
f 1470//1470 1540//1540 1471//1471
f 1483//1483 1480//1480 1482//1482
f 1482//1482 1488//1488 1483//1483
f 1546//1546 1491//1491 1545//1545
f 1491//1491 1490//1490 1488//1488
f 1488//1488 1482//1482 1493//1493
f 1482//1482 1476//1476 1478//1478
f 1488//1488 1493//1493 1491//1491
f 1536//1536 1537//1537 1538//1538
f 1478//1478 1471//1471 1540//1540
f 1539//1539 1538//1538 1537//1537
f 1541//1541 1539//1539 1537//1537
f 1537//1537 1536//1536 1562//1562
f 1542//1542 1493//1493 1478//1478
f 1586//1586 1583//1583 1585//1585
f 1582//1582 1542//1542 1544//1544
f 1582//1582 1545//1545 1542//1542
f 1499//1499 1536//1536 1461//1461
f 1561//1561 1563//1563 1560//1560
f 1560//1560 1563//1563 1562//1562
f 1560//1560 1562//1562 1552//1552
f 1577//1577 1578//1578 1561//1561
f 1562//1562 1541//1541 1537//1537
f 1568//1568 1573//1573 1572//1572
f 1538//1538 1539//1539 1540//1540
f 1558//1558 1561//1561 1557//1557
f 1563//1563 1565//1565 1541//1541
f 1563//1563 1541//1541 1562//1562
f 1563//1563 1561//1561 1578//1578
f 1589//1589 1574//1574 1573//1573
f 1568//1568 1589//1589 1573//1573
f 1576//1576 1573//1573 1577//1577
f 1576//1576 1577//1577 1575//1575
f 1574//1574 1589//1589 1588//1588
f 1588//1588 1585//1585 1574//1574
f 1585//1585 1588//1588 1586//1586
f 1583//1583 1582//1582 1585//1585
f 1574//1574 1585//1585 1582//1582
f 1574//1574 1582//1582 1544//1544
f 1579//1579 1574//1574 1544//1544
f 294//294 432//432 434//434
f 302//302 300//300 443//443
f 311//311 290//290 319//319
f 314//314 318//318 316//316 311//311
f 320//320 292//292 330//330
f 311//311 319//319 321//321
f 325//325 323//323 322//322
f 329//329 328//328 295//295
f 328//328 329//329 330//330
f 334//334 330//330 332//332
f 329//329 296//296 341//341
f 341//341 344//344 342//342
f 304//304 344//344 302//302
f 332//332 335//335 334//334
f 320//320 319//319 292//292
f 432//432 428//428 434//434
f 432//432 429//429 428//428
f 294//294 436//436 438//438
f 438//438 439//439 298//298
f 311//311 423//423 291//291
f 1461//1461 1536//1536 1538//1538 1460//1460
f 1477//1477 1475//1475 1468//1468
f 1470//1470 1456//1456 1472//1472
f 1476//1476 1482//1482 1473//1473
f 1475//1475 1476//1476 1473//1473
f 1482//1482 1478//1478 1493//1493
f 1540//1540 1470//1470 1538//1538
f 1563//1563 1578//1578 1565//1565
f 1545//1545 1491//1491 1493//1493 1542//1542
f 1562//1562 1536//1536 1499//1499
f 1561//1561 1560//1560 1552//1552 1557//1557
f 1577//1577 1561//1561 1575//1575
f 1561//1561 1558//1558 1575//1575
f 1574//1574 1579//1579 1577//1577 1573//1573
f 1576//1576 1572//1572 1573//1573
f 1578//1578 1577//1577 1579//1579
f 1546//1546 1545//1545 1582//1582 1583//1583
