# Blender 4.4.1
# www.blender.org
mtllib trident.mtl
o ondent
v 0.070396 1.058599 0.000000
v 0.021020 1.127355 -0.152193
v 0.000000 1.139788 -0.055183
v 0.068510 1.065639 0.000000
v 0.063356 1.070792 0.000000
v 0.000000 -1.000000 -0.050000
v 0.000000 1.000000 -0.050000
v 0.015675 1.543389 0.231942
v 0.009755 -1.000000 -0.049039
v 0.021713 1.461100 0.163424
v 0.009755 1.000000 -0.049039
v 0.056317 1.044520 0.000000
v 0.032083 1.139733 -0.099716
v 0.019134 -1.000000 -0.046194
v 0.063356 1.046406 0.000000
v 0.068510 1.051560 0.000000
v 0.028757 1.461030 0.173293
v 0.019134 1.000000 -0.046194
v 0.069794 1.058599 -0.009189
v 0.010766 1.139788 -0.054122
v 0.067924 1.065639 -0.008942
v 0.023884 1.130559 -0.150405
v 0.062814 1.070792 -0.008270
v 0.027779 -1.000000 -0.041573
v 0.031335 1.460963 0.186786
v 0.027779 1.000000 -0.041573
v 0.026552 1.133544 -0.145163
v 0.035355 -1.000000 -0.035355
v 0.028757 1.460916 0.200288
v 0.055835 1.044520 -0.007351
v 0.035355 1.000000 -0.035355
v 0.062814 1.046406 -0.008270
v 0.067924 1.051560 -0.008942
v 0.028843 1.136108 -0.136823
v 0.067997 1.058599 -0.018220
v 0.041573 -1.000000 -0.027779
v 0.021713 1.460902 0.210180
v 0.066175 1.065639 -0.017732
v 0.041573 1.000000 -0.027779
v 0.061198 1.070792 -0.016398
v 0.030601 1.138075 -0.125955
v 0.046194 -1.000000 -0.019134
v 0.021118 1.139788 -0.050982
v 0.012092 1.460925 0.213813
v 0.046194 1.000000 -0.019134
v 0.031706 1.139311 -0.113298
v 0.054398 1.044520 -0.014576
v 0.002470 1.460978 0.210212
v 0.061198 1.046406 -0.016398
v 0.049039 -1.000000 -0.009755
v 0.066175 1.051560 -0.017732
v 0.049039 1.000000 -0.009755
v 0.065038 1.058599 -0.026939
v 0.021020 1.080314 -0.152193
v 0.063295 1.065639 -0.026218
v 0.058534 1.070792 -0.024245
v 0.050000 -1.000000 0.000000
v 0.032083 1.067936 -0.099716
v 0.050000 1.000000 0.000000
v -0.004574 1.461047 0.200342
v 0.049039 -1.000000 0.009755
v -0.007152 1.461114 0.186849
v 0.049039 1.000000 0.009755
v 0.023884 1.077111 -0.150405
v 0.052030 1.044520 -0.021552
v 0.030658 1.139788 -0.045883
v 0.058534 1.046406 -0.024245
v 0.063295 1.051560 -0.026218
v -0.004574 1.461161 0.173347
v 0.046194 -1.000000 0.019134
v 0.060965 1.058599 -0.035198
v 0.034065 1.128314 -0.050982
v 0.059331 1.065639 -0.034255
v 0.046194 1.000000 0.019134
v 0.054868 1.070792 -0.031678
v 0.036163 1.115863 -0.054122
v 0.026552 1.074125 -0.145163
v 0.036872 1.102916 -0.055183
v 0.036163 1.089968 -0.054122
v 0.041573 -1.000000 0.027779
v 0.002469 1.461175 0.163455
v 0.034065 1.077518 -0.050982
v 0.048772 1.044520 -0.028158
v 0.054868 1.046406 -0.031678
v 0.059331 1.051560 -0.034255
v 0.028843 1.071562 -0.136823
v 0.041573 1.000000 0.027779
v 0.055849 1.058599 -0.042854
v 0.054353 1.065639 -0.041706
v 0.012091 1.461153 0.159823
v 0.035355 -1.000000 0.035355
v 0.050264 1.070792 -0.038569
v 0.030601 1.069595 -0.125955
v 0.035355 1.000000 0.035355
v 0.022200 1.449568 0.155632
v 0.027779 -1.000000 0.041573
v 0.031706 1.068358 -0.113298
v 0.027779 1.000000 0.041573
v 0.039020 1.139788 -0.039020
v 0.044679 1.044520 -0.034284
v 0.029664 1.448990 0.165945
v 0.050264 1.046406 -0.038569
v 0.054353 1.051560 -0.041706
v 0.043357 1.128314 -0.043357
v 0.049778 1.058599 -0.049778
v 0.019134 -1.000000 0.046194
v 0.048444 1.065639 -0.048444
v 0.046027 1.115863 -0.046027
v 0.046929 1.102916 -0.046929
v 0.044800 1.070792 -0.044800
v 0.019134 1.000000 0.046194
v 0.021020 1.127355 0.152193
v 0.046027 1.089968 -0.046027
v 0.032444 1.448264 0.180112
v 0.043357 1.077518 -0.043357
v 0.039822 1.044520 -0.039822
v 0.009755 -1.000000 0.049039
v 0.032083 1.139733 0.099716
v 0.044800 1.046406 -0.044800
v 0.048444 1.051560 -0.048444
v 0.009755 1.000000 0.049039
v 0.042854 1.058599 -0.055849
v 0.029793 1.447584 0.194337
v 0.041706 1.065639 -0.054352
v 0.000000 -1.000000 0.050000
v 0.023884 1.130559 0.150405
v 0.038569 1.070792 -0.050264
v 0.000000 1.000000 0.050000
v -0.009755 -1.000000 0.049039
v 0.022423 1.447132 0.204809
v -0.009755 1.000000 0.049039
v 0.045883 1.139788 -0.030658
v 0.050982 1.128314 -0.034065
v 0.034284 1.044520 -0.044679
v 0.026552 1.133544 0.145163
v 0.038569 1.046406 -0.050264
v 0.054122 1.115863 -0.036163
v 0.041706 1.051560 -0.054352
v 0.012308 1.447030 0.208721
v 0.035198 1.058599 -0.060965
v -0.019134 -1.000000 0.046194
v 0.034255 1.065639 -0.059331
v 0.055183 1.102916 -0.036872
v -0.019134 1.000000 0.046194
v 0.054122 1.089968 -0.036163
v 0.028843 1.136108 0.136823
v 0.050982 1.077518 -0.034065
v -0.027779 -1.000000 0.041573
v 0.002158 1.447305 0.205026
v 0.028158 1.044520 -0.048772
v 0.030601 1.138075 0.125955
v 0.031678 1.046406 -0.054868
v -0.027779 1.000000 0.041573
v -0.005306 1.447882 0.194713
v 0.034255 1.051560 -0.059331
v 0.026939 1.058599 -0.065037
v -0.035355 -1.000000 0.035355
v 0.026218 1.065639 -0.063295
v 0.031706 1.139311 0.113298
v -0.035355 1.000000 0.035355
v -0.008085 1.448609 0.180545
v -0.041573 -1.000000 0.027779
v -0.041573 1.000000 0.027779
v 0.050982 1.139788 -0.021118
v 0.056648 1.128314 -0.023465
v 0.021020 1.080314 0.152193
v 0.060138 1.115863 -0.024910
v 0.021552 1.044520 -0.052030
v 0.024245 1.046406 -0.058534
v -0.046194 -1.000000 0.019134
v 0.026218 1.051560 -0.063295
v 0.061316 1.102916 -0.025398
v -0.005435 1.449288 0.166320
v 0.018220 1.058599 -0.067997
v 0.017732 1.065639 -0.066175
v 0.060138 1.089968 -0.024910
v -0.046194 1.000000 0.019134
v 0.032083 1.067936 0.099716
v 0.056648 1.077518 -0.023465
v 0.023884 1.077111 0.150405
v -0.049039 -1.000000 0.009755
v -0.049039 1.000000 0.009755
v 0.001935 1.449740 0.155848
v 0.014576 1.044520 -0.054398
v -0.050000 -1.000000 0.000000
v 0.016398 1.046406 -0.061198
v 0.012050 1.449842 0.151936
v 0.017732 1.051560 -0.066175
v 0.009189 1.058599 -0.069794
v 0.026552 1.074125 0.145163
v -0.050000 1.000000 0.000000
v 0.008942 1.065639 -0.067924
v -0.049039 -1.000000 -0.009755
v 0.028843 1.071562 0.136823
v 0.054122 1.139788 -0.010766
v 0.060138 1.128314 -0.011962
v 0.020824 1.435516 0.150798
v -0.049039 1.000000 -0.009755
v 0.063842 1.115863 -0.012699
v -0.046194 -1.000000 -0.019134
v 0.007351 1.044520 -0.055835
v 0.008270 1.046406 -0.062814
v 0.065093 1.102916 -0.012948
v 0.008942 1.051560 -0.067924
v 0.063842 1.089968 -0.012699
v 0.000000 1.058599 -0.070396
v 0.028647 1.435450 0.161761
v -0.046194 1.000000 -0.019134
v 0.000000 1.065639 -0.068510
v 0.060138 1.077518 -0.011962
v 0.030601 1.069595 0.125955
v -0.041573 -1.000000 -0.027779
v 0.031511 1.435383 0.176747
v 0.031706 1.068358 0.113298
v -0.041573 1.000000 -0.027779
v 0.000000 1.044520 -0.056317
v -0.035355 -1.000000 -0.035355
v 0.000000 1.046406 -0.063356
v 0.028649 1.435333 0.191739
v 0.000000 1.051560 -0.068510
v -0.035355 1.000000 -0.035355
v -0.021020 1.127355 -0.152193
v -0.009189 1.058599 -0.069794
v 0.055183 1.139788 0.000000
v -0.008942 1.065639 -0.067924
v -0.027779 -1.000000 -0.041573
v 0.020828 1.435313 0.202722
v 0.061316 1.128314 -0.000000
v 0.065093 1.115863 0.000000
v -0.027779 1.000000 -0.041573
v 0.066368 1.102916 0.000000
v -0.032083 1.139733 -0.099716
v 0.065093 1.089968 0.000000
v -0.007351 1.044520 -0.055835
v -0.008270 1.046406 -0.062814
v -0.023884 1.130559 -0.150405
v 0.061316 1.077518 -0.000000
v -0.008942 1.051560 -0.067924
v -0.018220 1.058599 -0.067997
v -0.019134 -1.000000 -0.046194
v -0.017732 1.065639 -0.066175
v -0.019134 1.000000 -0.046194
v 0.010143 1.435330 0.206751
v -0.009755 -1.000000 -0.049039
v -0.026552 1.133544 -0.145163
v -0.009755 1.000000 -0.049039
v -0.000543 1.435377 0.202749
v 0.000001 1.599393 0.000000
v -0.028843 1.136108 -0.136823
v -0.014576 1.044520 -0.054398
v -0.016398 1.046406 -0.061198
v 0.054122 1.139788 0.010766
v -0.008366 1.435443 0.191786
v -0.017732 1.051560 -0.066175
v -0.011230 1.435511 0.176801
v -0.026939 1.058599 -0.065038
v 0.060138 1.128314 0.011962
v -0.026218 1.065639 -0.063295
v 0.063842 1.115863 0.012699
v 0.065092 1.102916 0.012948
v -0.030601 1.138075 -0.125955
v 0.063842 1.089968 0.012699
v 0.060138 1.077518 0.011962
v -0.008368 1.435561 0.161808
v -0.031706 1.139311 -0.113298
v -0.021552 1.044520 -0.052030
v -0.021020 1.080314 -0.152193
v -0.024245 1.046406 -0.058534
v -0.000547 1.435580 0.150825
v -0.026218 1.051560 -0.063295
v 0.010139 1.435564 0.146796
v -0.035198 1.058599 -0.060965
v -0.034255 1.065639 -0.059331
v 0.050982 1.139788 0.021118
v -0.032083 1.067936 -0.099716
v 0.056648 1.128314 0.023465
v 0.060138 1.115863 0.024910
v 0.061316 1.102916 0.025398
v 0.019003 1.422148 0.145861
v 0.060138 1.089968 0.024910
v 0.056648 1.077518 0.023465
v -0.028158 1.044520 -0.048772
v -0.023884 1.077111 -0.150405
v -0.031678 1.046406 -0.054868
v -0.034255 1.051560 -0.059331
v 0.026827 1.422086 0.156825
v -0.026552 1.074125 -0.145163
v -0.042854 1.058599 -0.055849
v 0.029692 1.422023 0.171812
v -0.041706 1.065639 -0.054352
v -0.028843 1.071562 -0.136823
v -0.038569 1.070792 -0.050264
v 0.026830 1.421974 0.186805
v 0.045883 1.139788 0.030658
v 0.050982 1.128314 0.034065
v -0.030601 1.069595 -0.125955
v 0.054122 1.115863 0.036163
v 0.019008 1.421953 0.197787
v 0.055183 1.102916 0.036872
v -0.034284 1.044520 -0.044679
v 0.054122 1.089968 0.036163
v -0.038569 1.046406 -0.050264
v 0.050982 1.077518 0.034065
v -0.041706 1.051560 -0.054352
v -0.031706 1.068358 -0.113298
v -0.049778 1.058599 -0.049778
v -0.048444 1.065639 -0.048444
v 0.008322 1.421966 0.201816
v -0.044800 1.070792 -0.044800
v -0.021020 1.127355 0.152193
v -0.002364 1.422009 0.197811
v -0.032083 1.139733 0.099716
v 0.039020 1.139788 0.039020
v 0.043357 1.128314 0.043357
v -0.010187 1.422070 0.186846
v -0.039822 1.044520 -0.039822
v 0.046027 1.115863 0.046027
v -0.044800 1.046406 -0.044800
v -0.023884 1.130559 0.150405
v -0.048444 1.051560 -0.048444
v 0.046929 1.102916 0.046929
v -0.026552 1.133544 0.145163
v -0.055849 1.058599 -0.042854
v 0.046027 1.089968 0.046027
v -0.054352 1.065639 -0.041706
v 0.043357 1.077518 0.043357
v -0.050264 1.070792 -0.038569
v -0.013052 1.422133 0.171860
v -0.028843 1.136108 0.136823
v -0.010190 1.422182 0.156867
v -0.002369 1.422203 0.145885
v -0.030601 1.138075 0.125955
v 0.030658 1.139788 0.045883
v -0.044679 1.044520 -0.034284
v -0.050264 1.046406 -0.038569
v 0.008317 1.422190 0.141856
v 0.034065 1.128314 0.050982
v -0.054352 1.051560 -0.041706
v 0.036163 1.115863 0.054122
v -0.060965 1.058599 -0.035198
v 0.036872 1.102916 0.055183
v -0.059331 1.065639 -0.034255
v -0.031706 1.139311 0.113298
v -0.054868 1.070792 -0.031678
v 0.036163 1.089968 0.054122
v 0.017386 1.408408 0.141005
v 0.034065 1.077518 0.050982
v -0.032083 1.067936 0.099716
v 0.025211 1.408352 0.151971
v -0.048772 1.044520 -0.028158
v -0.021020 1.080314 0.152193
v -0.054868 1.046406 -0.031678
v 0.028076 1.408292 0.166959
v -0.059331 1.051560 -0.034255
v -0.031706 1.068358 0.113298
v -0.065038 1.058599 -0.026939
v -0.030601 1.069595 0.125955
v 0.025214 1.408244 0.181953
v -0.063295 1.065639 -0.026218
v 0.017392 1.408223 0.192934
v -0.058534 1.070792 -0.024245
v -0.028843 1.071562 0.136823
v 0.006706 1.408232 0.196962
v -0.026552 1.074125 0.145163
v 0.021118 1.139788 0.050982
v -0.003981 1.408270 0.192955
v -0.023884 1.077111 0.150405
v -0.011805 1.408327 0.181989
v -0.052030 1.044520 -0.021552
v -0.014670 1.408387 0.167001
v -0.058534 1.046406 -0.024245
v -0.011808 1.408434 0.152008
v -0.063295 1.051560 -0.026218
v -0.003986 1.408456 0.141026
v -0.067997 1.058599 -0.018220
v -0.066175 1.065639 -0.017732
v -0.061198 1.070792 -0.016398
v 0.006700 1.408447 0.136999
v 0.015960 1.394309 0.136251
v 0.023785 1.394256 0.147219
v 0.026650 1.394200 0.162208
v 0.023789 1.394154 0.177202
v 0.015967 1.394132 0.188184
v 0.005281 1.394138 0.192210
v -0.054398 1.044520 -0.014576
v -0.005406 1.394172 0.188203
v 0.010766 1.139788 0.054122
v -0.061198 1.046406 -0.016398
v -0.066175 1.051560 -0.017732
v -0.013231 1.394225 0.177235
v -0.069794 1.058599 -0.009189
v -0.016097 1.394281 0.162246
v -0.013235 1.394327 0.147252
v -0.067924 1.065639 -0.008942
v -0.062814 1.070792 -0.008270
v -0.005413 1.394349 0.136270
v 0.005273 1.394343 0.132244
v 0.014712 1.379860 0.131622
v 0.022537 1.379812 0.142591
v 0.025403 1.379759 0.157581
v 0.022542 1.379715 0.172576
v 0.014720 1.379692 0.183557
v -0.055835 1.044520 -0.007351
v 0.004033 1.379696 0.187583
v -0.062814 1.046406 -0.008270
v -0.006654 1.379727 0.183574
v -0.067924 1.051560 -0.008942
v -0.014479 1.379775 0.172605
v -0.070396 1.058599 -0.000000
v -0.017345 1.379828 0.157615
v -0.068510 1.065639 -0.000000
v -0.014484 1.379872 0.142620
v -0.063356 1.070792 -0.000000
v -0.000000 1.139788 0.055183
v -0.006662 1.379895 0.131639
v 0.004025 1.379890 0.127613
v 0.013630 1.365076 0.127138
v 0.021455 1.365031 0.138108
v 0.024321 1.364982 0.153100
v 0.021460 1.364940 0.168095
v -0.056317 1.044520 -0.000000
v 0.013638 1.364917 0.179076
v -0.063356 1.046406 -0.000000
v -0.068510 1.051560 -0.000000
v 0.002951 1.364919 0.183101
v -0.069794 1.058599 0.009189
v -0.007736 1.364946 0.179092
v -0.067924 1.065639 0.008942
v -0.015562 1.364990 0.168121
v -0.062814 1.070792 0.008270
v -0.018428 1.365040 0.153130
v -0.015566 1.365082 0.138135
v -0.007745 1.365105 0.127153
v 0.002942 1.365102 0.123128
v 0.012701 1.349969 0.122824
v 0.020526 1.349929 0.133795
v -0.010766 1.139788 0.054122
v -0.055835 1.044520 0.007351
v 0.023392 1.349883 0.148787
v -0.062814 1.046406 0.008270
v 0.020531 1.349843 0.163783
v -0.067924 1.051560 0.008942
v 0.012709 1.349820 0.174765
v -0.067997 1.058599 0.018220
v 0.002023 1.349821 0.178789
v -0.066175 1.065639 0.017732
v -0.061198 1.070792 0.016398
v -0.008665 1.349845 0.174779
v -0.016491 1.349885 0.163807
v -0.019357 1.349932 0.148815
v -0.016496 1.349971 0.133819
v -0.008674 1.349994 0.122838
v 0.002013 1.349993 0.118813
v -0.054398 1.044520 0.014576
v 0.011913 1.334557 0.118702
v 0.019738 1.334520 0.129675
v -0.061198 1.046406 0.016398
v 0.022605 1.334477 0.144668
v -0.066175 1.051560 0.017732
v 0.019744 1.334440 0.159664
v -0.065038 1.058599 0.026939
v -0.021118 1.139788 0.050982
v -0.063295 1.065639 0.026218
v -0.058534 1.070792 0.024245
v 0.011922 1.334418 0.170646
v 0.001235 1.334417 0.174670
v -0.009453 1.334438 0.170659
v -0.017279 1.334475 0.159686
v -0.020145 1.334518 0.144693
v -0.017284 1.334555 0.129697
v -0.009462 1.334577 0.118715
v -0.052030 1.044520 0.021552
v 0.001224 1.334578 0.114691
v -0.058534 1.046406 0.024245
v -0.063295 1.051560 0.026218
v 0.011254 1.318855 0.114799
v -0.060965 1.058599 0.035198
v 0.019080 1.318822 0.125772
v -0.059331 1.065639 0.034255
v 0.021947 1.318782 0.140766
v 0.019086 1.318747 0.155763
v -0.054868 1.070792 0.031678
v 0.011264 1.318726 0.166745
v 0.000577 1.318724 0.170769
v -0.010111 1.318743 0.166757
v -0.017937 1.318776 0.155784
v -0.030658 1.139788 0.045883
v -0.020803 1.318815 0.140790
v -0.048772 1.044520 0.028158
v -0.034065 1.128314 0.050982
v -0.017943 1.318850 0.125792
v -0.054868 1.046406 0.031678
v -0.036163 1.115863 0.054122
v -0.059331 1.051560 0.034255
v -0.010121 1.318871 0.114811
v -0.055849 1.058599 0.042854
v -0.036872 1.102916 0.055183
v -0.054352 1.065639 0.041706
v -0.050264 1.070792 0.038569
v -0.036163 1.089968 0.054122
v 0.000566 1.318873 0.110787
v 0.010714 1.302881 0.111139
v -0.034065 1.077518 0.050982
v 0.018540 1.302851 0.122113
v 0.021407 1.302815 0.137107
v 0.018546 1.302783 0.152105
v -0.044679 1.044520 0.034284
v 0.010724 1.302763 0.163087
v -0.050264 1.046406 0.038569
v 0.000038 1.302760 0.167111
v -0.054352 1.051560 0.041706
v -0.010651 1.302776 0.163098
v -0.049778 1.058599 0.049778
v -0.018477 1.302806 0.152124
v -0.048444 1.065639 0.048444
v -0.021343 1.302842 0.137129
v -0.044800 1.070792 0.044800
v -0.018483 1.302874 0.122132
v -0.010661 1.302894 0.111150
v -0.039020 1.139788 0.039020
v 0.000026 1.302897 0.107126
v -0.043357 1.128314 0.043357
v 0.010485 1.294798 0.109408
v -0.046027 1.115863 0.046027
v -0.039822 1.044520 0.039822
v 0.018311 1.294770 0.120382
v -0.044800 1.046406 0.044800
v -0.046929 1.102916 0.046929
v -0.048444 1.051560 0.048444
v -0.046027 1.089968 0.046027
v -0.042854 1.058599 0.055849
v 0.021178 1.294736 0.135377
v -0.041706 1.065639 0.054352
v -0.043357 1.077518 0.043357
v -0.038569 1.070792 0.050264
v 0.018317 1.294705 0.150375
v 0.010496 1.294686 0.161358
v -0.000191 1.294683 0.165381
v -0.010880 1.294697 0.161368
v -0.018706 1.294725 0.150394
v -0.021572 1.294759 0.135399
v -0.034284 1.044520 0.044679
v -0.018712 1.294790 0.120401
v -0.038569 1.046406 0.050264
v -0.010890 1.294810 0.109419
v -0.041706 1.051560 0.054352
v -0.000203 1.294813 0.105395
v -0.035198 1.058599 0.060965
v -0.034255 1.065639 0.059331
v 0.010282 1.286655 0.107748
v 0.018108 1.286629 0.118723
v 0.020974 1.286596 0.133718
v -0.045883 1.139788 0.030658
v 0.018114 1.286567 0.148717
v -0.050982 1.128314 0.034065
v 0.010292 1.286548 0.159699
v -0.054122 1.115863 0.036163
v -0.055183 1.102916 0.036872
v -0.028158 1.044520 0.048772
v -0.031678 1.046406 0.054868
v -0.000395 1.286545 0.163723
v -0.011083 1.286558 0.159709
v -0.034255 1.051560 0.059331
v -0.054122 1.089968 0.036163
v -0.026939 1.058599 0.065038
v -0.026218 1.065639 0.063295
v -0.018909 1.286584 0.148735
v -0.050982 1.077518 0.034065
v -0.021776 1.286617 0.133739
v -0.018915 1.286646 0.118741
v -0.011094 1.286665 0.107758
v -0.000407 1.286668 0.103735
v 0.009945 1.270197 0.104655
v 0.017772 1.270174 0.115630
v -0.021552 1.044520 0.052030
v 0.020638 1.270145 0.130626
v -0.024245 1.046406 0.058534
v 0.017778 1.270119 0.145625
v -0.026218 1.051560 0.063295
v 0.009956 1.270101 0.156608
v -0.018220 1.058599 0.067997
v -0.000731 1.270098 0.160631
v -0.017732 1.065639 0.066175
v -0.050982 1.139788 0.021118
v -0.011419 1.270109 0.156618
v -0.056648 1.128314 0.023465
v -0.019245 1.270132 0.145642
v -0.060138 1.115863 0.024910
v -0.022112 1.270161 0.130646
v -0.061316 1.102916 0.025398
v -0.019252 1.270187 0.115647
v -0.014576 1.044520 0.054398
v -0.060138 1.089968 0.024910
v -0.016398 1.046406 0.061198
v -0.017732 1.051560 0.066175
v -0.011430 1.270205 0.104665
v -0.056648 1.077518 0.023465
v -0.009189 1.058599 0.069794
v -0.008942 1.065639 0.067924
v -0.000743 1.270208 0.100641
v 0.009695 1.253529 0.101886
v 0.017522 1.253509 0.112862
v 0.020388 1.253484 0.127859
v 0.017528 1.253461 0.142858
v 0.009706 1.253445 0.153841
v -0.000981 1.253442 0.157865
v -0.007351 1.044520 0.055835
v -0.011669 1.253451 0.153851
v -0.008270 1.046406 0.062814
v -0.019495 1.253470 0.142875
v -0.008942 1.051560 0.067924
v -0.022362 1.253495 0.127878
v -0.054122 1.139788 0.010766
v 0.000000 1.058599 0.070396
v 0.000000 1.065639 0.068510
v -0.019502 1.253519 0.112879
v -0.060138 1.128314 0.011962
v -0.011680 1.253534 0.101896
v -0.063842 1.115863 0.012699
v -0.000993 1.253538 0.097872
v -0.065092 1.102916 0.012948
v 0.009521 1.236673 0.099472
v -0.063842 1.089968 0.012699
v 0.017347 1.236657 0.110448
v 0.000000 1.044520 0.056317
v -0.060138 1.077518 0.011962
v 0.000000 1.046406 0.063356
v 0.020214 1.236636 0.125446
v 0.000000 1.051560 0.068510
v 0.009189 1.058599 0.069794
v 0.017354 1.236616 0.140446
v 0.008942 1.065639 0.067924
v 0.009532 1.236603 0.151429
v -0.001155 1.236599 0.155452
v -0.011843 1.236606 0.151438
v -0.019670 1.236622 0.140462
v -0.022537 1.236643 0.125464
v -0.019676 1.236663 0.110465
v -0.011854 1.236677 0.099481
v -0.001167 1.236681 0.095458
v 0.007351 1.044520 0.055835
v -0.055183 1.139788 -0.000000
v 0.008270 1.046406 0.062814
v 0.009413 1.219655 0.097442
v 0.008942 1.051560 0.067924
v -0.061316 1.128314 -0.000000
v 0.018220 1.058599 0.067997
v 0.017239 1.219642 0.108419
v 0.017732 1.065639 0.066175
v -0.065092 1.115863 -0.000000
v 0.020106 1.219625 0.123416
v -0.066368 1.102916 -0.000000
v 0.017246 1.219609 0.138417
v -0.065092 1.089968 -0.000000
v 0.009424 1.219598 0.149400
v -0.061316 1.077518 -0.000000
v 0.014576 1.044520 0.054398
v -0.001263 1.219594 0.153424
v 0.016398 1.046406 0.061198
v -0.011951 1.219600 0.149409
v 0.017732 1.051560 0.066175
v -0.019778 1.219613 0.138433
v 0.026939 1.058599 0.065037
v -0.022645 1.219629 0.123435
v 0.026218 1.065639 0.063295
v -0.019784 1.219646 0.108434
v -0.011962 1.219657 0.097451
v -0.001276 1.219661 0.093427
v 0.009361 1.202500 0.095826
v 0.017188 1.202490 0.106803
v 0.020055 1.202478 0.121801
v -0.054122 1.139788 -0.010766
v 0.017194 1.202465 0.136802
v 0.021552 1.044520 0.052030
v -0.060138 1.128314 -0.011962
v 0.024245 1.046406 0.058534
v 0.009372 1.202456 0.147786
v 0.026218 1.051560 0.063295
v -0.063842 1.115863 -0.012699
v 0.035198 1.058599 0.060965
v 0.034255 1.065639 0.059331
v -0.001314 1.202453 0.151809
v -0.065092 1.102916 -0.012948
v -0.012003 1.202457 0.147795
v -0.063842 1.089968 -0.012699
v -0.019829 1.202466 0.136818
v -0.060138 1.077518 -0.011962
v -0.022696 1.202479 0.121819
v 0.028158 1.044520 0.048772
v -0.019836 1.202492 0.106819
v -0.012014 1.202501 0.095835
v 0.031678 1.046406 0.054868
v 0.034255 1.051560 0.059331
v -0.001327 1.202504 0.091811
v 0.042854 1.058599 0.055849
v 0.009357 1.185234 0.094656
v 0.041706 1.065639 0.054353
v 0.017183 1.185228 0.105633
v 0.020050 1.185220 0.120632
v 0.038569 1.070792 0.050264
v 0.017190 1.185211 0.135633
v 0.009368 1.185205 0.146617
v -0.001319 1.185203 0.150640
v -0.050982 1.139788 -0.021118
v -0.012007 1.185205 0.146626
v -0.056648 1.128314 -0.023465
v -0.019834 1.185211 0.135648
v 0.034284 1.044520 0.044679
v -0.060138 1.115863 -0.024910
v 0.038569 1.046406 0.050264
v -0.061316 1.102916 -0.025398
v 0.041706 1.051560 0.054353
v -0.022701 1.185219 0.120650
v 0.049778 1.058599 0.049778
v -0.019840 1.185227 0.105649
v 0.048444 1.065639 0.048444
v -0.060138 1.089968 -0.024910
v 0.044800 1.070792 0.044800
v -0.012018 1.185234 0.094665
v -0.056648 1.077518 -0.023465
v -0.001332 1.185236 0.090641
v 0.009391 1.167886 0.093965
v 0.017217 1.167884 0.104942
v 0.039822 1.044520 0.039822
v 0.020084 1.167880 0.119941
v 0.017224 1.167876 0.134942
v 0.044800 1.046406 0.044800
v 0.009402 1.167872 0.145926
v 0.048444 1.051560 0.048444
v -0.001285 1.167871 0.149950
v 0.055849 1.058599 0.042854
v -0.011973 1.167871 0.145935
v 0.054353 1.065639 0.041706
v -0.019800 1.167874 0.134957
v 0.050264 1.070792 0.038569
v -0.045883 1.139788 -0.030658
v -0.022667 1.167877 0.119959
v -0.050982 1.128314 -0.034065
v -0.019806 1.167881 0.104957
v -0.011984 1.167885 0.093973
v -0.054122 1.115863 -0.036163
v 0.044679 1.044520 0.034284
v -0.001298 1.167886 0.089950
v -0.055183 1.102916 -0.036872
v 0.050264 1.046406 0.038569
v 0.009455 1.150485 0.093785
v 0.054353 1.051560 0.041706
v -0.054122 1.089968 -0.036163
v 0.060965 1.058599 0.035198
v 0.017281 1.150486 0.104762
v 0.059331 1.065639 0.034255
v -0.050982 1.077518 -0.034065
v 0.054868 1.070792 0.031678
v 0.020148 1.150487 0.119761
v 0.017287 1.150488 0.134762
v 0.009466 1.150488 0.145746
v -0.001221 1.150487 0.149770
v -0.011910 1.150486 0.145755
v 0.048772 1.044520 0.028158
v -0.019736 1.150484 0.134777
v -0.022603 1.150483 0.119779
v 0.054868 1.046406 0.031678
v -0.019742 1.150483 0.104777
v 0.059331 1.051560 0.034255
v -0.011921 1.150483 0.093793
v 0.065037 1.058599 0.026939
v 0.063295 1.065639 0.026218
v -0.039020 1.139788 -0.039020
v -0.001234 1.150484 0.089770
v 0.058534 1.070792 0.024245
v -0.043357 1.128314 -0.043357
v 0.009550 1.133082 0.146111
v -0.001136 1.133082 0.150135
v -0.046027 1.115863 -0.046027
v -0.011825 1.133079 0.146120
v -0.046929 1.102916 -0.046929
v 0.052030 1.044520 0.021552
v -0.046027 1.089968 -0.046027
v 0.058534 1.046406 0.024245
v 0.015675 1.543389 -0.231941
v 0.021713 1.461100 -0.163424
v 0.063295 1.051560 0.026218
v 0.067997 1.058599 0.018220
v -0.043357 1.077518 -0.043357
v 0.066175 1.065639 0.017732
v 0.028757 1.461030 -0.173293
v 0.061198 1.070792 0.016398
v 0.031335 1.460963 -0.186786
v 0.028757 1.460916 -0.200288
v 0.021713 1.460902 -0.210180
v 0.012092 1.460925 -0.213813
v 0.002470 1.460978 -0.210212
v -0.004574 1.461047 -0.200342
v -0.007152 1.461114 -0.186849
v 0.054398 1.044520 0.014576
v -0.004574 1.461161 -0.173347
v 0.061198 1.046406 0.016398
v 0.002469 1.461175 -0.163455
v 0.066175 1.051560 0.017732
v -0.030658 1.139788 -0.045883
v 0.069794 1.058599 0.009189
v 0.012091 1.461153 -0.159823
v 0.067924 1.065639 0.008942
v -0.034065 1.128314 -0.050982
v 0.062814 1.070792 0.008270
v -0.036163 1.115863 -0.054122
v 0.022200 1.449568 -0.155632
v -0.036872 1.102916 -0.055183
v 0.029664 1.448990 -0.165945
v -0.036163 1.089968 -0.054122
v 0.032444 1.448264 -0.180112
v -0.034065 1.077518 -0.050982
v 0.055835 1.044520 0.007351
v 0.029793 1.447584 -0.194337
v 0.062814 1.046406 0.008270
v 0.067924 1.051560 0.008942
v 0.022423 1.447132 -0.204809
v 0.012308 1.447030 -0.208721
v 0.002158 1.447305 -0.205026
v -0.005306 1.447882 -0.194713
v -0.008085 1.448609 -0.180545
v -0.005435 1.449288 -0.166320
v 0.001935 1.449740 -0.155848
v 0.012050 1.449842 -0.151936
v 0.020824 1.435516 -0.150798
v 0.028647 1.435450 -0.161761
v -0.021118 1.139788 -0.050982
v 0.031511 1.435383 -0.176747
v 0.028649 1.435333 -0.191739
v 0.020828 1.435313 -0.202722
v 0.010143 1.435330 -0.206751
v -0.000543 1.435377 -0.202749
v -0.008366 1.435443 -0.191786
v -0.011230 1.435511 -0.176801
v -0.008368 1.435561 -0.161808
v -0.000547 1.435580 -0.150825
v 0.010139 1.435564 -0.146796
v 0.019003 1.422148 -0.145861
v 0.026827 1.422086 -0.156825
v 0.029692 1.422023 -0.171812
v 0.026830 1.421974 -0.186805
v 0.019008 1.421953 -0.197787
v -0.010766 1.139788 -0.054122
v 0.008322 1.421966 -0.201815
v -0.002364 1.422009 -0.197811
v -0.010187 1.422070 -0.186846
v -0.013052 1.422133 -0.171860
v -0.010190 1.422182 -0.156867
v -0.002369 1.422203 -0.145885
v 0.008317 1.422190 -0.141856
v 0.017386 1.408408 -0.141005
v 0.025211 1.408352 -0.151971
v 0.028076 1.408292 -0.166959
v 0.025214 1.408244 -0.181953
v 0.017392 1.408223 -0.192934
v 0.006706 1.408232 -0.196962
v -0.003981 1.408270 -0.192955
v -0.011805 1.408327 -0.181989
v -0.014670 1.408387 -0.167001
v -0.011808 1.408434 -0.152008
v -0.003986 1.408456 -0.141026
v 0.006700 1.408447 -0.136999
v 0.015960 1.394309 -0.136251
v 0.023785 1.394256 -0.147219
v 0.026650 1.394200 -0.162208
v 0.023789 1.394154 -0.177202
v 0.015967 1.394132 -0.188184
v 0.005281 1.394138 -0.192210
v -0.005406 1.394172 -0.188203
v -0.013231 1.394225 -0.177235
v -0.016097 1.394281 -0.162246
v -0.013235 1.394327 -0.147252
v -0.005413 1.394349 -0.136270
v 0.005273 1.394343 -0.132244
v 0.014712 1.379860 -0.131622
v 0.022537 1.379812 -0.142591
v 0.025403 1.379759 -0.157581
v 0.022542 1.379715 -0.172576
v 0.014720 1.379692 -0.183557
v 0.004033 1.379696 -0.187583
v -0.006654 1.379727 -0.183574
v -0.014479 1.379775 -0.172605
v -0.017345 1.379828 -0.157615
v -0.014484 1.379872 -0.142620
v -0.006662 1.379895 -0.131639
v 0.004025 1.379890 -0.127613
v 0.013630 1.365076 -0.127138
v 0.021455 1.365031 -0.138108
v 0.024321 1.364982 -0.153100
v 0.021460 1.364940 -0.168095
v 0.013638 1.364917 -0.179076
v 0.002951 1.364919 -0.183101
v -0.007736 1.364946 -0.179092
v -0.015562 1.364990 -0.168121
v -0.018428 1.365040 -0.153130
v -0.015566 1.365082 -0.138135
v -0.007745 1.365105 -0.127153
v 0.002942 1.365102 -0.123128
v 0.012701 1.349969 -0.122824
v 0.020526 1.349929 -0.133795
v 0.023392 1.349883 -0.148787
v 0.020531 1.349843 -0.163783
v 0.012709 1.349820 -0.174765
v 0.002023 1.349821 -0.178789
v -0.008665 1.349845 -0.174779
v -0.016491 1.349885 -0.163807
v -0.019357 1.349932 -0.148815
v -0.016496 1.349971 -0.133819
v -0.008674 1.349994 -0.122838
v 0.002013 1.349993 -0.118813
v 0.011913 1.334557 -0.118702
v 0.019738 1.334520 -0.129675
v 0.022605 1.334477 -0.144668
v 0.019744 1.334440 -0.159664
v 0.011922 1.334418 -0.170646
v 0.001235 1.334417 -0.174670
v -0.009453 1.334438 -0.170659
v -0.017279 1.334475 -0.159686
v -0.020145 1.334518 -0.144693
v -0.017284 1.334555 -0.129697
v -0.009462 1.334577 -0.118715
v 0.001224 1.334578 -0.114691
v 0.011254 1.318855 -0.114799
v 0.019080 1.318822 -0.125772
v 0.021947 1.318782 -0.140766
v 0.019086 1.318747 -0.155763
v 0.011264 1.318726 -0.166745
v 0.000577 1.318724 -0.170769
v -0.010111 1.318743 -0.166757
v -0.017937 1.318776 -0.155784
v -0.020803 1.318815 -0.140790
v -0.017943 1.318850 -0.125792
v -0.010121 1.318871 -0.114811
v 0.000566 1.318873 -0.110787
v 0.010714 1.302881 -0.111139
v 0.018540 1.302851 -0.122113
v 0.021407 1.302815 -0.137107
v 0.018546 1.302783 -0.152105
v 0.010724 1.302763 -0.163087
v 0.000038 1.302760 -0.167111
v -0.010651 1.302776 -0.163098
v -0.018477 1.302806 -0.152124
v -0.021343 1.302842 -0.137129
v -0.018483 1.302874 -0.122132
v -0.010661 1.302894 -0.111150
v 0.000026 1.302897 -0.107126
v 0.010485 1.294798 -0.109408
v 0.018311 1.294770 -0.120382
v 0.021178 1.294736 -0.135377
v 0.018317 1.294705 -0.150375
v 0.010496 1.294686 -0.161358
v -0.000191 1.294683 -0.165381
v -0.010880 1.294697 -0.161368
v -0.018706 1.294725 -0.150394
v -0.021572 1.294759 -0.135399
v -0.018712 1.294790 -0.120401
v -0.010890 1.294810 -0.109419
v -0.000203 1.294813 -0.105395
v 0.010282 1.286655 -0.107748
v 0.018108 1.286629 -0.118723
v 0.020974 1.286596 -0.133718
v 0.018114 1.286567 -0.148717
v 0.010292 1.286548 -0.159699
v -0.000395 1.286545 -0.163723
v -0.011083 1.286558 -0.159709
v -0.018909 1.286584 -0.148735
v -0.021776 1.286617 -0.133739
v -0.018915 1.286646 -0.118741
v -0.011094 1.286665 -0.107758
v -0.000407 1.286668 -0.103735
v 0.009945 1.270197 -0.104655
v 0.017772 1.270174 -0.115630
v 0.020638 1.270145 -0.130626
v 0.017778 1.270119 -0.145625
v 0.009956 1.270101 -0.156608
v -0.000731 1.270098 -0.160631
v -0.011419 1.270109 -0.156618
v -0.019245 1.270132 -0.145642
v -0.022112 1.270161 -0.130646
v -0.019252 1.270187 -0.115647
v -0.011430 1.270205 -0.104665
v -0.000743 1.270208 -0.100641
v 0.009695 1.253529 -0.101886
v 0.017522 1.253509 -0.112862
v 0.020388 1.253484 -0.127859
v 0.017528 1.253461 -0.142858
v 0.009706 1.253445 -0.153841
v -0.000981 1.253442 -0.157865
v -0.011669 1.253451 -0.153851
v -0.019495 1.253470 -0.142875
v -0.022362 1.253495 -0.127878
v -0.019502 1.253519 -0.112879
v -0.011680 1.253534 -0.101896
v -0.000993 1.253538 -0.097872
v 0.009521 1.236673 -0.099472
v 0.017347 1.236657 -0.110448
v 0.020214 1.236636 -0.125446
v 0.017354 1.236616 -0.140446
v 0.009532 1.236603 -0.151429
v -0.001155 1.236599 -0.155452
v -0.011843 1.236606 -0.151438
v -0.019670 1.236622 -0.140462
v -0.022537 1.236643 -0.125464
v -0.019676 1.236663 -0.110465
v -0.011854 1.236677 -0.099481
v -0.001167 1.236681 -0.095458
v 0.009413 1.219655 -0.097442
v 0.017239 1.219642 -0.108419
v 0.020106 1.219625 -0.123416
v 0.017246 1.219609 -0.138417
v 0.009424 1.219598 -0.149400
v -0.001263 1.219594 -0.153424
v -0.011951 1.219600 -0.149409
v -0.019778 1.219613 -0.138433
v -0.022645 1.219629 -0.123435
v -0.019784 1.219646 -0.108434
v -0.011962 1.219657 -0.097451
v -0.001276 1.219661 -0.093427
v 0.009361 1.202500 -0.095826
v 0.017188 1.202490 -0.106803
v 0.020055 1.202478 -0.121801
v 0.017194 1.202465 -0.136802
v 0.009372 1.202456 -0.147786
v -0.001314 1.202453 -0.151809
v -0.012003 1.202457 -0.147795
v -0.019829 1.202466 -0.136818
v -0.022696 1.202479 -0.121819
v -0.019836 1.202492 -0.106819
v -0.012014 1.202501 -0.095835
v -0.001327 1.202504 -0.091811
v 0.009357 1.185234 -0.094656
v 0.017183 1.185228 -0.105633
v 0.020050 1.185220 -0.120632
v 0.017190 1.185211 -0.135633
v 0.009368 1.185205 -0.146617
v -0.001319 1.185203 -0.150640
v -0.012007 1.185205 -0.146626
v -0.019834 1.185211 -0.135648
v -0.022701 1.185219 -0.120650
v -0.019840 1.185227 -0.105649
v -0.012018 1.185234 -0.094665
v -0.001332 1.185236 -0.090641
v 0.009391 1.167886 -0.093965
v 0.017217 1.167884 -0.104942
v 0.020084 1.167880 -0.119941
v 0.017224 1.167876 -0.134942
v 0.009402 1.167872 -0.145926
v -0.001285 1.167871 -0.149950
v -0.011973 1.167871 -0.145935
v -0.019800 1.167874 -0.134957
v -0.022667 1.167877 -0.119959
v -0.019806 1.167881 -0.104957
v -0.011984 1.167885 -0.093973
v -0.001298 1.167886 -0.089950
v 0.009455 1.150485 -0.093785
v 0.017281 1.150486 -0.104762
v 0.020148 1.150487 -0.119761
v 0.017287 1.150488 -0.134762
v 0.009466 1.150488 -0.145746
v -0.001221 1.150487 -0.149770
v -0.011910 1.150486 -0.145755
v -0.019736 1.150484 -0.134777
v -0.022603 1.150483 -0.119779
v -0.019742 1.150483 -0.104777
v -0.011921 1.150483 -0.093793
v -0.001234 1.150484 -0.089770
v 0.009550 1.133082 -0.146111
v -0.001136 1.133082 -0.150135
v -0.011825 1.133079 -0.146120
v 0.013575 1.139733 0.099716
v 0.017334 1.139569 0.104991
v 0.009507 1.139733 0.094010
v 0.018922 1.139311 0.113298
v 0.020205 1.138656 0.120009
v 0.019077 1.138075 0.125955
v 0.017356 1.136427 0.135057
v 0.010217 1.133544 0.145163
v 0.009647 1.133082 0.145975
v 0.016104 1.136108 0.136823
v -0.018423 1.136108 0.136823
v -0.019668 1.136425 0.135072
v -0.011925 1.133079 0.145979
v -0.012503 1.133544 0.145163
v -0.022545 1.138654 0.120027
v -0.021412 1.138075 0.125955
v -0.019689 1.139569 0.105006
v -0.021268 1.139311 0.113298
v -0.015925 1.139733 0.099716
v -0.011868 1.139733 0.094019
v -0.001182 1.139733 0.089995
v 0.009507 1.139733 -0.094010
v 0.013575 1.139733 -0.099716
v 0.017334 1.139569 -0.104991
v 0.020205 1.138656 -0.120009
v 0.018922 1.139311 -0.113298
v 0.019077 1.138075 -0.125955
v 0.017356 1.136427 -0.135057
v 0.016104 1.136108 -0.136823
v 0.009647 1.133082 -0.145975
v 0.010217 1.133544 -0.145163
v -0.018423 1.136108 -0.136823
v -0.019668 1.136425 -0.135072
v -0.011925 1.133079 -0.145979
v -0.012503 1.133544 -0.145163
v -0.022545 1.138654 -0.120027
v -0.021412 1.138075 -0.125955
v -0.019689 1.139569 -0.105006
v -0.021268 1.139311 -0.113298
v -0.011868 1.139733 -0.094019
v -0.015925 1.139733 -0.099716
v -0.001182 1.139733 -0.089995
v 0.048514 1.146755 -0.009650
v 0.048514 1.146755 -0.009650
v 0.045700 1.146755 -0.018929
v 0.009650 1.146755 0.048514
v 0.009650 1.146755 0.048514
v 0.000000 1.146755 0.049464
v -0.049464 1.146756 -0.000000
v -0.049464 1.146756 0.000000
v -0.048514 1.146756 -0.009650
v -0.048514 1.146756 -0.009650
v 0.027481 1.146755 -0.041128
v 0.027481 1.146755 -0.041128
v 0.018930 1.146755 -0.045699
v 0.034977 1.146755 0.034977
v 0.041128 1.146755 0.027481
v 0.041129 1.146755 0.027481
v -0.034976 1.146756 0.034977
v -0.034976 1.146756 0.034976
v -0.041128 1.146756 0.027481
v -0.027481 1.146756 -0.041128
v -0.018929 1.146756 -0.045699
v -0.018929 1.146756 -0.045699
v 0.049465 1.146755 0.000000
v -0.009650 1.146756 0.048514
v -0.000000 1.146756 0.049464
v -0.045699 1.146756 -0.018929
v -0.045699 1.146756 -0.018929
v 0.034977 1.146755 -0.034977
v 0.034977 1.146755 -0.034977
v 0.034977 1.146755 0.034977
v 0.027481 1.146755 0.041128
v -0.041128 1.146756 0.027481
v -0.045699 1.146756 0.018929
v -0.009650 1.146756 -0.048514
v -0.009650 1.146756 -0.048514
v 0.048514 1.146755 0.009650
v 0.049465 1.146755 0.000000
v -0.018929 1.146756 0.045699
v -0.009650 1.146756 0.048514
v -0.041128 1.146756 -0.027481
v -0.041128 1.146756 -0.027481
v 0.041129 1.146755 -0.027481
v 0.041128 1.146755 -0.027481
v 0.027481 1.146755 0.041128
v 0.018930 1.146755 0.045699
v 0.009650 1.146756 -0.048514
v 0.009650 1.146755 -0.048514
v 0.000000 1.146756 -0.049464
v -0.045699 1.146756 0.018929
v -0.048514 1.146756 0.009650
v 0.000000 1.146756 -0.049464
v 0.045700 1.146755 0.018929
v 0.048514 1.146755 0.009650
v -0.027481 1.146756 0.041128
v -0.018929 1.146756 0.045699
v -0.034976 1.146756 -0.034976
v -0.034976 1.146756 -0.034977
v 0.045699 1.146755 -0.018929
v 0.018929 1.146755 0.045699
v -0.048514 1.146756 0.009650
v 0.018929 1.146755 -0.045699
v 0.045699 1.146755 0.018929
v -0.027481 1.146756 0.041128
v -0.027481 1.146756 -0.041128
v -0.032083 1.134989 -0.048015
v -0.032083 1.139733 -0.044751
v -0.032083 1.128314 -0.052042
v -0.032083 1.077518 -0.052042
v -0.032083 1.102916 -0.057742
v -0.032083 1.089968 -0.056304
v -0.032083 1.115863 -0.056304
v -0.032083 1.134989 0.048015
v -0.032083 1.128314 0.052042
v -0.032083 1.139733 0.044751
v -0.032083 1.102916 0.057743
v -0.032083 1.089968 0.056304
v -0.032083 1.115863 0.056304
v -0.032083 1.077518 0.052042
v 0.032083 1.128314 -0.052042
v 0.032083 1.134989 -0.048015
v 0.032083 1.139733 -0.044751
v 0.032083 1.077518 -0.052042
v 0.032083 1.102916 -0.057743
v 0.032083 1.089968 -0.056304
v 0.032083 1.115863 -0.056304
v 0.032083 1.128314 0.052042
v 0.032083 1.139733 0.044751
v 0.032083 1.134989 0.048015
v 0.032083 1.102916 0.057743
v 0.032083 1.089968 0.056304
v 0.032083 1.115863 0.056304
v 0.032083 1.077518 0.052042
v -0.030674 1.139733 -0.045907
v -0.021129 1.139733 -0.051009
v 0.030674 1.139733 -0.045907
v 0.021129 1.139733 -0.051009
v -0.010771 1.139733 -0.054151
v 0.000000 1.139733 -0.055212
v 0.010771 1.139733 -0.054151
v -0.030674 1.139733 0.045907
v -0.021129 1.139733 0.051009
v -0.010771 1.139733 0.054151
v -0.000000 1.139733 0.055212
v 0.030674 1.139733 0.045907
v 0.010771 1.139733 0.054151
v 0.021129 1.139733 0.051009
v -0.027778 1.046184 -0.041573
v -0.027778 1.046184 -0.041573
v -0.035355 1.046213 -0.035355
v -0.030308 1.046270 -0.039498
v -0.035355 1.046213 0.035355
v -0.030308 1.046270 0.039498
v -0.027778 1.046184 0.041573
v 0.043116 1.046270 0.024893
v 0.041574 1.046184 0.027779
v 0.046194 1.046213 0.019134
v 0.046194 1.046213 0.019134
v 0.019134 1.046213 -0.046194
v 0.019134 1.046213 -0.046194
v 0.009755 1.046184 -0.049039
v 0.012886 1.046270 -0.048090
v -0.050000 1.046213 0.000000
v -0.049039 1.046184 0.009755
v -0.049360 1.046270 0.006498
v 0.012886 1.046270 0.048090
v 0.009755 1.046184 0.049039
v 0.019134 1.046213 0.046194
v 0.019134 1.046213 0.046194
v 0.043116 1.046270 -0.024893
v 0.041574 1.046184 -0.027779
v 0.046194 1.046213 -0.019134
v 0.046194 1.046213 -0.019134
v 0.046194 1.046213 -0.019134
v -0.035355 1.046213 -0.035355
v -0.039498 1.046270 -0.030308
v -0.041573 1.046184 -0.027779
v -0.024893 1.046270 0.043116
v -0.019134 1.046213 0.046194
v -0.019134 1.046213 0.046194
v 0.048397 1.046242 0.011872
v 0.048090 1.046270 0.012886
v 0.048397 1.046242 0.011872
v 0.049039 1.046184 0.009755
v 0.000000 1.046213 -0.050000
v 0.000000 1.046213 -0.050000
v -0.009754 1.046184 -0.049039
v -0.006498 1.046270 -0.049360
v -0.046194 1.046213 0.019134
v -0.046194 1.046213 0.019134
v -0.046194 1.046213 0.019134
v -0.048089 1.046270 0.012886
v 0.006498 1.046270 -0.049360
v 0.025827 1.046242 0.042617
v 0.024893 1.046270 0.043116
v 0.025827 1.046242 0.042617
v 0.027779 1.046184 0.041573
v 0.039498 1.046270 -0.030308
v 0.035355 1.046213 -0.035355
v -0.042617 1.046242 -0.025827
v -0.043116 1.046270 -0.024893
v -0.042617 1.046242 -0.025827
v -0.046194 1.046213 -0.019134
v -0.012886 1.046270 0.048089
v -0.009754 1.046184 0.049039
v 0.049783 1.046232 0.002204
v 0.049360 1.046270 0.006498
v 0.049783 1.046232 0.002204
v 0.050000 1.046213 0.000000
v -0.019134 1.046213 -0.046194
v -0.012886 1.046270 -0.048089
v -0.041573 1.046184 0.027779
v -0.043116 1.046270 0.024893
v 0.033643 1.046232 0.036760
v 0.030308 1.046270 0.039498
v 0.033643 1.046232 0.036760
v 0.035355 1.046213 0.035355
v 0.035355 1.046213 0.035355
v 0.027779 1.046184 -0.041573
v 0.030308 1.046270 -0.039498
v 0.035355 1.046213 -0.035355
v -0.046194 1.046213 -0.019134
v -0.048089 1.046270 -0.012886
v -0.049039 1.046184 -0.009755
v -0.006498 1.046270 0.049360
v 0.000000 1.046213 0.050000
v 0.000000 1.046213 0.050000
v 0.049360 1.046270 -0.006498
v 0.049039 1.046184 -0.009755
v -0.024893 1.046270 -0.043116
v -0.019134 1.046213 -0.046194
v -0.035355 1.046213 0.035355
v -0.039498 1.046270 0.030308
v 0.040170 1.046242 0.029489
v 0.039498 1.046270 0.030308
v 0.040170 1.046242 0.029489
v 0.024893 1.046270 -0.043116
v -0.050000 1.046213 -0.000000
v -0.049039 1.046184 -0.009754
v -0.050000 1.046213 -0.000000
v -0.049360 1.046270 -0.006498
v 0.006498 1.046270 0.049360
v 0.048090 1.046270 -0.012886
v 0.049039 1.046184 -0.009755
v -0.032083 1.069983 -0.055569
v -0.032083 1.067936 -0.057846
v -0.032083 1.070792 -0.054598
v -0.032083 1.072093 -0.048770
v -0.032083 1.067936 0.057846
v -0.032083 1.069983 0.055569
v -0.032083 1.072093 0.048770
v -0.032083 1.070792 0.054598
v 0.008642 1.067936 -0.065646
v 0.025338 1.067936 -0.061172
v 0.032083 1.067936 -0.057846
v 0.017137 1.067936 -0.063956
v -0.025338 1.067936 -0.061172
v -0.017137 1.067936 -0.063956
v -0.008642 1.067936 -0.065646
v 0.000000 1.067936 -0.066212
v 0.032083 1.067936 0.057846
v -0.025338 1.067936 0.061172
v -0.008642 1.067936 0.065646
v -0.017137 1.067936 0.063956
v 0.025338 1.067936 0.061172
v 0.017137 1.067936 0.063956
v 0.008642 1.067936 0.065646
v 0.000000 1.067936 0.066212
v 0.032083 1.069983 -0.055569
v 0.032083 1.072093 -0.048770
v 0.032083 1.070792 -0.054598
v 0.032083 1.069983 0.055569
v 0.032083 1.070792 0.054598
v 0.032083 1.072093 0.048770
v 0.032451 1.072084 -0.048567
v 0.041314 1.072113 -0.041314
v 0.041314 1.072113 -0.041314
v 0.035435 1.072172 -0.046179
v 0.048567 1.072084 -0.032451
v 0.046179 1.072172 -0.035435
v 0.050410 1.072172 -0.029104
v 0.053979 1.072113 -0.022359
v 0.053979 1.072113 -0.022359
v 0.056225 1.072172 -0.015065
v 0.057289 1.072084 -0.011395
v 0.057710 1.072172 -0.007598
v 0.058427 1.072113 0.000000
v 0.058427 1.072113 0.000000
v 0.057710 1.072172 0.007598
v 0.057289 1.072084 0.011395
v 0.056225 1.072172 0.015065
v 0.053979 1.072113 0.022359
v 0.053979 1.072113 0.022359
v 0.048567 1.072084 0.032451
v 0.050410 1.072172 0.029104
v 0.046179 1.072172 0.035435
v 0.041314 1.072113 0.041314
v 0.041314 1.072113 0.041314
v 0.032451 1.072084 0.048567
v 0.035435 1.072172 0.046179
v -0.032451 1.072084 0.048567
v -0.041314 1.072113 0.041314
v -0.035435 1.072172 0.046179
v -0.041314 1.072113 0.041314
v -0.046179 1.072172 0.035435
v -0.048567 1.072084 0.032451
v -0.050410 1.072172 0.029104
v -0.053979 1.072113 0.022359
v -0.053979 1.072113 0.022359
v -0.057289 1.072084 0.011395
v -0.056224 1.072172 0.015065
v -0.057710 1.072172 0.007598
v -0.058427 1.072113 -0.000000
v -0.058427 1.072113 -0.000000
v -0.057289 1.072084 -0.011395
v -0.057710 1.072172 -0.007598
v -0.056224 1.072172 -0.015065
v -0.053979 1.072113 -0.022359
v -0.053979 1.072113 -0.022359
v -0.048567 1.072084 -0.032451
v -0.050409 1.072172 -0.029104
v -0.046179 1.072172 -0.035435
v -0.041314 1.072113 -0.041314
v -0.041314 1.072113 -0.041314
v -0.032451 1.072084 -0.048567
v -0.035435 1.072172 -0.046179
vn 0.0980 -0.0000 -0.9952
vn 0.2903 -0.0000 -0.9569
vn 0.4714 -0.0000 -0.8819
vn 0.6344 -0.0000 -0.7730
vn 0.7730 -0.0000 -0.6344
vn 0.8819 -0.0000 -0.4714
vn 0.9569 -0.0000 -0.2903
vn 0.9952 -0.0000 -0.0980
vn 0.9952 -0.0000 0.0980
vn 0.9569 -0.0000 0.2903
vn 0.8819 -0.0000 0.4714
vn 0.7730 -0.0000 0.6344
vn 0.6344 -0.0000 0.7730
vn 0.4714 -0.0000 0.8819
vn 0.2903 -0.0000 0.9569
vn 0.0980 -0.0000 0.9952
vn -0.0980 -0.0000 0.9952
vn -0.2903 -0.0000 0.9569
vn -0.4714 -0.0000 0.8819
vn -0.6344 -0.0000 0.7730
vn -0.7730 -0.0000 0.6344
vn -0.8819 -0.0000 0.4714
vn -0.9569 -0.0000 0.2903
vn -0.9952 -0.0000 0.0980
vn -0.9952 -0.0000 -0.0980
vn -0.9569 -0.0000 -0.2903
vn -0.8819 -0.0000 -0.4714
vn -0.7730 -0.0000 -0.6344
vn -0.6344 -0.0000 -0.7730
vn -0.4714 -0.0000 -0.8819
vn 0.9513 0.1081 -0.2886
vn -0.2903 -0.0000 -0.9569
vn -0.0980 -0.0000 -0.9952
vn -0.0000 -1.0000 -0.0000
vn 0.0974 0.1081 0.9894
vn -0.9894 0.1081 -0.0974
vn 0.4686 0.1081 -0.8768
vn 0.7685 0.1081 0.6307
vn -0.7685 0.1081 0.6307
vn -0.4686 0.1081 -0.8768
vn 0.9894 0.1081 -0.0974
vn -0.0974 0.1081 0.9894
vn -0.9513 0.1081 -0.2886
vn 0.6307 0.1081 -0.7685
vn 0.6307 0.1081 0.7685
vn -0.8768 0.1081 0.4686
vn -0.2886 0.1081 -0.9513
vn 0.9894 0.1081 0.0974
vn -0.2886 0.1081 0.9513
vn -0.8768 0.1081 -0.4686
vn 0.7685 0.1081 -0.6307
vn 0.4686 0.1081 0.8768
vn 0.0974 0.1081 -0.9894
vn -0.9513 0.1081 0.2886
vn -0.0974 0.1081 -0.9894
vn 0.9513 0.1081 0.2886
vn -0.4686 0.1081 0.8768
vn -0.7685 0.1081 -0.6307
vn 0.8768 0.1081 -0.4686
vn 0.2886 0.1081 0.9513
vn -0.9894 0.1081 0.0974
vn 0.2886 0.1081 -0.9513
vn 0.8768 0.1081 0.4686
vn -0.6307 0.1081 0.7685
vn -0.6307 0.1081 -0.7685
vn 0.0374 0.8911 0.4522
vn 0.5984 -0.2133 0.7723
vn 0.9192 -0.0523 0.3904
vn -0.0047 -0.2767 0.9609
vn 0.8691 0.3383 -0.3608
vn 0.5320 0.5243 -0.6649
vn 0.9906 0.1366 0.0023
vn -0.6054 -0.1881 0.7734
vn -0.9202 -0.0180 0.3911
vn -0.9857 0.1685 0.0051
vn -0.8634 0.3599 -0.3536
vn -0.5324 0.5331 -0.6576
vn -0.0023 0.6092 -0.7930
vn 0.9026 0.1787 -0.3917
vn 0.5792 0.3430 -0.7395
vn 0.9997 0.0177 -0.0149
vn 0.9218 -0.1232 0.3677
vn 0.6181 -0.2360 0.7498
vn 0.0241 -0.2641 0.9642
vn -0.5989 -0.1516 0.7863
vn -0.9205 0.0123 0.3906
vn -0.9865 0.1635 -0.0035
vn -0.8738 0.3068 -0.3772
vn -0.5477 0.4248 -0.7208
vn 0.0135 0.4468 -0.8946
vn 0.6035 0.2032 -0.7710
vn 0.0035 0.3433 -0.9392
vn 0.9207 0.0323 -0.3889
vn 0.9944 -0.1061 0.0021
vn 0.8974 -0.2148 0.3855
vn 0.5814 -0.2820 0.7632
vn -0.0081 -0.2502 0.9682
vn -0.6046 -0.1100 0.7889
vn -0.9147 0.0497 0.4010
vn -0.9841 0.1775 0.0110
vn -0.8872 0.2805 -0.3664
vn -0.5772 0.3559 -0.7350
vn 0.5995 0.2042 -0.7739
vn 0.0028 0.3392 -0.9407
vn 0.9188 0.0263 -0.3939
vn 0.9922 -0.1247 -0.0029
vn 0.8920 -0.2497 0.3769
vn 0.5753 -0.3422 0.7429
vn -0.0063 -0.3394 0.9406
vn -0.6028 -0.2018 0.7719
vn -0.9198 -0.0242 0.3916
vn -0.9921 0.1256 0.0014
vn -0.8918 0.2493 -0.3774
vn -0.5765 0.3408 -0.7426
vn 0.5994 0.2023 -0.7744
vn 0.0022 0.3258 -0.9454
vn 0.9186 0.0359 -0.3936
vn 0.9942 -0.1077 -0.0026
vn 0.8965 -0.2292 0.3791
vn 0.5797 -0.3225 0.7483
vn -0.0053 -0.3262 0.9453
vn -0.6026 -0.2003 0.7725
vn -0.9196 -0.0340 0.3913
vn -0.9941 0.1086 0.0010
vn -0.8963 0.2290 -0.3798
vn -0.5806 0.3211 -0.7482
vn 0.5995 0.1991 -0.7752
vn 0.0016 0.3118 -0.9501
vn 0.9183 0.0437 -0.3934
vn 0.9957 -0.0924 -0.0023
vn 0.9004 -0.2098 0.3811
vn 0.5836 -0.3030 0.7534
vn -0.0045 -0.3123 0.9500
vn -0.6026 -0.1973 0.7733
vn -0.9194 -0.0419 0.3911
vn -0.9956 0.0933 0.0007
vn -0.9001 0.2098 -0.3819
vn -0.5842 0.3018 -0.7534
vn 0.5998 0.1945 -0.7761
vn 0.0011 0.2972 -0.9548
vn 0.9181 0.0498 -0.3932
vn 0.9969 -0.0786 -0.0021
vn 0.9038 -0.1915 0.3827
vn 0.5872 -0.2838 0.7581
vn -0.0037 -0.2978 0.9546
vn -0.6027 -0.1930 0.7743
vn -0.9192 -0.0481 0.3909
vn -0.9968 0.0797 0.0004
vn -0.9033 0.1917 -0.3837
vn -0.5876 0.2827 -0.7582
vn 0.6002 0.1887 -0.7773
vn 0.0007 0.2820 -0.9594
vn 0.9179 0.0543 -0.3931
vn 0.9978 -0.0664 -0.0020
vn 0.9067 -0.1742 0.3842
vn 0.5905 -0.2647 0.7624
vn -0.0031 -0.2827 0.9592
vn -0.6030 -0.1874 0.7755
vn -0.9190 -0.0527 0.3908
vn -0.9977 0.0674 0.0001
vn -0.9061 0.1745 -0.3854
vn -0.5906 0.2638 -0.7626
vn 0.6007 0.1817 -0.7786
vn 0.0004 0.2660 -0.9640
vn 0.9177 0.0574 -0.3931
vn 0.9985 -0.0555 -0.0019
vn 0.9091 -0.1578 0.3855
vn 0.5935 -0.2458 0.7664
vn -0.0025 -0.2668 0.9638
vn -0.6034 -0.1806 0.7768
vn -0.9188 -0.0559 0.3907
vn -0.9984 0.0565 -0.0001
vn -0.9085 0.1581 -0.3868
vn -0.5933 0.2450 -0.7668
vn 0.6013 0.1734 -0.7800
vn 0.0001 0.2494 -0.9684
vn 0.9176 0.0591 -0.3931
vn 0.9990 -0.0458 -0.0018
vn 0.9112 -0.1421 0.3866
vn 0.5962 -0.2268 0.7702
vn -0.0020 -0.2502 0.9682
vn -0.6039 -0.1725 0.7782
vn -0.9187 -0.0577 0.3907
vn -0.9989 0.0468 -0.0003
vn -0.9106 0.1425 -0.3880
vn -0.5958 0.2261 -0.7706
vn 0.6020 0.1640 -0.7815
vn -0.0001 0.2319 -0.9727
vn 0.9176 0.0595 -0.3931
vn 0.9993 -0.0372 -0.0017
vn 0.9131 -0.1271 0.3875
vn 0.5986 -0.2078 0.7736
vn -0.0015 -0.2327 0.9725
vn -0.6045 -0.1632 0.7797
vn -0.9187 -0.0582 0.3907
vn -0.9993 0.0382 -0.0005
vn -0.9123 0.1276 -0.3892
vn -0.5981 0.2072 -0.7742
vn 0.9177 0.0588 -0.3929
vn 0.6029 0.1548 -0.7827
vn 0.9995 -0.0306 -0.0014
vn 0.9143 -0.1144 0.3885
vn 0.6005 -0.1910 0.7765
vn -0.0010 -0.2167 0.9762
vn -0.6048 -0.1543 0.7813
vn -0.9186 -0.0579 0.3910
vn -0.9995 0.0313 -0.0003
vn -0.9137 0.1148 -0.3898
vn -0.6000 0.1906 -0.7770
vn -0.0001 0.2161 -0.9764
vn 0.5813 0.1546 -0.7989
vn -0.0059 0.2095 -0.9778
vn 0.9066 0.0636 -0.4172
vn 0.9994 -0.0229 -0.0253
vn 0.9241 -0.1049 0.3674
vn 0.6158 -0.1816 0.7667
vn -0.0060 -0.2092 0.9779
vn -0.6252 -0.1464 0.7666
vn -0.9288 -0.0522 0.3669
vn -0.9991 0.0336 -0.0245
vn -0.9041 0.1138 -0.4119
vn -0.5849 0.1856 -0.7896
vn 0.6244 0.1410 -0.7682
vn 0.6039 0.1400 -0.7847
vn -0.0003 0.1919 -0.9814
vn 0.0053 0.1996 -0.9799
vn 0.9283 0.0518 -0.3682
vn 0.9178 0.0563 -0.3931
vn 0.9993 -0.0297 0.0233
vn 0.9998 -0.0223 -0.0013
vn 0.9052 -0.1065 0.4114
vn 0.9160 -0.0970 0.3894
vn 0.5864 -0.1758 0.7907
vn 0.6030 -0.1667 0.7801
vn 0.0053 -0.1998 0.9798
vn -0.0006 -0.1925 0.9813
vn -0.5830 -0.1482 0.7988
vn -0.6057 -0.1396 0.7833
vn -0.9073 -0.0621 0.4160
vn -0.9187 -0.0556 0.3911
vn -0.9995 0.0201 0.0241
vn -0.9997 0.0230 -0.0005
vn -0.9244 0.0983 -0.3687
vn -0.9153 0.0974 -0.3909
vn -0.6163 0.1720 -0.7685
vn -0.6023 0.1664 -0.7808
vn 0.9177 0.0536 -0.3936
vn 0.6043 0.1285 -0.7864
vn 0.9999 -0.0172 -0.0016
vn 0.9170 -0.0851 0.3896
vn 0.6047 -0.1494 0.7823
vn -0.0006 -0.1747 0.9846
vn -0.6068 -0.1281 0.7845
vn -0.9189 -0.0527 0.3909
vn -0.9998 0.0181 -0.0009
vn -0.9161 0.0857 -0.3917
vn -0.6035 0.1491 -0.7833
vn -0.0006 0.1739 -0.9848
vn 0.0005 1.0000 0.0022
vn 0.9179 0.0495 -0.3938
vn 0.6051 0.1142 -0.7879
vn 0.9999 -0.0122 -0.0016
vn 0.9180 -0.0719 0.3901
vn 0.6063 -0.1292 0.7846
vn -0.0004 -0.1532 0.9882
vn -0.6076 -0.1139 0.7861
vn -0.9191 -0.0486 0.3910
vn -0.9999 0.0130 -0.0010
vn -0.9169 0.0724 -0.3924
vn -0.6049 0.1290 -0.7857
vn -0.0006 0.1525 -0.9883
vn 0.9180 0.0442 -0.3940
vn 0.6058 0.0986 -0.7895
vn 1.0000 -0.0079 -0.0017
vn 0.9187 -0.0588 0.3905
vn 0.6078 -0.1085 0.7867
vn -0.0002 -0.1305 0.9915
vn -0.6084 -0.0983 0.7875
vn -0.9193 -0.0435 0.3911
vn -1.0000 0.0087 -0.0011
vn -0.9176 0.0593 -0.3930
vn -0.6062 0.1083 -0.7879
vn -0.0007 0.1298 -0.9915
vn 0.9182 0.0379 -0.3942
vn 0.6065 0.0816 -0.7909
vn 1.0000 -0.0043 -0.0017
vn 0.9193 -0.0459 0.3908
vn 0.6090 -0.0871 0.7884
vn -0.0000 -0.1064 0.9943
vn -0.6091 -0.0814 0.7889
vn -0.9195 -0.0373 0.3912
vn -1.0000 0.0050 -0.0012
vn -0.9182 0.0464 -0.3934
vn -0.6071 0.0870 -0.7898
vn -0.0007 0.1058 -0.9944
vn 0.9184 0.0306 -0.3945
vn 0.6071 0.0631 -0.7921
vn 1.0000 -0.0014 -0.0018
vn 0.9198 -0.0331 0.3910
vn 0.6099 -0.0650 0.7898
vn 0.0001 -0.0809 0.9967
vn -0.6098 -0.0630 0.7900
vn -0.9198 -0.0301 0.3913
vn -1.0000 0.0019 -0.0013
vn -0.9186 0.0335 -0.3938
vn -0.6079 0.0650 -0.7913
vn -0.0007 0.0805 -0.9968
vn 0.9185 0.0221 -0.3947
vn 0.6076 0.0432 -0.7931
vn 1.0000 0.0010 -0.0019
vn 0.9201 -0.0202 0.3911
vn 0.6107 -0.0421 0.7908
vn 0.0001 -0.0539 0.9985
vn -0.6104 -0.0431 0.7909
vn -0.9200 -0.0218 0.3914
vn -1.0000 -0.0007 -0.0014
vn -0.9188 0.0205 -0.3942
vn -0.6084 0.0421 -0.7925
vn -0.0006 0.0536 -0.9986
vn 0.9186 0.0125 -0.3949
vn 0.6079 0.0216 -0.7937
vn 1.0000 0.0029 -0.0020
vn 0.9203 -0.0072 0.3911
vn 0.6111 -0.0182 0.7913
vn 0.0002 -0.0252 0.9997
vn -0.6108 -0.0216 0.7915
vn -0.9201 -0.0124 0.3914
vn -1.0000 -0.0027 -0.0015
vn -0.9189 0.0074 -0.3944
vn -0.6087 0.0182 -0.7932
vn -0.0006 0.0250 -0.9997
vn 0.9187 0.0018 -0.3950
vn 0.6080 -0.0016 -0.7939
vn 1.0000 0.0042 -0.0021
vn 0.9204 0.0060 0.3910
vn 0.6113 0.0068 0.7914
vn 0.0003 0.0053 1.0000
vn -0.6109 0.0016 0.7917
vn -0.9202 -0.0019 0.3914
vn -1.0000 -0.0043 -0.0016
vn -0.9189 -0.0060 -0.3945
vn -0.6086 -0.0068 -0.7934
vn -0.0005 -0.0053 -1.0000
vn 0.8142 -0.0082 -0.5805
vn 0.6119 -0.0136 -0.7909
vn 0.9221 -0.0036 -0.3870
vn 0.9822 0.0009 -0.1877
vn 0.9999 0.0052 0.0139
vn 0.9823 0.0087 0.1873
vn 0.9094 0.0132 0.4156
vn 0.8145 0.0161 0.5800
vn 0.6086 0.0196 0.7932
vn 0.0014 0.0210 0.9998
vn -0.6070 0.0137 0.7946
vn -0.8142 0.0082 0.5805
vn -0.9091 0.0043 0.4166
vn -0.9822 -0.0009 0.1877
vn -0.9999 -0.0046 0.0143
vn -0.9823 -0.0087 -0.1873
vn -0.9220 -0.0126 -0.3870
vn -0.8145 -0.0161 -0.5800
vn -0.6112 -0.0196 -0.7912
vn 0.0007 -0.0210 -0.9998
vn 0.0374 0.8911 -0.4522
vn 0.9192 -0.0523 -0.3904
vn 0.5984 -0.2133 -0.7723
vn -0.0047 -0.2767 -0.9609
vn 0.5320 0.5243 0.6649
vn 0.8691 0.3383 0.3608
vn 0.9906 0.1366 -0.0023
vn -0.6054 -0.1881 -0.7734
vn -0.9202 -0.0180 -0.3911
vn -0.9857 0.1685 -0.0051
vn -0.8634 0.3599 0.3536
vn -0.5324 0.5331 0.6576
vn -0.0023 0.6092 0.7930
vn 0.5792 0.3430 0.7395
vn 0.9026 0.1787 0.3917
vn 0.9997 0.0177 0.0149
vn 0.9218 -0.1232 -0.3677
vn 0.6181 -0.2360 -0.7498
vn 0.0241 -0.2641 -0.9642
vn -0.5989 -0.1516 -0.7863
vn -0.9205 0.0123 -0.3906
vn -0.9865 0.1635 0.0035
vn -0.8738 0.3068 0.3772
vn -0.5477 0.4248 0.7208
vn 0.0135 0.4468 0.8946
vn 0.0035 0.3433 0.9392
vn 0.6035 0.2032 0.7710
vn 0.9207 0.0323 0.3889
vn 0.9944 -0.1061 -0.0021
vn 0.8974 -0.2148 -0.3855
vn 0.5814 -0.2820 -0.7632
vn -0.0081 -0.2502 -0.9682
vn -0.6046 -0.1100 -0.7889
vn -0.9147 0.0497 -0.4010
vn -0.9841 0.1775 -0.0110
vn -0.8872 0.2805 0.3664
vn -0.5772 0.3559 0.7350
vn 0.0028 0.3392 0.9407
vn 0.5995 0.2042 0.7739
vn 0.9188 0.0263 0.3939
vn 0.9922 -0.1247 0.0029
vn 0.8920 -0.2497 -0.3769
vn 0.5753 -0.3422 -0.7429
vn -0.0063 -0.3394 -0.9406
vn -0.6028 -0.2018 -0.7719
vn -0.9198 -0.0242 -0.3916
vn -0.9921 0.1256 -0.0014
vn -0.8918 0.2493 0.3774
vn -0.5765 0.3408 0.7426
vn 0.0022 0.3258 0.9454
vn 0.5994 0.2023 0.7744
vn 0.9186 0.0359 0.3936
vn 0.9942 -0.1077 0.0026
vn 0.8965 -0.2292 -0.3791
vn 0.5797 -0.3225 -0.7483
vn -0.0053 -0.3262 -0.9453
vn -0.6026 -0.2003 -0.7725
vn -0.9196 -0.0340 -0.3913
vn -0.9941 0.1086 -0.0010
vn -0.8963 0.2290 0.3798
vn -0.5806 0.3211 0.7482
vn 0.0016 0.3118 0.9501
vn 0.5995 0.1991 0.7752
vn 0.9183 0.0437 0.3934
vn 0.9957 -0.0924 0.0023
vn 0.9004 -0.2098 -0.3811
vn 0.5836 -0.3030 -0.7534
vn -0.0045 -0.3123 -0.9500
vn -0.6026 -0.1973 -0.7733
vn -0.9194 -0.0419 -0.3911
vn -0.9956 0.0933 -0.0007
vn -0.9001 0.2098 0.3819
vn -0.5842 0.3018 0.7534
vn 0.0011 0.2972 0.9548
vn 0.5998 0.1945 0.7761
vn 0.9181 0.0498 0.3932
vn 0.9969 -0.0786 0.0021
vn 0.9038 -0.1915 -0.3827
vn 0.5872 -0.2838 -0.7581
vn -0.0037 -0.2978 -0.9546
vn -0.6027 -0.1930 -0.7743
vn -0.9192 -0.0481 -0.3909
vn -0.9968 0.0797 -0.0004
vn -0.9033 0.1917 0.3837
vn -0.5876 0.2827 0.7582
vn 0.0007 0.2820 0.9594
vn 0.6002 0.1887 0.7773
vn 0.9179 0.0543 0.3931
vn 0.9978 -0.0664 0.0020
vn 0.9067 -0.1742 -0.3842
vn 0.5905 -0.2647 -0.7624
vn -0.0031 -0.2827 -0.9592
vn -0.6030 -0.1874 -0.7755
vn -0.9190 -0.0527 -0.3908
vn -0.9977 0.0674 -0.0001
vn -0.9061 0.1745 0.3854
vn -0.5906 0.2638 0.7626
vn 0.0004 0.2660 0.9640
vn 0.6007 0.1817 0.7786
vn 0.9177 0.0574 0.3931
vn 0.9985 -0.0555 0.0019
vn 0.9091 -0.1578 -0.3855
vn 0.5935 -0.2458 -0.7664
vn -0.0025 -0.2668 -0.9638
vn -0.6034 -0.1806 -0.7768
vn -0.9188 -0.0559 -0.3907
vn -0.9984 0.0565 0.0001
vn -0.9085 0.1581 0.3868
vn -0.5933 0.2450 0.7668
vn 0.0001 0.2494 0.9684
vn 0.6013 0.1734 0.7800
vn 0.9176 0.0591 0.3931
vn 0.9990 -0.0458 0.0018
vn 0.9112 -0.1421 -0.3866
vn 0.5962 -0.2268 -0.7702
vn -0.0020 -0.2502 -0.9682
vn -0.6039 -0.1725 -0.7782
vn -0.9187 -0.0577 -0.3907
vn -0.9989 0.0468 0.0003
vn -0.9106 0.1425 0.3880
vn -0.5958 0.2261 0.7706
vn -0.0001 0.2319 0.9727
vn 0.6020 0.1640 0.7815
vn 0.9176 0.0595 0.3931
vn 0.9993 -0.0372 0.0017
vn 0.9131 -0.1271 -0.3875
vn 0.5986 -0.2078 -0.7736
vn -0.0015 -0.2327 -0.9725
vn -0.6045 -0.1632 -0.7797
vn -0.9187 -0.0582 -0.3907
vn -0.9993 0.0382 0.0005
vn -0.9123 0.1276 0.3892
vn -0.5981 0.2072 0.7742
vn 0.6029 0.1548 0.7827
vn 0.9177 0.0588 0.3929
vn 0.9995 -0.0306 0.0014
vn 0.9143 -0.1144 -0.3885
vn 0.6005 -0.1910 -0.7765
vn -0.0010 -0.2167 -0.9762
vn -0.6048 -0.1543 -0.7813
vn -0.9186 -0.0579 -0.3910
vn -0.9995 0.0313 0.0003
vn -0.9137 0.1148 0.3898
vn -0.6000 0.1906 0.7770
vn -0.0001 0.2161 0.9764
vn -0.0059 0.2095 0.9778
vn 0.5813 0.1546 0.7989
vn 0.9066 0.0636 0.4172
vn 0.9994 -0.0229 0.0253
vn 0.9241 -0.1049 -0.3674
vn 0.6158 -0.1816 -0.7667
vn -0.0060 -0.2092 -0.9779
vn -0.6252 -0.1464 -0.7666
vn -0.9288 -0.0522 -0.3669
vn -0.9991 0.0336 0.0245
vn -0.9041 0.1138 0.4119
vn -0.5849 0.1856 0.7896
vn 0.6244 0.1410 0.7682
vn 0.0053 0.1996 0.9799
vn -0.0003 0.1919 0.9814
vn 0.6039 0.1400 0.7847
vn 0.9283 0.0518 0.3682
vn 0.9178 0.0563 0.3931
vn 0.9993 -0.0297 -0.0233
vn 0.9998 -0.0223 0.0013
vn 0.9052 -0.1065 -0.4114
vn 0.9160 -0.0970 -0.3894
vn 0.5864 -0.1758 -0.7907
vn 0.6030 -0.1667 -0.7801
vn 0.0053 -0.1998 -0.9798
vn -0.0006 -0.1925 -0.9813
vn -0.5830 -0.1482 -0.7988
vn -0.6057 -0.1396 -0.7833
vn -0.9073 -0.0621 -0.4160
vn -0.9187 -0.0556 -0.3911
vn -0.9995 0.0201 -0.0241
vn -0.9997 0.0230 0.0005
vn -0.9244 0.0983 0.3687
vn -0.9153 0.0974 0.3909
vn -0.6163 0.1720 0.7685
vn -0.6023 0.1664 0.7808
vn 0.6043 0.1285 0.7864
vn 0.9177 0.0536 0.3936
vn 0.9999 -0.0172 0.0016
vn 0.9170 -0.0851 -0.3896
vn 0.6047 -0.1494 -0.7823
vn -0.0006 -0.1747 -0.9846
vn -0.6068 -0.1281 -0.7845
vn -0.9189 -0.0527 -0.3909
vn -0.9998 0.0181 0.0009
vn -0.9161 0.0857 0.3917
vn -0.6035 0.1491 0.7833
vn -0.0006 0.1739 0.9848
vn 0.0005 1.0000 -0.0022
vn 0.6051 0.1142 0.7879
vn 0.9179 0.0495 0.3938
vn 0.9999 -0.0122 0.0016
vn 0.9180 -0.0719 -0.3901
vn 0.6063 -0.1292 -0.7846
vn -0.0004 -0.1532 -0.9882
vn -0.6076 -0.1139 -0.7861
vn -0.9191 -0.0486 -0.3910
vn -0.9999 0.0130 0.0010
vn -0.9169 0.0724 0.3924
vn -0.6049 0.1290 0.7857
vn -0.0006 0.1525 0.9883
vn 0.6058 0.0986 0.7895
vn 0.9180 0.0442 0.3940
vn 1.0000 -0.0079 0.0017
vn 0.9187 -0.0588 -0.3905
vn 0.6078 -0.1085 -0.7867
vn -0.0002 -0.1305 -0.9915
vn -0.6084 -0.0983 -0.7875
vn -0.9193 -0.0435 -0.3911
vn -1.0000 0.0087 0.0011
vn -0.9176 0.0593 0.3930
vn -0.6062 0.1083 0.7879
vn -0.0007 0.1298 0.9915
vn 0.6065 0.0816 0.7909
vn 0.9182 0.0379 0.3942
vn 1.0000 -0.0043 0.0017
vn 0.9193 -0.0459 -0.3908
vn 0.6090 -0.0871 -0.7884
vn -0.0000 -0.1064 -0.9943
vn -0.6091 -0.0814 -0.7889
vn -0.9195 -0.0373 -0.3912
vn -1.0000 0.0050 0.0012
vn -0.9182 0.0464 0.3934
vn -0.6071 0.0870 0.7898
vn -0.0007 0.1058 0.9944
vn 0.6071 0.0631 0.7921
vn 0.9184 0.0306 0.3945
vn 1.0000 -0.0014 0.0018
vn 0.9198 -0.0331 -0.3910
vn 0.6099 -0.0650 -0.7898
vn 0.0001 -0.0809 -0.9967
vn -0.6098 -0.0630 -0.7900
vn -0.9198 -0.0301 -0.3913
vn -1.0000 0.0019 0.0013
vn -0.9186 0.0335 0.3938
vn -0.6079 0.0650 0.7913
vn -0.0007 0.0805 0.9968
vn 0.6076 0.0432 0.7931
vn 0.9185 0.0221 0.3947
vn 1.0000 0.0010 0.0019
vn 0.9201 -0.0202 -0.3911
vn 0.6107 -0.0421 -0.7908
vn 0.0002 -0.0539 -0.9985
vn -0.6104 -0.0431 -0.7909
vn -0.9200 -0.0218 -0.3914
vn -1.0000 -0.0007 0.0014
vn -0.9188 0.0205 0.3942
vn -0.6084 0.0421 0.7925
vn -0.0006 0.0536 0.9986
vn 0.6079 0.0216 0.7937
vn 0.9186 0.0125 0.3949
vn 1.0000 0.0029 0.0020
vn 0.9203 -0.0072 -0.3911
vn 0.6111 -0.0182 -0.7913
vn 0.0002 -0.0252 -0.9997
vn -0.6108 -0.0216 -0.7915
vn -0.9201 -0.0124 -0.3914
vn -1.0000 -0.0027 0.0015
vn -0.9189 0.0074 0.3944
vn -0.6087 0.0182 0.7932
vn -0.0006 0.0250 0.9997
vn 0.6080 -0.0016 0.7939
vn 0.9187 0.0018 0.3950
vn 1.0000 0.0042 0.0021
vn 0.9204 0.0060 -0.3910
vn 0.6113 0.0068 -0.7914
vn 0.0003 0.0053 -1.0000
vn -0.6109 0.0016 -0.7917
vn -0.9202 -0.0019 -0.3914
vn -1.0000 -0.0043 0.0016
vn -0.9189 -0.0060 0.3945
vn -0.6086 -0.0068 0.7934
vn -0.0005 -0.0053 1.0000
vn 0.8142 -0.0082 0.5805
vn 0.9221 -0.0036 0.3870
vn 0.6119 -0.0136 0.7908
vn 0.9822 0.0009 0.1877
vn 0.9999 0.0052 -0.0139
vn 0.9823 0.0087 -0.1873
vn 0.9094 0.0132 -0.4156
vn 0.8145 0.0161 -0.5800
vn 0.6086 0.0196 -0.7932
vn 0.0014 0.0210 -0.9998
vn -0.6070 0.0137 -0.7946
vn -0.8142 0.0082 -0.5805
vn -0.9091 0.0043 -0.4166
vn -0.9822 -0.0009 -0.1877
vn -0.9999 -0.0046 -0.0143
vn -0.9823 -0.0087 0.1873
vn -0.9220 -0.0126 0.3870
vn -0.8145 -0.0161 0.5800
vn -0.6112 -0.0196 0.7912
vn 0.0007 -0.0210 0.9998
vn -0.0000 -0.0000 -1.0000
vn -1.0000 -0.0000 -0.0000
vn 1.0000 -0.0000 -0.0000
vn -0.0000 -0.0000 1.0000
vn 0.5297 -0.0000 -0.8482
vn 0.8912 -0.0000 -0.4536
vn 0.9643 -0.0000 -0.2649
vn 0.9872 -0.0000 -0.1597
vn 0.9962 -0.0000 -0.0870
vn 0.9996 -0.0000 -0.0277
vn 0.5297 -0.0000 0.8482
vn 0.8912 -0.0000 0.4536
vn 0.9643 -0.0000 0.2649
vn 0.9872 -0.0000 0.1597
vn 0.9962 -0.0000 0.0870
vn 0.9996 -0.0000 0.0277
vn -0.0000 0.9995 0.0310
vn -0.0000 0.9953 0.0972
vn -0.0000 0.9840 0.1781
vn -0.0000 0.9559 0.2938
vn -0.0000 0.8690 0.4949
vn -0.0000 0.8690 0.4948
vn -0.0000 0.4874 0.8732
vn -0.0000 -0.9995 0.0310
vn -0.0000 -0.9953 0.0972
vn -0.0000 -0.9840 0.1781
vn -0.0000 -0.9559 0.2938
vn -0.0000 -0.8690 0.4948
vn -0.0000 -0.4874 0.8732
vn -0.9996 -0.0000 0.0277
vn -0.9962 -0.0000 0.0870
vn -0.9872 -0.0000 0.1597
vn -0.9643 -0.0000 0.2649
vn -0.8912 -0.0000 0.4536
vn -0.5297 -0.0000 0.8482
vn -0.5297 -0.0000 -0.8482
vn -0.8912 -0.0000 -0.4536
vn -0.9643 -0.0000 -0.2649
vn -0.9872 -0.0000 -0.1597
vn -0.9962 -0.0000 -0.0870
vn -0.9996 -0.0000 -0.0277
vn -0.0000 0.9995 -0.0310
vn -0.0000 0.9953 -0.0972
vn -0.0000 0.9840 -0.1781
vn -0.0000 0.9559 -0.2938
vn -0.0000 0.8690 -0.4948
vn -0.0000 0.4874 -0.8732
vn -0.0000 -0.9995 -0.0310
vn -0.0000 -0.9953 -0.0972
vn -0.0000 -0.9840 -0.1781
vn -0.0000 -0.9559 -0.2938
vn -0.0000 -0.8690 -0.4948
vn -0.0000 -0.4874 -0.8732
vn -0.0000 1.0000 -0.0000
vn 0.0759 0.6326 -0.7708
vn 0.0865 0.4696 -0.8786
vn 0.2248 0.6326 -0.7412
vn 0.2563 0.4697 -0.8448
vn 0.4163 0.4696 -0.7786
vn 0.4161 0.4696 -0.7786
vn 0.4513 0.2890 -0.8443
vn 0.4691 0.0975 -0.8777
vn 0.4692 -0.0975 -0.8777
vn 0.4513 -0.2890 -0.8443
vn 0.4162 -0.4696 -0.7786
vn 0.3651 0.6326 -0.6831
vn 0.6073 -0.2890 -0.7400
vn 0.5601 -0.4696 -0.6825
vn 0.4913 0.6326 -0.5987
vn 0.5601 0.4696 -0.6825
vn 0.6073 0.2890 -0.7400
vn 0.6314 0.0975 -0.7693
vn 0.6314 -0.0975 -0.7693
vn 0.7400 0.2890 -0.6073
vn 0.7693 0.0975 -0.6314
vn 0.7693 -0.0975 -0.6314
vn 0.7400 -0.2890 -0.6073
vn 0.6825 -0.4696 -0.5601
vn 0.5987 0.6326 -0.4913
vn 0.6825 0.4696 -0.5601
vn 0.7786 -0.4696 -0.4162
vn 0.6831 0.6326 -0.3651
vn 0.7786 0.4696 -0.4162
vn 0.8443 0.2890 -0.4513
vn 0.8777 0.0975 -0.4691
vn 0.8777 -0.0975 -0.4691
vn 0.8443 -0.2890 -0.4513
vn 0.9161 0.2890 -0.2779
vn 0.9524 0.0975 -0.2889
vn 0.9524 -0.0975 -0.2889
vn 0.9161 -0.2890 -0.2779
vn 0.8448 -0.4696 -0.2563
vn 0.7412 0.6326 -0.2248
vn 0.8448 0.4696 -0.2563
vn 0.8786 -0.4696 -0.0865
vn 0.7708 0.6326 -0.0759
vn 0.8786 0.4696 -0.0865
vn 0.9527 0.2890 -0.0938
vn 0.9904 0.0975 -0.0975
vn 0.9904 -0.0975 -0.0975
vn 0.9527 -0.2890 -0.0938
vn 0.9904 0.0975 0.0975
vn 0.9904 -0.0975 0.0975
vn 0.9527 -0.2890 0.0938
vn 0.8786 -0.4696 0.0865
vn 0.7708 0.6326 0.0759
vn 0.8786 0.4696 0.0865
vn 0.9527 0.2890 0.0938
vn 0.7412 0.6326 0.2248
vn 0.8448 0.4696 0.2563
vn 0.9161 0.2890 0.2779
vn 0.9524 0.0975 0.2889
vn 0.9524 -0.0975 0.2889
vn 0.9161 -0.2890 0.2779
vn 0.8448 -0.4696 0.2563
vn 0.8777 -0.0975 0.4691
vn 0.8443 -0.2890 0.4513
vn 0.7786 -0.4696 0.4162
vn 0.6831 0.6326 0.3651
vn 0.7786 0.4696 0.4162
vn 0.8443 0.2890 0.4513
vn 0.8777 0.0975 0.4691
vn 0.5987 0.6326 0.4913
vn 0.6825 0.4696 0.5601
vn 0.7400 0.2890 0.6073
vn 0.7693 0.0975 0.6314
vn 0.7693 -0.0975 0.6314
vn 0.7400 -0.2890 0.6073
vn 0.6825 -0.4696 0.5601
vn 0.6314 -0.0975 0.7693
vn 0.6073 -0.2890 0.7400
vn 0.5601 -0.4696 0.6825
vn 0.4913 0.6326 0.5987
vn 0.5601 0.4696 0.6825
vn 0.6073 0.2890 0.7400
vn 0.6314 0.0975 0.7693
vn 0.4162 0.4696 0.7786
vn 0.4513 0.2890 0.8443
vn 0.4691 0.0975 0.8777
vn 0.4691 -0.0975 0.8777
vn 0.4513 -0.2890 0.8443
vn 0.4162 -0.4696 0.7786
vn 0.3651 0.6326 0.6831
vn 0.2248 0.6326 0.7412
vn 0.2562 0.4697 0.8448
vn 0.0865 0.4696 0.8786
vn 0.0759 0.6326 0.7708
vn -0.0759 0.6326 0.7708
vn -0.0867 0.4696 0.8786
vn -0.2248 0.6326 0.7412
vn -0.2561 0.4697 0.8449
vn -0.4162 -0.4696 0.7786
vn -0.3651 0.6326 0.6831
vn -0.4162 0.4696 0.7786
vn -0.4161 0.4696 0.7787
vn -0.4513 0.2890 0.8443
vn -0.4691 0.0975 0.8777
vn -0.4691 -0.0975 0.8777
vn -0.4513 -0.2890 0.8443
vn -0.6314 0.0975 0.7693
vn -0.6314 -0.0975 0.7693
vn -0.6073 -0.2890 0.7400
vn -0.5601 -0.4696 0.6825
vn -0.4914 0.6326 0.5987
vn -0.5601 0.4696 0.6825
vn -0.6073 0.2890 0.7400
vn -0.5987 0.6326 0.4913
vn -0.6825 0.4696 0.5601
vn -0.7400 0.2890 0.6073
vn -0.7693 0.0975 0.6314
vn -0.7693 -0.0975 0.6314
vn -0.7400 -0.2890 0.6073
vn -0.6825 -0.4696 0.5601
vn -0.8777 0.0975 0.4691
vn -0.8777 -0.0975 0.4691
vn -0.8443 -0.2890 0.4513
vn -0.7786 -0.4696 0.4162
vn -0.6831 0.6326 0.3651
vn -0.7786 0.4696 0.4162
vn -0.8443 0.2890 0.4513
vn -0.7412 0.6326 0.2248
vn -0.8448 0.4696 0.2563
vn -0.9161 0.2890 0.2779
vn -0.9524 0.0975 0.2889
vn -0.9524 -0.0975 0.2889
vn -0.9161 -0.2890 0.2779
vn -0.8448 -0.4696 0.2563
vn -0.9904 -0.0975 0.0976
vn -0.9527 -0.2890 0.0938
vn -0.8786 -0.4696 0.0865
vn -0.7708 0.6326 0.0759
vn -0.8786 0.4696 0.0865
vn -0.9527 0.2890 0.0938
vn -0.9904 0.0975 0.0976
vn -0.7708 0.6326 -0.0759
vn -0.8786 0.4696 -0.0865
vn -0.9527 0.2890 -0.0938
vn -0.9904 0.0975 -0.0976
vn -0.9904 -0.0975 -0.0976
vn -0.9527 -0.2890 -0.0938
vn -0.8786 -0.4696 -0.0865
vn -0.9524 -0.0975 -0.2889
vn -0.9161 -0.2890 -0.2779
vn -0.8448 -0.4696 -0.2563
vn -0.7412 0.6326 -0.2248
vn -0.8448 0.4696 -0.2563
vn -0.9161 0.2890 -0.2779
vn -0.9524 0.0975 -0.2889
vn -0.7786 0.4696 -0.4162
vn -0.8443 0.2890 -0.4513
vn -0.8777 0.0975 -0.4691
vn -0.8777 -0.0975 -0.4691
vn -0.8443 -0.2890 -0.4513
vn -0.7786 -0.4696 -0.4162
vn -0.6831 0.6326 -0.3651
vn -0.7400 -0.2890 -0.6073
vn -0.6825 -0.4696 -0.5601
vn -0.5987 0.6326 -0.4913
vn -0.6825 0.4696 -0.5601
vn -0.7400 0.2890 -0.6073
vn -0.7693 0.0975 -0.6314
vn -0.7693 -0.0975 -0.6314
vn -0.6073 0.2890 -0.7400
vn -0.6314 0.0975 -0.7693
vn -0.6314 -0.0975 -0.7693
vn -0.6073 -0.2890 -0.7400
vn -0.5601 -0.4696 -0.6825
vn -0.4913 0.6326 -0.5987
vn -0.5601 0.4696 -0.6825
vn -0.4162 -0.4696 -0.7786
vn -0.3651 0.6326 -0.6831
vn -0.4162 0.4696 -0.7786
vn -0.4168 0.4695 -0.7784
vn -0.4513 0.2890 -0.8443
vn -0.4691 0.0975 -0.8777
vn -0.4691 -0.0975 -0.8777
vn -0.4513 -0.2890 -0.8443
vn -0.2248 0.6326 -0.7412
vn -0.2562 0.4697 -0.8448
vn -0.0759 0.6326 -0.7708
vn -0.0865 0.4696 -0.8786
vn 0.9640 0.2583 -0.0632
vn 0.7063 0.7063 -0.0463
vn 0.2588 0.9658 -0.0170
vn -0.2588 -0.9658 0.0170
vn 0.2588 -0.9658 -0.0170
vn 0.7063 -0.7063 -0.0463
vn 0.9640 -0.2583 -0.0632
vn 0.9475 0.2583 -0.1885
vn 0.6943 0.7064 -0.1381
vn 0.2544 0.9658 -0.0506
vn -0.2543 -0.9658 0.0506
vn 0.2544 -0.9658 -0.0506
vn 0.6943 -0.7064 -0.1381
vn 0.9475 -0.2583 -0.1885
vn 0.9148 0.2583 -0.3105
vn 0.6703 0.7064 -0.2275
vn 0.2456 0.9658 -0.0834
vn -0.2456 -0.9658 0.0834
vn 0.2456 -0.9658 -0.0834
vn 0.6703 -0.7064 -0.2275
vn 0.9148 -0.2583 -0.3105
vn 0.8664 0.2583 -0.4273
vn 0.6349 0.7063 -0.3131
vn 0.2326 0.9658 -0.1147
vn -0.2326 -0.9658 0.1147
vn 0.2326 -0.9658 -0.1147
vn 0.6349 -0.7063 -0.3131
vn 0.8664 -0.2583 -0.4273
vn 0.8033 0.2583 -0.5367
vn 0.5886 0.7064 -0.3933
vn 0.2156 0.9658 -0.1441
vn -0.2156 -0.9658 0.1441
vn 0.2156 -0.9658 -0.1441
vn 0.5886 -0.7064 -0.3933
vn 0.8033 -0.2583 -0.5367
vn 0.7263 0.2583 -0.6370
vn 0.5322 0.7064 -0.4667
vn 0.1950 0.9658 -0.1710
vn -0.1950 -0.9658 0.1710
vn 0.1950 -0.9658 -0.1710
vn 0.5322 -0.7064 -0.4667
vn 0.7263 -0.2583 -0.6370
vn 0.6370 0.2583 -0.7263
vn 0.4667 0.7063 -0.5322
vn 0.1710 0.9658 -0.1950
vn -0.1710 -0.9658 0.1950
vn 0.1710 -0.9658 -0.1950
vn 0.4667 -0.7064 -0.5322
vn 0.6370 -0.2583 -0.7263
vn 0.5367 0.2583 -0.8033
vn 0.3933 0.7064 -0.5886
vn 0.1441 0.9658 -0.2156
vn -0.1441 -0.9658 0.2156
vn 0.1441 -0.9658 -0.2156
vn 0.3933 -0.7064 -0.5886
vn 0.5367 -0.2583 -0.8033
vn 0.4273 0.2583 -0.8664
vn 0.3131 0.7064 -0.6349
vn -0.1147 -0.9658 0.2326
vn 0.1147 -0.9658 -0.2326
vn 0.3131 -0.7064 -0.6349
vn 0.4273 -0.2583 -0.8664
vn 0.3105 0.2583 -0.9148
vn 0.2275 0.7064 -0.6703
vn -0.0834 -0.9658 0.2456
vn 0.0834 -0.9658 -0.2456
vn 0.2275 -0.7064 -0.6703
vn 0.3105 -0.2583 -0.9148
vn 0.1885 0.2583 -0.9475
vn 0.1381 0.7064 -0.6943
vn -0.0506 -0.9658 0.2544
vn 0.0506 -0.9658 -0.2544
vn 0.1381 -0.7064 -0.6943
vn 0.1885 -0.2583 -0.9475
vn 0.0632 0.2583 -0.9640
vn 0.0463 0.7063 -0.7063
vn -0.0169 -0.9658 0.2588
vn 0.0170 -0.9658 -0.2588
vn 0.0463 -0.7064 -0.7063
vn 0.0632 -0.2583 -0.9640
vn -0.0632 0.2583 -0.9640
vn -0.0463 0.7064 -0.7063
vn 0.0169 -0.9658 0.2588
vn -0.0170 -0.9658 -0.2588
vn -0.0463 -0.7064 -0.7063
vn -0.0632 -0.2583 -0.9640
vn -0.1885 0.2583 -0.9475
vn -0.1381 0.7064 -0.6943
vn 0.0506 -0.9658 0.2544
vn -0.0506 -0.9658 -0.2544
vn -0.1381 -0.7064 -0.6943
vn -0.1885 -0.2583 -0.9475
vn -0.3105 0.2583 -0.9148
vn -0.2275 0.7064 -0.6703
vn 0.0834 -0.9658 0.2456
vn -0.0834 -0.9658 -0.2456
vn -0.2275 -0.7064 -0.6703
vn -0.3105 -0.2583 -0.9148
vn -0.4273 0.2583 -0.8664
vn -0.3131 0.7064 -0.6349
vn 0.1147 -0.9658 0.2326
vn -0.1147 -0.9658 -0.2326
vn -0.3131 -0.7064 -0.6349
vn -0.4273 -0.2583 -0.8664
vn -0.5367 0.2583 -0.8033
vn -0.3933 0.7064 -0.5886
vn -0.1441 0.9658 -0.2156
vn 0.1441 -0.9658 0.2156
vn -0.1441 -0.9658 -0.2156
vn -0.3933 -0.7064 -0.5886
vn -0.5367 -0.2583 -0.8033
vn -0.6370 0.2583 -0.7263
vn -0.4667 0.7064 -0.5322
vn -0.1710 0.9658 -0.1950
vn 0.1710 -0.9658 0.1950
vn -0.1710 -0.9658 -0.1950
vn -0.4667 -0.7064 -0.5322
vn -0.6370 -0.2583 -0.7263
vn -0.7263 0.2583 -0.6370
vn -0.5322 0.7064 -0.4667
vn -0.1950 0.9658 -0.1710
vn 0.1950 -0.9658 0.1710
vn -0.1950 -0.9658 -0.1710
vn -0.5322 -0.7064 -0.4667
vn -0.7263 -0.2583 -0.6370
vn -0.8033 0.2583 -0.5367
vn -0.5886 0.7064 -0.3933
vn -0.2156 0.9658 -0.1441
vn 0.2156 -0.9658 0.1441
vn -0.2156 -0.9658 -0.1441
vn -0.5886 -0.7064 -0.3933
vn -0.8033 -0.2583 -0.5367
vn -0.8664 0.2583 -0.4273
vn -0.6349 0.7064 -0.3131
vn -0.2326 0.9658 -0.1147
vn 0.2326 -0.9658 0.1147
vn -0.2326 -0.9658 -0.1147
vn -0.6349 -0.7063 -0.3131
vn -0.8664 -0.2583 -0.4273
vn -0.9148 0.2583 -0.3105
vn -0.6703 0.7064 -0.2275
vn -0.2456 0.9658 -0.0834
vn 0.2456 -0.9658 0.0834
vn -0.2456 -0.9658 -0.0834
vn -0.6703 -0.7064 -0.2275
vn -0.9148 -0.2583 -0.3105
vn -0.9475 0.2583 -0.1885
vn -0.6943 0.7064 -0.1381
vn -0.2544 0.9658 -0.0506
vn 0.2544 -0.9658 0.0506
vn -0.2544 -0.9658 -0.0506
vn -0.6943 -0.7064 -0.1381
vn -0.9475 -0.2583 -0.1885
vn -0.9640 0.2583 -0.0632
vn -0.7063 0.7064 -0.0463
vn -0.2588 0.9658 -0.0170
vn 0.2588 -0.9658 0.0170
vn -0.2588 -0.9658 -0.0170
vn -0.7063 -0.7063 -0.0463
vn -0.9640 -0.2583 -0.0632
vn -0.9640 0.2583 0.0632
vn -0.7064 0.7063 0.0463
vn -0.2588 0.9658 0.0170
vn -0.7063 -0.7064 0.0463
vn -0.9640 -0.2583 0.0632
vn -0.9475 0.2583 0.1885
vn -0.6943 0.7064 0.1381
vn -0.2544 0.9658 0.0506
vn -0.2544 -0.9658 0.0506
vn -0.6943 -0.7064 0.1381
vn -0.9475 -0.2583 0.1885
vn -0.9148 0.2583 0.3105
vn -0.6703 0.7064 0.2275
vn -0.2456 0.9658 0.0834
vn -0.6703 -0.7064 0.2275
vn -0.9148 -0.2583 0.3105
vn -0.8664 0.2583 0.4273
vn -0.6349 0.7063 0.3131
vn -0.2326 0.9658 0.1147
vn -0.6349 -0.7063 0.3131
vn -0.8664 -0.2583 0.4273
vn -0.8033 0.2583 0.5367
vn -0.5886 0.7064 0.3933
vn -0.2156 0.9658 0.1441
vn -0.5886 -0.7064 0.3933
vn -0.8033 -0.2583 0.5367
vn -0.7263 0.2583 0.6370
vn -0.5322 0.7064 0.4667
vn -0.1950 0.9658 0.1710
vn -0.5322 -0.7064 0.4667
vn -0.7263 -0.2583 0.6370
vn -0.6370 0.2583 0.7263
vn -0.4667 0.7063 0.5322
vn -0.1710 0.9658 0.1950
vn -0.4667 -0.7064 0.5322
vn -0.6370 -0.2583 0.7263
vn -0.5367 0.2583 0.8033
vn -0.3933 0.7064 0.5886
vn -0.1441 0.9658 0.2156
vn -0.3933 -0.7064 0.5886
vn -0.5367 -0.2583 0.8033
vn -0.4273 0.2583 0.8664
vn -0.3131 0.7064 0.6349
vn -0.3131 -0.7064 0.6349
vn -0.4273 -0.2583 0.8664
vn -0.3105 0.2583 0.9148
vn -0.2275 0.7064 0.6703
vn -0.2275 -0.7064 0.6703
vn -0.3105 -0.2583 0.9148
vn -0.1885 0.2583 0.9475
vn -0.1381 0.7064 0.6943
vn -0.1381 -0.7064 0.6943
vn -0.1885 -0.2583 0.9475
vn -0.0632 0.2583 0.9640
vn -0.0463 0.7064 0.7063
vn -0.0170 -0.9658 0.2588
vn -0.0463 -0.7064 0.7063
vn -0.0632 -0.2583 0.9640
vn 0.0632 0.2583 0.9640
vn 0.0463 0.7063 0.7063
vn -0.0169 -0.9658 -0.2588
vn 0.0170 -0.9658 0.2588
vn 0.0463 -0.7064 0.7063
vn 0.0632 -0.2583 0.9640
vn 0.1885 0.2583 0.9475
vn 0.1381 0.7064 0.6943
vn 0.1381 -0.7064 0.6943
vn 0.1885 -0.2583 0.9475
vn 0.3105 0.2583 0.9148
vn 0.2275 0.7064 0.6703
vn 0.2275 -0.7064 0.6703
vn 0.3105 -0.2583 0.9148
vn 0.4273 0.2583 0.8664
vn 0.3131 0.7064 0.6349
vn 0.3131 -0.7064 0.6349
vn 0.4273 -0.2583 0.8664
vn 0.5367 0.2583 0.8033
vn 0.3933 0.7064 0.5886
vn 0.1441 0.9658 0.2156
vn 0.3933 -0.7063 0.5886
vn 0.5367 -0.2583 0.8033
vn 0.6370 0.2583 0.7263
vn 0.4667 0.7064 0.5322
vn 0.1710 0.9658 0.1950
vn 0.4667 -0.7064 0.5322
vn 0.6370 -0.2583 0.7263
vn 0.7263 0.2583 0.6370
vn 0.5322 0.7064 0.4667
vn 0.1950 0.9658 0.1710
vn 0.5322 -0.7064 0.4667
vn 0.7263 -0.2583 0.6370
vn 0.8033 0.2583 0.5367
vn 0.5886 0.7064 0.3933
vn 0.2156 0.9658 0.1441
vn 0.5886 -0.7063 0.3933
vn 0.8033 -0.2583 0.5367
vn 0.8664 0.2583 0.4273
vn 0.6349 0.7064 0.3131
vn 0.2326 0.9658 0.1147
vn 0.6349 -0.7064 0.3131
vn 0.8664 -0.2583 0.4273
vn 0.9148 0.2583 0.3105
vn 0.6703 0.7063 0.2275
vn 0.2456 0.9658 0.0834
vn 0.6703 -0.7063 0.2275
vn 0.9148 -0.2583 0.3105
vn 0.9475 0.2583 0.1885
vn 0.6943 0.7064 0.1381
vn 0.2544 0.9658 0.0506
vn -0.2543 -0.9658 -0.0506
vn 0.6943 -0.7063 0.1381
vn 0.9475 -0.2583 0.1885
vn 0.9640 0.2583 0.0632
vn 0.7063 0.7063 0.0463
vn 0.2588 0.9658 0.0170
vn 0.7063 -0.7063 0.0463
vn 0.9640 -0.2583 0.0632
vt 1.000000 0.500000
vt 1.000000 1.000000
vt 0.968750 1.000000
vt 0.968750 0.500000
vt 0.937500 1.000000
vt 0.937500 0.500000
vt 0.906250 1.000000
vt 0.906250 0.500000
vt 0.875000 1.000000
vt 0.875000 0.500000
vt 0.843750 1.000000
vt 0.843750 0.500000
vt 0.812500 1.000000
vt 0.812500 0.500000
vt 0.781250 1.000000
vt 0.781250 0.500000
vt 0.750000 1.000000
vt 0.750000 0.500000
vt 0.718750 1.000000
vt 0.718750 0.500000
vt 0.687500 1.000000
vt 0.687500 0.500000
vt 0.656250 1.000000
vt 0.656250 0.500000
vt 0.625000 1.000000
vt 0.625000 0.500000
vt 0.593750 1.000000
vt 0.593750 0.500000
vt 0.562500 1.000000
vt 0.562500 0.500000
vt 0.531250 1.000000
vt 0.531250 0.500000
vt 0.500000 1.000000
vt 0.500000 0.500000
vt 0.468750 1.000000
vt 0.468750 0.500000
vt 0.437500 1.000000
vt 0.437500 0.500000
vt 0.406250 1.000000
vt 0.406250 0.500000
vt 0.375000 1.000000
vt 0.375000 0.500000
vt 0.343750 1.000000
vt 0.343750 0.500000
vt 0.312500 1.000000
vt 0.312500 0.500000
vt 0.281250 1.000000
vt 0.281250 0.500000
vt 0.250000 1.000000
vt 0.250000 0.500000
vt 0.218750 1.000000
vt 0.218750 0.500000
vt 0.187500 1.000000
vt 0.187500 0.500000
vt 0.156250 1.000000
vt 0.156250 0.500000
vt 0.125000 1.000000
vt 0.125000 0.500000
vt 0.093750 1.000000
vt 0.093750 0.500000
vt 0.062500 1.000000
vt 0.062500 0.500000
vt 0.812165 1.000000
vt 0.781250 1.000000
vt 0.031250 1.000000
vt 0.031250 0.500000
vt 0.000000 1.000000
vt 0.000000 0.500000
vt 0.703178 0.485388
vt 0.750000 0.490000
vt 0.796822 0.485388
vt 0.841844 0.471731
vt 0.883337 0.449553
vt 0.919706 0.419706
vt 0.949553 0.383337
vt 0.971731 0.341844
vt 0.985388 0.296822
vt 0.990000 0.250000
vt 0.985388 0.203178
vt 0.971731 0.158156
vt 0.949553 0.116663
vt 0.919706 0.080294
vt 0.883337 0.050447
vt 0.841844 0.028269
vt 0.796822 0.014612
vt 0.750000 0.010000
vt 0.703178 0.014612
vt 0.658156 0.028269
vt 0.616663 0.050447
vt 0.580294 0.080294
vt 0.550447 0.116663
vt 0.528269 0.158156
vt 0.514612 0.203178
vt 0.510000 0.250000
vt 0.514612 0.296822
vt 0.528269 0.341844
vt 0.550447 0.383337
vt 0.580294 0.419706
vt 0.616663 0.449553
vt 0.658156 0.471731
vt 0.530915 1.000000
vt 0.249665 1.000000
vt 0.937165 1.000000
vt 0.655915 1.000000
vt 0.655915 1.000000
vt 0.374665 1.000000
vt 0.093415 1.000000
vt 0.780915 1.000000
vt 0.499665 1.000000
vt 0.468750 1.000000
vt 0.499665 1.000000
vt 0.187500 1.000000
vt 0.218415 1.000000
vt 0.905915 1.000000
vt 0.624665 1.000000
vt 0.624665 1.000000
vt 0.343415 1.000000
vt 0.312500 1.000000
vt 0.343415 1.000000
vt 0.062165 1.000000
vt 0.749665 1.000000
vt 0.468415 1.000000
vt 0.187165 1.000000
vt 0.874665 1.000000
vt 0.593415 1.000000
vt 0.999665 1.000000
vt 0.312165 1.000000
vt 0.312165 1.000000
vt 0.030915 1.000000
vt 0.718415 1.000000
vt 0.437165 1.000000
vt 0.437165 1.000000
vt 0.155915 1.000000
vt 0.843415 1.000000
vt 0.562165 1.000000
vt 0.280915 1.000000
vt 0.968415 1.000000
vt 0.687165 1.000000
vt 0.405915 1.000000
vt 0.405915 1.000000
vt 0.124665 1.000000
vt 0.093750 1.000000
vt 0.104182 1.000000
vt 0.395818 1.000000
vt 0.666681 1.000000
vt 0.958319 1.000000
vt 0.937500 1.000000
vt 0.270818 1.000000
vt 0.562500 1.000000
vt 0.541681 1.000000
vt 0.833319 1.000000
vt 0.145819 1.000000
vt 0.437500 1.000000
vt 0.416681 1.000000
vt 0.711694 1.000000
vt 0.711694 1.000000
vt 0.708318 1.000000
vt 0.020819 1.000000
vt 0.000000 1.000000
vt 0.291681 1.000000
vt 0.979182 1.000000
vt 0.586694 1.000000
vt 0.586694 1.000000
vt 0.583318 1.000000
vt 0.854182 1.000000
vt 0.166682 1.000000
vt 0.163306 1.000000
vt 0.163306 1.000000
vt 0.458318 1.000000
vt 0.742939 1.000000
vt 0.742939 1.000000
vt 0.729181 1.000000
vt 0.041682 1.000000
vt 0.333318 1.000000
vt 0.625000 1.000000
vt 0.617939 1.000000
vt 0.617938 1.000000
vt 0.604181 1.000000
vt 0.895819 1.000000
vt 0.208319 1.000000
vt 0.500000 1.000000
vt 0.479181 1.000000
vt 0.770818 1.000000
vt 0.083319 1.000000
vt 0.062500 1.000000
vt 0.354181 1.000000
vt 0.375000 1.000000
vt 0.649194 1.000000
vt 0.649194 1.000000
vt 0.645818 1.000000
vt 0.916682 1.000000
vt 0.229182 1.000000
vt 0.218750 1.000000
vt 0.520818 1.000000
vt 0.791682 1.000000
vt 0.000000 0.333333
vt 0.021277 0.333333
vt 0.021277 0.250000
vt 0.000000 0.416667
vt 0.021277 0.416667
vt 0.000000 0.083333
vt 0.021277 0.083333
vt 0.021277 0.000000
vt 0.000000 0.166667
vt 0.021277 0.166667
vt 0.000000 0.250000
vt 0.021277 0.500000
vt 0.000000 0.583333
vt 0.021277 0.583333
vt 0.000000 0.666667
vt 0.021277 0.666667
vt 0.000000 0.750000
vt 0.021277 0.750000
vt 0.000000 0.833333
vt 0.021277 0.833333
vt 0.000000 0.916667
vt 0.021277 0.916667
vt 0.063830 0.083333
vt 0.063830 0.000000
vt 0.063830 0.166667
vt 0.063830 0.250000
vt 0.063830 0.333333
vt 0.063830 0.416667
vt 0.063830 0.500000
vt 0.063830 0.583333
vt 0.063830 0.666667
vt 0.063830 0.750000
vt 0.063830 0.833333
vt 0.063830 0.916667
vt 0.063830 1.000000
vt 0.106383 1.000000
vt 0.106383 0.916667
vt 0.106383 0.083333
vt 0.106383 0.000000
vt 0.106383 0.166667
vt 0.106383 0.250000
vt 0.106383 0.333333
vt 0.106383 0.416667
vt 0.106383 0.500000
vt 0.106383 0.583333
vt 0.106383 0.666667
vt 0.106383 0.750000
vt 0.106383 0.833333
vt 0.148936 1.000000
vt 0.148936 0.916667
vt 0.148936 0.083333
vt 0.148936 0.000000
vt 0.148936 0.166667
vt 0.148936 0.250000
vt 0.148936 0.333333
vt 0.148936 0.416667
vt 0.148936 0.500000
vt 0.148936 0.583333
vt 0.148936 0.666667
vt 0.148936 0.750000
vt 0.148936 0.833333
vt 0.191489 1.000000
vt 0.191489 0.916667
vt 0.191489 0.083333
vt 0.191489 0.000000
vt 0.191489 0.166667
vt 0.191489 0.250000
vt 0.191489 0.333333
vt 0.191489 0.416667
vt 0.191489 0.500000
vt 0.191489 0.583333
vt 0.191489 0.666667
vt 0.191489 0.750000
vt 0.191489 0.833333
vt 0.234043 1.000000
vt 0.234043 0.916667
vt 0.234043 0.083333
vt 0.234043 0.000000
vt 0.234043 0.166667
vt 0.234043 0.250000
vt 0.234043 0.333333
vt 0.234043 0.416667
vt 0.234043 0.500000
vt 0.234043 0.583333
vt 0.234043 0.666667
vt 0.234043 0.750000
vt 0.234043 0.833333
vt 0.276596 1.000000
vt 0.276596 0.916667
vt 0.276596 0.083333
vt 0.276596 0.000000
vt 0.276596 0.166667
vt 0.276596 0.250000
vt 0.276596 0.333333
vt 0.276596 0.416667
vt 0.276596 0.500000
vt 0.276596 0.583333
vt 0.276596 0.666667
vt 0.276596 0.750000
vt 0.276596 0.833333
vt 0.319149 1.000000
vt 0.319149 0.916667
vt 0.319149 0.083333
vt 0.319149 0.000000
vt 0.319149 0.166667
vt 0.319149 0.250000
vt 0.319149 0.333333
vt 0.319149 0.416667
vt 0.319149 0.500000
vt 0.319149 0.583333
vt 0.319149 0.666667
vt 0.319149 0.750000
vt 0.319149 0.833333
vt 0.361702 1.000000
vt 0.361702 0.916667
vt 0.361702 0.083333
vt 0.361702 0.000000
vt 0.361702 0.166667
vt 0.361702 0.250000
vt 0.361702 0.333333
vt 0.361702 0.416667
vt 0.361702 0.500000
vt 0.361702 0.583333
vt 0.361702 0.666667
vt 0.361702 0.750000
vt 0.361702 0.833333
vt 0.404255 1.000000
vt 0.404255 0.916667
vt 0.404255 0.083333
vt 0.404255 0.000000
vt 0.404255 0.166667
vt 0.404255 0.250000
vt 0.404255 0.333333
vt 0.404255 0.416667
vt 0.404255 0.500000
vt 0.404255 0.583333
vt 0.404255 0.666667
vt 0.404255 0.750000
vt 0.404255 0.833333
vt 0.446809 1.000000
vt 0.446809 0.916667
vt 0.446809 0.083333
vt 0.446809 0.000000
vt 0.446809 0.166667
vt 0.446809 0.250000
vt 0.446809 0.333333
vt 0.446809 0.416667
vt 0.446809 0.500000
vt 0.446809 0.583333
vt 0.446809 0.666667
vt 0.446809 0.750000
vt 0.446809 0.833333
vt 0.489362 0.083333
vt 0.489362 0.000000
vt 0.489362 0.166667
vt 0.489362 0.250000
vt 0.489362 0.333333
vt 0.489362 0.416667
vt 0.489362 0.500000
vt 0.489362 0.583333
vt 0.489362 0.666667
vt 0.489362 0.750000
vt 0.489362 0.833333
vt 0.489362 0.916667
vt 0.489362 1.000000
vt 0.510638 1.000000
vt 0.510638 0.916667
vt 0.510638 0.083333
vt 0.510638 0.000000
vt 0.510638 0.166667
vt 0.510638 0.250000
vt 0.510638 0.333333
vt 0.510638 0.416667
vt 0.510638 0.500000
vt 0.510638 0.583333
vt 0.510638 0.666667
vt 0.510638 0.750000
vt 0.510638 0.833333
vt 0.531915 1.000000
vt 0.531915 0.916667
vt 0.531915 0.083333
vt 0.531915 0.000000
vt 0.531915 0.166667
vt 0.531915 0.250000
vt 0.531915 0.333333
vt 0.531915 0.416667
vt 0.531915 0.500000
vt 0.531915 0.583333
vt 0.531915 0.666667
vt 0.531915 0.750000
vt 0.531915 0.833333
vt 0.574468 0.083333
vt 0.574468 0.000000
vt 0.574468 0.166667
vt 0.574468 0.250000
vt 0.574468 0.333333
vt 0.574468 0.416667
vt 0.574468 0.500000
vt 0.574468 0.583333
vt 0.574468 0.666667
vt 0.574468 0.750000
vt 0.574468 0.833333
vt 0.574468 0.916667
vt 0.000000 0.000000
vt 0.617021 0.083333
vt 0.617021 0.000000
vt 0.617021 0.166667
vt 0.617021 0.250000
vt 0.617021 0.333333
vt 0.617021 0.416667
vt 0.617021 0.500000
vt 0.617021 0.583333
vt 0.617021 0.666667
vt 0.617021 0.750000
vt 0.617021 0.833333
vt 0.617021 0.916667
vt 0.659574 0.083333
vt 0.659574 0.000000
vt 0.659574 0.166667
vt 0.659574 0.250000
vt 0.659574 0.333333
vt 0.659574 0.416667
vt 0.659574 0.500000
vt 0.659574 0.583333
vt 0.659574 0.666667
vt 0.659574 0.750000
vt 0.659574 0.833333
vt 0.659574 0.916667
vt 0.574468 1.000000
vt 0.617021 1.000000
vt 0.702128 0.083333
vt 0.702128 0.000000
vt 0.702128 0.166667
vt 0.702128 0.250000
vt 0.702128 0.333333
vt 0.702128 0.416667
vt 0.702128 0.500000
vt 0.702128 0.583333
vt 0.702128 0.666667
vt 0.702128 0.750000
vt 0.702128 0.833333
vt 0.702128 0.916667
vt 0.659574 1.000000
vt 0.744681 0.083333
vt 0.744681 0.000000
vt 0.744681 0.166667
vt 0.744681 0.250000
vt 0.744681 0.333333
vt 0.744681 0.416667
vt 0.744681 0.500000
vt 0.744681 0.583333
vt 0.744681 0.666667
vt 0.744681 0.750000
vt 0.744681 0.833333
vt 0.744681 0.916667
vt 0.702128 1.000000
vt 0.787234 0.083333
vt 0.787234 0.000000
vt 0.787234 0.166667
vt 0.787234 0.250000
vt 0.787234 0.333333
vt 0.787234 0.416667
vt 0.787234 0.500000
vt 0.787234 0.583333
vt 0.787234 0.666667
vt 0.787234 0.750000
vt 0.787234 0.833333
vt 0.787234 0.916667
vt 0.744681 1.000000
vt 0.829787 0.083333
vt 0.829787 0.000000
vt 0.829787 0.166667
vt 0.829787 0.250000
vt 0.829787 0.333333
vt 0.829787 0.416667
vt 0.829787 0.500000
vt 0.829787 0.583333
vt 0.829787 0.666667
vt 0.829787 0.750000
vt 0.829787 0.833333
vt 0.829787 0.916667
vt 0.787234 1.000000
vt 0.872340 0.083333
vt 0.872340 0.000000
vt 0.872340 0.166667
vt 0.872340 0.250000
vt 0.872340 0.333333
vt 0.872340 0.416667
vt 0.872340 0.500000
vt 0.872340 0.583333
vt 0.872340 0.666667
vt 0.872340 0.750000
vt 0.872340 0.833333
vt 0.872340 0.916667
vt 0.829787 1.000000
vt 0.898604 0.043313
vt 0.898599 0.000000
vt 0.899008 0.083333
vt 0.899644 0.129456
vt 0.901251 0.166667
vt 0.902675 0.199627
vt 0.906708 0.250000
vt 0.907490 0.263348
vt 0.914894 0.333333
vt 0.914894 0.332300
vt 0.913762 0.326211
vt 0.914894 0.416667
vt 0.914894 0.500000
vt 0.913756 0.507193
vt 0.914894 0.501070
vt 0.906705 0.583333
vt 0.907481 0.570094
vt 0.902664 0.633799
vt 0.901245 0.666667
vt 0.899634 0.703969
vt 0.899000 0.750000
vt 0.898597 0.790113
vt 0.898594 0.833333
vt 0.898594 0.916667
vt 0.872340 1.000000
vt 0.898599 1.000000
vt 0.021277 1.000000
vt 0.898604 0.043313
vt 0.899008 0.083333
vt 0.898599 0.000000
vt 0.899644 0.129456
vt 0.901251 0.166667
vt 0.902675 0.199627
vt 0.906708 0.250000
vt 0.913762 0.326211
vt 0.914894 0.332300
vt 0.907490 0.263348
vt 0.907481 0.570094
vt 0.914894 0.501070
vt 0.913756 0.507193
vt 0.902664 0.633799
vt 0.901245 0.666667
vt 0.899634 0.703969
vt 0.898597 0.790113
vt 0.898594 0.916667
vt 0.898599 1.000000
vt 0.418101 0.956899
vt 0.581899 0.956899
vt 0.581899 0.793101
vt 0.418101 0.793101
vt 0.375000 0.665056
vt 0.375000 0.667743
vt 0.375000 0.671243
vt 0.375000 0.672425
vt 0.375000 0.667743
vt 0.375000 0.664436
vt 0.375000 0.661755
vt 0.375000 0.706899
vt 0.375000 0.672511
vt 0.375000 0.670640
vt 0.375000 0.669843
vt 0.375000 0.543101
vt 0.375000 0.588245
vt 0.375000 0.585564
vt 0.375000 0.582257
vt 0.375000 0.578757
vt 0.375000 0.577575
vt 0.375000 0.582257
vt 0.375000 0.584944
vt 0.375000 0.580158
vt 0.375000 0.579360
vt 0.375000 0.577490
vt 0.625000 0.672511
vt 0.625000 0.706899
vt 0.625000 0.675242
vt 0.625000 0.677529
vt 0.625000 0.678917
vt 0.625000 0.679382
vt 0.625000 0.678917
vt 0.625000 0.677529
vt 0.625000 0.675242
vt 0.625000 0.543101
vt 0.625000 0.577490
vt 0.625000 0.574758
vt 0.625000 0.572471
vt 0.625000 0.571084
vt 0.625000 0.570618
vt 0.625000 0.571083
vt 0.625000 0.572471
vt 0.625000 0.574758
vt 0.625000 0.577489
vt 0.375000 0.079360
vt 0.375000 0.077490
vt 0.375000 0.043101
vt 0.375000 0.088245
vt 0.375000 0.085564
vt 0.375000 0.082257
vt 0.375000 0.078757
vt 0.375000 0.077575
vt 0.375000 0.078757
vt 0.375000 0.082257
vt 0.375000 0.084944
vt 0.375000 0.080157
vt 0.375000 0.165056
vt 0.375000 0.167743
vt 0.375000 0.171243
vt 0.375000 0.172425
vt 0.375000 0.167743
vt 0.375000 0.164436
vt 0.375000 0.161755
vt 0.375000 0.206899
vt 0.375000 0.172510
vt 0.375000 0.170640
vt 0.375000 0.169843
vt 0.418101 0.456899
vt 0.581899 0.456899
vt 0.581899 0.293101
vt 0.418101 0.293101
vt 0.406946 0.968054
vt 0.593054 0.968054
vt 0.396551 0.978450
vt 0.603449 0.978449
vt 0.387624 1.000000
vt 0.612376 1.000000
vt 0.380774 0.021551
vt 0.619226 0.021551
vt 0.612376 0.000000
vt 0.387624 0.000000
vt 0.376469 0.031946
vt 0.623531 0.031946
vt 0.625000 0.043101
vt 0.593054 0.281946
vt 0.406946 0.281946
vt 0.603449 0.271551
vt 0.396551 0.271551
vt 0.612376 0.250000
vt 0.387624 0.250000
vt 0.619226 0.228449
vt 0.380774 0.228449
vt 0.623531 0.218054
vt 0.376469 0.218054
vt 0.625000 0.206899
vt 0.312047 0.543101
vt 0.326708 0.538756
vt 0.332864 0.531946
vt 0.176276 0.531946
vt 0.182469 0.538769
vt 0.197111 0.543101
vt 0.126469 0.531946
vt 0.125000 0.543101
vt 0.373531 0.531946
vt 0.337839 0.526419
vt 0.369226 0.521551
vt 0.333424 0.521551
vt 0.175673 0.521551
vt 0.171277 0.526434
vt 0.130774 0.521551
vt 0.326628 0.503471
vt 0.362376 0.500000
vt 0.321777 0.500000
vt 0.187254 0.500000
vt 0.182379 0.503502
vt 0.137624 0.500000
vt 0.375000 0.446777
vt 0.375000 0.487376
vt 0.396551 0.478449
vt 0.396551 0.423713
vt 0.396551 0.335194
vt 0.375000 0.312254
vt 0.375000 0.262624
vt 0.398169 0.421463
vt 0.406946 0.468054
vt 0.398161 0.337412
vt 0.873531 0.531946
vt 0.626469 0.531946
vt 0.875000 0.543101
vt 0.869226 0.521551
vt 0.630775 0.521551
vt 0.862376 0.500000
vt 0.637624 0.500000
vt 0.603449 0.478449
vt 0.625000 0.487376
vt 0.625000 0.262624
vt 0.593054 0.468054
vt 0.623531 0.531946
vt 0.376469 0.531946
vt 0.619226 0.521551
vt 0.380774 0.521551
vt 0.612376 0.500000
vt 0.387624 0.500000
vt 0.593054 0.781946
vt 0.406946 0.781946
vt 0.603449 0.771551
vt 0.396551 0.771551
vt 0.612376 0.750000
vt 0.387624 0.750000
vt 0.619226 0.728449
vt 0.380774 0.728449
vt 0.623531 0.718054
vt 0.376469 0.718054
vt 0.326707 0.711244
vt 0.332863 0.718054
vt 0.373531 0.718054
vt 0.312046 0.706899
vt 0.182469 0.711232
vt 0.197110 0.706899
vt 0.125000 0.706899
vt 0.126469 0.718054
vt 0.176276 0.718054
vt 0.337839 0.723581
vt 0.333424 0.728449
vt 0.369226 0.728449
vt 0.332864 0.718054
vt 0.171277 0.723566
vt 0.130774 0.728449
vt 0.175673 0.728449
vt 0.182379 0.746498
vt 0.137624 0.750000
vt 0.187254 0.750000
vt 0.326628 0.746529
vt 0.321778 0.750000
vt 0.362376 0.750000
vt 0.375000 0.987376
vt 0.396551 0.914806
vt 0.375000 0.937746
vt 0.375000 0.762624
vt 0.375000 0.803223
vt 0.396551 0.826287
vt 0.398161 0.912588
vt 0.398169 0.828537
vt 0.626469 0.718054
vt 0.873531 0.718054
vt 0.875000 0.706899
vt 0.630774 0.728449
vt 0.869226 0.728449
vt 0.637624 0.750000
vt 0.862376 0.750000
vt 0.625000 0.987376
vt 0.625000 0.762624
vt 0.125000 0.547780
vt 0.125000 0.547787
vt 0.125000 0.551085
vt 0.125000 0.702220
vt 0.125000 0.661755
vt 0.125000 0.662705
vt 0.125000 0.666895
vt 0.125000 0.669475
vt 0.125000 0.670347
vt 0.125000 0.669475
vt 0.125000 0.666895
vt 0.125000 0.662704
vt 0.125000 0.702213
vt 0.125000 0.698915
vt 0.125000 0.588245
vt 0.125000 0.587296
vt 0.125000 0.583105
vt 0.125000 0.580525
vt 0.125000 0.579653
vt 0.125000 0.580525
vt 0.125000 0.587296
vt 0.125000 0.588245
vt 0.718750 0.730802
vt 0.718750 0.687500
vt 0.750000 0.687500
vt 0.750000 0.730802
vt 0.749999 0.730802
vt 0.718750 0.687203
vt 0.750000 0.687204
vt 0.687500 0.730801
vt 0.687500 0.687500
vt 0.718749 0.730801
vt 0.687500 0.687203
vt 0.656250 0.687500
vt 0.656250 0.687203
vt 0.656250 0.625000
vt 0.662094 0.625000
vt 0.656250 0.661362
vt 0.656250 0.562500
vt 0.667581 0.562500
vt 0.669293 0.500000
vt 0.656250 0.437500
vt 0.667581 0.437500
vt 0.656250 0.375000
vt 0.662094 0.375000
vt 0.656250 0.345399
vt 0.657345 0.345452
vt 0.656250 0.730800
vt 0.687499 0.730800
vt 0.625000 0.437500
vt 0.625000 0.375000
vt 0.625000 0.345560
vt 0.645812 0.345879
vt 0.656249 0.730800
vt 0.625000 0.730800
vt 0.625000 0.687500
vt 0.625000 0.625000
vt 0.650991 0.687203
vt 0.625000 0.562500
vt 0.593750 0.625000
vt 0.593750 0.562500
vt 0.593750 0.437500
vt 0.593750 0.375000
vt 0.593750 0.345400
vt 0.604183 0.345879
vt 0.624999 0.730799
vt 0.593750 0.730799
vt 0.593750 0.687500
vt 0.562500 0.375000
vt 0.562500 0.345559
vt 0.583317 0.345880
vt 0.562500 0.730799
vt 0.562500 0.687500
vt 0.593749 0.730799
vt 0.562500 0.625000
vt 0.562500 0.562500
vt 0.562500 0.437500
vt 0.531250 0.625000
vt 0.531250 0.562500
vt 0.531250 0.437500
vt 0.531250 0.375000
vt 0.531250 0.345400
vt 0.541683 0.345879
vt 0.562500 0.345559
vt 0.531250 0.730799
vt 0.531250 0.687500
vt 0.562500 0.730799
vt 0.500000 0.375000
vt 0.500000 0.345559
vt 0.520817 0.345879
vt 0.500000 0.730798
vt 0.500000 0.687500
vt 0.531250 0.730799
vt 0.500000 0.730799
vt 0.500000 0.625000
vt 0.500000 0.562500
vt 0.500000 0.500000
vt 0.500000 0.437500
vt 0.468750 0.562500
vt 0.468750 0.500000
vt 0.468750 0.437500
vt 0.468750 0.375000
vt 0.468750 0.345399
vt 0.479183 0.345879
vt 0.468750 0.730799
vt 0.468750 0.687500
vt 0.468750 0.730798
vt 0.468750 0.625000
vt 0.437500 0.730799
vt 0.437500 0.687500
vt 0.437500 0.730799
vt 0.437500 0.625000
vt 0.437500 0.562500
vt 0.437500 0.500000
vt 0.437500 0.437500
vt 0.437500 0.375000
vt 0.437500 0.345559
vt 0.458317 0.345879
vt 0.406250 0.500000
vt 0.406250 0.437500
vt 0.406250 0.375000
vt 0.406250 0.345400
vt 0.416683 0.345879
vt 0.406250 0.730799
vt 0.406250 0.687500
vt 0.406251 0.730799
vt 0.406250 0.625000
vt 0.406250 0.562500
vt 0.375001 0.730799
vt 0.375000 0.730800
vt 0.375000 0.687500
vt 0.375000 0.625000
vt 0.375000 0.562500
vt 0.375000 0.500000
vt 0.375000 0.437500
vt 0.375000 0.375000
vt 0.375000 0.345559
vt 0.395817 0.345879
vt 0.343750 0.500000
vt 0.343750 0.437500
vt 0.343750 0.375000
vt 0.375000 0.345560
vt 0.343750 0.345399
vt 0.354188 0.345879
vt 0.375000 0.345560
vt 0.343751 0.730800
vt 0.343750 0.730800
vt 0.343750 0.687500
vt 0.343750 0.661362
vt 0.343750 0.625000
vt 0.343750 0.687204
vt 0.349009 0.687203
vt 0.343750 0.562500
vt 0.337906 0.625000
vt 0.312500 0.687500
vt 0.312500 0.687204
vt 0.332419 0.562500
vt 0.330707 0.500000
vt 0.332419 0.437500
vt 0.337906 0.375000
vt 0.342655 0.345452
vt 0.343750 0.345400
vt 0.312501 0.730800
vt 0.312500 0.730801
vt 0.281251 0.730801
vt 0.281250 0.730801
vt 0.281250 0.687500
vt 0.281250 0.687204
vt 0.250000 0.687500
vt 0.250000 0.687203
vt 0.250000 0.730802
vt 0.250001 0.730801
vt 0.218750 0.730803
vt 0.218750 0.687500
vt 0.218751 0.730802
vt 0.218750 0.687203
vt 0.187500 0.730803
vt 0.187500 0.687500
vt 0.187501 0.730803
vt 0.187500 0.687203
vt 0.157345 0.345452
vt 0.162094 0.375000
vt 0.156250 0.375000
vt 0.156250 0.345399
vt 0.156250 0.730804
vt 0.156250 0.687500
vt 0.156251 0.730803
vt 0.156250 0.625000
vt 0.162094 0.625000
vt 0.156250 0.661362
vt 0.156250 0.687204
vt 0.156250 0.562500
vt 0.167581 0.562500
vt 0.156250 0.500000
vt 0.169293 0.500000
vt 0.156250 0.437500
vt 0.167581 0.437500
vt 0.125000 0.562500
vt 0.125000 0.500000
vt 0.125000 0.437500
vt 0.125000 0.375000
vt 0.125000 0.345559
vt 0.145812 0.345879
vt 0.125000 0.730804
vt 0.125000 0.687500
vt 0.125001 0.730803
vt 0.150991 0.687204
vt 0.125000 0.625000
vt 0.093750 0.730805
vt 0.093750 0.687500
vt 0.093751 0.730804
vt 0.093750 0.625000
vt 0.093750 0.562500
vt 0.093750 0.500000
vt 0.093750 0.437500
vt 0.093750 0.375000
vt 0.093750 0.345400
vt 0.104183 0.345879
vt 0.125000 0.345559
vt 0.062500 0.562500
vt 0.062500 0.500000
vt 0.062500 0.437500
vt 0.062500 0.375000
vt 0.062500 0.345559
vt 0.083317 0.345879
vt 0.062500 0.730804
vt 0.062500 0.730805
vt 0.062500 0.687500
vt 0.062500 0.625000
vt 0.031250 0.730805
vt 0.031250 0.730805
vt 0.031250 0.687500
vt 0.031250 0.625000
vt 0.031250 0.562500
vt 0.031250 0.500000
vt 0.031250 0.437500
vt 0.031250 0.375000
vt 0.031250 0.345400
vt 0.041683 0.345879
vt 0.000000 0.437500
vt 0.000000 0.375000
vt 0.000000 0.345559
vt 0.020817 0.345879
vt 0.000000 0.730805
vt 0.000000 0.687500
vt 0.000000 0.730805
vt 0.000000 0.625000
vt 0.000000 0.562500
vt 0.968750 0.687500
vt 1.000000 0.687500
vt 1.000000 0.730805
vt 0.968750 0.730805
vt 1.000000 0.625000
vt 0.968750 0.625000
vt 1.000000 0.562500
vt 0.968750 0.562500
vt 0.968750 0.500000
vt 1.000000 0.437500
vt 0.968750 0.437500
vt 1.000000 0.375000
vt 0.968750 0.375000
vt 0.968750 0.345400
vt 0.979183 0.345880
vt 1.000000 0.345559
vt 0.937500 0.500000
vt 0.937500 0.437500
vt 0.937500 0.375000
vt 0.937500 0.345559
vt 0.958317 0.345880
vt 0.937500 0.730805
vt 0.937500 0.687500
vt 0.968750 0.730805
vt 0.937500 0.625000
vt 0.937500 0.562500
vt 0.906250 0.687500
vt 0.906250 0.625000
vt 0.906250 0.562500
vt 0.906250 0.500000
vt 0.906250 0.437500
vt 0.906250 0.375000
vt 0.906250 0.345400
vt 0.916683 0.345879
vt 0.906250 0.730804
vt 0.937500 0.730804
vt 0.875000 0.437500
vt 0.875000 0.375000
vt 0.875000 0.345559
vt 0.895817 0.345879
vt 0.906249 0.730804
vt 0.875000 0.730804
vt 0.875000 0.687500
vt 0.875000 0.625000
vt 0.875000 0.562500
vt 0.875000 0.500000
vt 0.843750 0.625000
vt 0.843750 0.562500
vt 0.843750 0.500000
vt 0.843750 0.437500
vt 0.843750 0.375000
vt 0.843750 0.345400
vt 0.854188 0.345880
vt 0.874999 0.730803
vt 0.843750 0.730804
vt 0.843750 0.687500
vt 0.849009 0.687204
vt 0.843750 0.661362
vt 0.843750 0.687204
vt 0.837906 0.375000
vt 0.842655 0.345452
vt 0.812500 0.730803
vt 0.812500 0.687500
vt 0.843749 0.730803
vt 0.837906 0.625000
vt 0.812500 0.687204
vt 0.832419 0.562500
vt 0.830707 0.500000
vt 0.832419 0.437500
vt 0.781250 0.730802
vt 0.781250 0.687500
vt 0.812499 0.730802
vt 0.781250 0.687204
vt 0.781249 0.730802
vt 0.520833 0.500000
vt 0.520833 0.583333
vt 0.500000 0.583333
vt 0.520833 0.666667
vt 0.500000 0.666667
vt 0.500000 0.725022
vt 0.520833 0.727615
vt 0.520833 0.172689
vt 0.520833 0.250000
vt 0.500000 0.250000
vt 0.500000 0.175224
vt 0.520833 0.333333
vt 0.500000 0.333333
vt 0.520833 0.416667
vt 0.500000 0.416667
vt 0.541667 0.500000
vt 0.541667 0.583333
vt 0.541667 0.666667
vt 0.531250 0.723725
vt 0.541667 0.727615
vt 0.541667 0.172689
vt 0.541667 0.250000
vt 0.531250 0.176494
vt 0.531250 0.176494
vt 0.541667 0.333333
vt 0.541667 0.416667
vt 0.562500 0.583333
vt 0.562500 0.666667
vt 0.562500 0.725022
vt 0.562500 0.175224
vt 0.562500 0.250000
vt 0.562500 0.175224
vt 0.562500 0.333333
vt 0.562500 0.416667
vt 0.583333 0.500000
vt 0.583333 0.583333
vt 0.583333 0.666667
vt 0.583333 0.727615
vt 0.562500 0.725022
vt 0.583333 0.172689
vt 0.583333 0.250000
vt 0.583333 0.333333
vt 0.583333 0.416667
vt 0.604167 0.500000
vt 0.604167 0.583333
vt 0.604167 0.666667
vt 0.604167 0.727615
vt 0.593750 0.723725
vt 0.604167 0.172689
vt 0.604167 0.250000
vt 0.593750 0.176493
vt 0.604167 0.333333
vt 0.604167 0.416667
vt 0.625000 0.583333
vt 0.625000 0.666667
vt 0.625000 0.725022
vt 0.625000 0.175224
vt 0.625000 0.175223
vt 0.625000 0.250000
vt 0.625000 0.333333
vt 0.625000 0.416667
vt 0.645833 0.500000
vt 0.645833 0.583333
vt 0.645833 0.666667
vt 0.645833 0.727615
vt 0.645833 0.172689
vt 0.645833 0.250000
vt 0.645833 0.333333
vt 0.645833 0.416667
vt 0.666667 0.500000
vt 0.666667 0.583333
vt 0.666667 0.653580
vt 0.665443 0.666667
vt 0.657398 0.724153
vt 0.656250 0.723725
vt 0.666667 0.172688
vt 0.666667 0.250000
vt 0.656250 0.176493
vt 0.666667 0.333333
vt 0.666667 0.416667
vt 0.687500 0.583333
vt 0.669414 0.620484
vt 0.666667 0.653579
vt 0.687500 0.620485
vt 0.687500 0.175223
vt 0.687500 0.250000
vt 0.687500 0.175223
vt 0.687500 0.333333
vt 0.687500 0.416667
vt 0.708333 0.500000
vt 0.708333 0.583333
vt 0.708333 0.620484
vt 0.708333 0.172688
vt 0.708333 0.250000
vt 0.708333 0.333333
vt 0.708333 0.416667
vt 0.729167 0.500000
vt 0.729167 0.583333
vt 0.729167 0.620485
vt 0.729167 0.172688
vt 0.729167 0.250000
vt 0.718750 0.176493
vt 0.729167 0.333333
vt 0.729167 0.416667
vt 0.750000 0.583333
vt 0.750000 0.620485
vt 0.750000 0.250000
vt 0.750000 0.175223
vt 0.750000 0.175222
vt 0.750000 0.333333
vt 0.750000 0.416667
vt 0.770833 0.500000
vt 0.770833 0.583333
vt 0.770833 0.620485
vt 0.770833 0.250000
vt 0.750000 0.175222
vt 0.770833 0.172687
vt 0.770833 0.333333
vt 0.770833 0.416667
vt 0.791667 0.500000
vt 0.791667 0.583333
vt 0.791667 0.620485
vt 0.791667 0.250000
vt 0.781250 0.176492
vt 0.791667 0.172687
vt 0.791667 0.333333
vt 0.791667 0.416667
vt 0.812500 0.583333
vt 0.812500 0.620485
vt 0.812500 0.250000
vt 0.791667 0.172687
vt 0.812500 0.175221
vt 0.812500 0.175221
vt 0.812500 0.333333
vt 0.812500 0.416667
vt 0.833333 0.500000
vt 0.833333 0.583333
vt 0.833333 0.653580
vt 0.830586 0.620485
vt 0.833333 0.250000
vt 0.833333 0.172687
vt 0.833333 0.333333
vt 0.833333 0.416667
vt 0.854167 0.500000
vt 0.854167 0.583333
vt 0.854167 0.666667
vt 0.834557 0.666667
vt 0.843750 0.723725
vt 0.842602 0.724153
vt 0.854167 0.727615
vt 0.854167 0.250000
vt 0.833333 0.172687
vt 0.843750 0.176492
vt 0.843750 0.176491
vt 0.854167 0.172687
vt 0.854167 0.333333
vt 0.854167 0.416667
vt 0.875000 0.583333
vt 0.875000 0.666667
vt 0.875000 0.725023
vt 0.875000 0.725023
vt 0.875000 0.250000
vt 0.875000 0.175221
vt 0.875000 0.175221
vt 0.875000 0.333333
vt 0.875000 0.416667
vt 0.895833 0.500000
vt 0.895833 0.583333
vt 0.895833 0.666667
vt 0.895833 0.727615
vt 0.895833 0.250000
vt 0.895833 0.172687
vt 0.895833 0.333333
vt 0.895833 0.416667
vt 0.916667 0.500000
vt 0.916667 0.583333
vt 0.916667 0.666667
vt 0.906250 0.723725
vt 0.916667 0.727615
vt 0.916667 0.250000
vt 0.906250 0.176491
vt 0.913315 0.173918
vt 0.913315 0.173918
vt 0.916667 0.172687
vt 0.916667 0.333333
vt 0.916667 0.416667
vt 0.937500 0.583333
vt 0.937500 0.666667
vt 0.937500 0.725023
vt 0.937500 0.725022
vt 0.937500 0.250000
vt 0.937500 0.175221
vt 0.937500 0.175221
vt 0.937500 0.333333
vt 0.937500 0.416667
vt 0.958333 0.500000
vt 0.958333 0.583333
vt 0.958333 0.666667
vt 0.958333 0.727615
vt 0.958333 0.250000
vt 0.937500 0.175221
vt 0.958333 0.172687
vt 0.958333 0.333333
vt 0.958333 0.416667
vt 0.979167 0.500000
vt 0.979167 0.583333
vt 0.979167 0.666667
vt 0.979167 0.727615
vt 0.968750 0.723725
vt 0.979167 0.250000
vt 0.968750 0.176491
vt 0.968750 0.176490
vt 0.979167 0.172687
vt 0.979167 0.333333
vt 0.979167 0.416667
vt 1.000000 0.583333
vt 1.000000 0.666667
vt 1.000000 0.725023
vt 1.000000 0.250000
vt 0.979167 0.172686
vt 1.000000 0.175221
vt 1.000000 0.333333
vt 1.000000 0.416667
vt 0.000000 0.500000
vt 0.020833 0.500000
vt 0.020833 0.583333
vt 0.000000 0.583333
vt 0.020833 0.666667
vt 0.000000 0.666667
vt 0.000000 0.725023
vt 0.020833 0.727615
vt 0.020833 0.172686
vt 0.020833 0.250000
vt 0.000000 0.250000
vt 0.000000 0.175221
vt 0.020833 0.333333
vt 0.000000 0.333333
vt 0.020833 0.416667
vt 0.000000 0.416667
vt 0.041667 0.500000
vt 0.041667 0.583333
vt 0.041667 0.666667
vt 0.041667 0.727615
vt 0.031250 0.723725
vt 0.041667 0.172687
vt 0.041667 0.250000
vt 0.020833 0.172687
vt 0.031250 0.176491
vt 0.041667 0.333333
vt 0.041667 0.416667
vt 0.062500 0.583333
vt 0.062500 0.666667
vt 0.062500 0.725023
vt 0.062500 0.175221
vt 0.062500 0.250000
vt 0.062500 0.333333
vt 0.062500 0.416667
vt 0.083333 0.500000
vt 0.083333 0.583333
vt 0.083333 0.666667
vt 0.083333 0.727615
vt 0.062500 0.725023
vt 0.062500 0.175221
vt 0.083333 0.172687
vt 0.083333 0.250000
vt 0.062500 0.175221
vt 0.083333 0.333333
vt 0.083333 0.416667
vt 0.104167 0.500000
vt 0.104167 0.583333
vt 0.104167 0.666667
vt 0.104167 0.727615
vt 0.093750 0.723725
vt 0.104167 0.172687
vt 0.104167 0.250000
vt 0.083333 0.172686
vt 0.093750 0.176491
vt 0.104167 0.333333
vt 0.104167 0.416667
vt 0.125000 0.583333
vt 0.125000 0.666667
vt 0.125000 0.725022
vt 0.125000 0.175221
vt 0.125000 0.250000
vt 0.104167 0.172687
vt 0.125000 0.333333
vt 0.125000 0.416667
vt 0.145833 0.500000
vt 0.145833 0.583333
vt 0.145833 0.666667
vt 0.145833 0.727615
vt 0.125000 0.725022
vt 0.125000 0.175221
vt 0.145833 0.172687
vt 0.145833 0.250000
vt 0.125000 0.175221
vt 0.145833 0.333333
vt 0.145833 0.416667
vt 0.166667 0.500000
vt 0.166667 0.583333
vt 0.165443 0.666667
vt 0.166667 0.653580
vt 0.157398 0.724153
vt 0.156250 0.723725
vt 0.156250 0.176492
vt 0.166667 0.172687
vt 0.166667 0.250000
vt 0.166667 0.333333
vt 0.166667 0.416667
vt 0.187500 0.583333
vt 0.187500 0.620485
vt 0.169414 0.620485
vt 0.187500 0.175221
vt 0.187500 0.250000
vt 0.187500 0.333333
vt 0.187500 0.416667
vt 0.208333 0.500000
vt 0.208333 0.583333
vt 0.208333 0.620485
vt 0.208333 0.250000
vt 0.187500 0.175221
vt 0.208333 0.172687
vt 0.208333 0.333333
vt 0.208333 0.416667
vt 0.229167 0.500000
vt 0.229167 0.583333
vt 0.229167 0.620485
vt 0.218750 0.176492
vt 0.229167 0.172688
vt 0.229167 0.250000
vt 0.229167 0.333333
vt 0.229167 0.416667
vt 0.250000 0.583333
vt 0.250000 0.620485
vt 0.250000 0.250000
vt 0.250000 0.175222
vt 0.250000 0.333333
vt 0.250000 0.416667
vt 0.270833 0.500000
vt 0.270833 0.583333
vt 0.270833 0.620485
vt 0.270833 0.250000
vt 0.250000 0.175223
vt 0.270833 0.172688
vt 0.270833 0.333333
vt 0.270833 0.416667
vt 0.291667 0.500000
vt 0.291667 0.583333
vt 0.291667 0.620484
vt 0.291667 0.250000
vt 0.281250 0.176493
vt 0.291667 0.172688
vt 0.291667 0.333333
vt 0.291667 0.416667
vt 0.312500 0.583333
vt 0.312500 0.620484
vt 0.312500 0.250000
vt 0.312500 0.175223
vt 0.312500 0.333333
vt 0.312500 0.416667
vt 0.333333 0.500000
vt 0.333333 0.583333
vt 0.333333 0.653580
vt 0.330586 0.620484
vt 0.333333 0.250000
vt 0.312500 0.175223
vt 0.333333 0.172688
vt 0.333333 0.333333
vt 0.333333 0.416667
vt 0.354167 0.500000
vt 0.354167 0.583333
vt 0.354167 0.666667
vt 0.334557 0.666667
vt 0.342602 0.724153
vt 0.354167 0.727615
vt 0.343750 0.723725
vt 0.354167 0.250000
vt 0.336685 0.173919
vt 0.336685 0.173919
vt 0.343750 0.176493
vt 0.354167 0.172689
vt 0.354167 0.333333
vt 0.354167 0.416667
vt 0.375000 0.583333
vt 0.375000 0.666667
vt 0.375000 0.725022
vt 0.375000 0.250000
vt 0.367973 0.174363
vt 0.367973 0.174363
vt 0.375000 0.175223
vt 0.375000 0.333333
vt 0.375000 0.416667
vt 0.395833 0.500000
vt 0.395833 0.583333
vt 0.395833 0.666667
vt 0.375000 0.725022
vt 0.395833 0.727615
vt 0.395833 0.250000
vt 0.375000 0.175224
vt 0.395833 0.172689
vt 0.395833 0.333333
vt 0.395833 0.416667
vt 0.416667 0.500000
vt 0.416667 0.583333
vt 0.416667 0.666667
vt 0.406250 0.723725
vt 0.416667 0.727615
vt 0.416667 0.250000
vt 0.399185 0.173919
vt 0.399185 0.173920
vt 0.406250 0.176493
vt 0.416667 0.172689
vt 0.416667 0.333333
vt 0.416667 0.416667
vt 0.437500 0.583333
vt 0.437500 0.666667
vt 0.437500 0.725022
vt 0.437500 0.250000
vt 0.437500 0.175224
vt 0.437500 0.333333
vt 0.437500 0.416667
vt 0.458333 0.500000
vt 0.458333 0.583333
vt 0.458333 0.666667
vt 0.437500 0.725022
vt 0.458333 0.727615
vt 0.458333 0.250000
vt 0.437500 0.175224
vt 0.458333 0.172689
vt 0.458333 0.333333
vt 0.458333 0.416667
vt 0.479167 0.500000
vt 0.479167 0.583333
vt 0.479167 0.666667
vt 0.479167 0.727615
vt 0.468750 0.723725
vt 0.479167 0.250000
vt 0.461685 0.173920
vt 0.461685 0.173920
vt 0.468750 0.176493
vt 0.479167 0.172689
vt 0.479167 0.333333
vt 0.479167 0.416667
vt 0.492973 0.174364
s 0
usemtl Material.001
f 6/1/1 7/2/1 11/3/1 9/4/1
f 9/4/2 11/3/2 18/5/2 14/6/2
f 14/6/3 18/5/3 26/7/3 24/8/3
f 24/8/4 26/7/4 31/9/4 28/10/4
f 28/10/5 31/9/5 39/11/5 36/12/5
f 36/12/6 39/11/6 45/13/6 42/14/6
f 42/14/7 45/13/7 52/15/7 50/16/7
f 50/16/8 52/15/8 59/17/8 57/18/8
f 57/18/9 59/17/9 63/19/9 61/20/9
f 61/20/10 63/19/10 74/21/10 70/22/10
f 70/22/11 74/21/11 87/23/11 80/24/11
f 80/24/12 87/23/12 94/25/12 91/26/12
f 91/26/13 94/25/13 98/27/13 96/28/13
f 96/28/14 98/27/14 111/29/14 106/30/14
f 106/30/15 111/29/15 121/31/15 117/32/15
f 117/32/16 121/31/16 128/33/16 125/34/16
f 125/34/17 128/33/17 131/35/17 129/36/17
f 129/36/18 131/35/18 144/37/18 141/38/18
f 141/38/19 144/37/19 153/39/19 148/40/19
f 148/40/20 153/39/20 160/41/20 157/42/20
f 157/42/21 160/41/21 163/43/21 162/44/21
f 162/44/22 163/43/22 177/45/22 170/46/22
f 170/46/23 177/45/23 182/47/23 181/48/23
f 181/48/24 182/47/24 191/49/24 185/50/24
f 185/50/25 191/49/25 198/51/25 193/52/25
f 193/52/26 198/51/26 208/53/26 200/54/26
f 200/54/27 208/53/27 215/55/27 212/56/27
f 212/56/28 215/55/28 221/57/28 217/58/28
f 217/58/29 221/57/29 230/59/29 226/60/29
f 226/60/30 230/59/30 242/61/30 240/62/30
f 1114/63/31 248/15/31 1112/64/31 1113/64/31
f 240/62/32 242/61/32 246/65/32 244/66/32
f 244/66/33 246/65/33 7/67/33 6/68/33
f 244/69/34 6/70/34 9/71/34 14/72/34 24/73/34 28/74/34 36/75/34 42/76/34 50/77/34 57/78/34 61/79/34 70/80/34 80/81/34 91/82/34 96/83/34 106/84/34 117/85/34 125/86/34 129/87/34 141/88/34 148/89/34 157/90/34 162/91/34 170/92/34 181/93/34 185/94/34 193/95/34 200/96/34 212/97/34 217/98/34 226/99/34 240/100/34
f 1115/101/35 1116/101/35 248/33/35 1117/33/35
f 248/51/36 1121/51/36 1120/51/36 1118/102/36 1119/102/36
f 248/7/37 1123/7/37 1122/7/37 1124/103/37
f 1127/104/38 248/25/38 1125/25/38 1126/105/38
f 1128/106/39 248/43/39 1130/43/39 1129/106/39
f 1131/107/40 248/61/40 1133/61/40 1132/61/40
f 1112/108/41 248/17/41 1134/17/41
f 1117/109/42 248/35/42 1135/110/42 1136/111/42
f 248/53/43 1138/112/43 1137/112/43 1121/113/43
f 248/9/44 1140/9/44 1139/9/44 1123/114/44
f 1141/115/45 1125/116/45 248/27/45 1142/27/45
f 1130/117/46 248/45/46 1144/118/46 1143/119/46
f 1133/120/47 248/65/47 1146/65/47 1145/65/47
f 248/19/48 1147/19/48 1148/121/48 1134/121/48
f 1135/122/49 248/37/49 1149/37/49 1150/122/49
f 248/55/50 1152/55/50 1151/55/50 1138/123/50
f 1140/124/51 248/11/51 1153/11/51 1154/11/51
f 1155/125/52 1142/125/52 248/29/52 1156/29/52
f 248/3/53 1158/3/53 1157/3/53 1159/126/53
f 1144/127/54 248/47/54 1161/47/54 1160/128/54
f 1146/129/55 248/67/55 1159/67/55 1162/67/55
f 1147/130/56 248/21/56 1163/21/56 1164/130/56
f 1149/131/57 248/39/57 1165/39/57 1166/132/57
f 248/57/58 1168/57/58 1167/57/58 1152/133/58
f 1153/134/59 248/13/59 1114/13/59 1169/13/59
f 1170/135/60 1156/135/60 248/31/60 1116/31/60
f 1161/136/61 248/49/61 1119/49/61 1171/136/61
f 248/5/62 1124/5/62 1172/5/62 1158/137/62
f 1163/138/63 248/23/63 1127/23/63 1173/138/63
f 1165/139/64 248/41/64 1128/41/64 1174/140/64
f 1168/141/65 248/59/65 1131/59/65 1175/59/65
f 1218/59/29 1219/142/29 230/59/29 221/57/29 1220/57/29 1221/143/29
f 1222/41/20 160/41/20 153/39/20 1224/39/20 1223/144/20
f 1226/23/11 87/23/11 74/21/11 1228/21/11 1227/21/11 1225/145/11
f 1230/5/2 18/5/2 11/3/2 1231/3/2 1232/146/2 1229/147/2
f 191/49/24 182/47/24 1234/47/24 1235/148/24 1233/49/24
f 1237/31/15 121/31/15 111/29/15 1239/29/15 1238/149/15 1236/150/15
f 1244/13/6 45/13/6 39/11/6 1241/11/6 1240/151/6 1242/13/6 1243/13/6
f 1220/57/28 221/57/28 215/55/28 1247/55/28 1246/152/28 1245/57/28
f 1224/39/19 153/39/19 144/37/19 1250/37/19 1249/153/19 1248/154/19
f 1228/21/10 74/21/10 63/19/10 1254/19/10 1253/155/10 1251/156/10 1252/157/10
f 1256/67/33 7/67/33 246/65/33 1257/65/33 1258/158/33 1255/159/33
f 1262/160/23 1234/47/23 182/47/23 177/45/23 1259/45/23 1260/45/23 1261/45/23
f 1231/3/1 11/3/1 7/2/1 1256/2/1 1263/161/1
f 1239/29/14 111/29/14 98/27/14 1267/27/14 1266/162/14 1264/163/14 1265/164/14
f 1268/165/5 1241/11/5 39/11/5 31/9/5 1269/9/5
f 215/55/27 208/53/27 1273/53/27 1271/166/27 1272/167/27 1270/168/27 1247/55/27
f 1250/37/18 144/37/18 131/35/18 1275/35/18 1274/169/18
f 1254/19/9 63/19/9 59/17/9 1279/17/9 1278/170/9 1276/171/9 1277/172/9
f 1257/65/32 246/65/32 242/61/32 1280/61/32 1281/173/32
f 177/45/22 163/43/22 1282/43/22 1283/174/22 1259/45/22
f 1288/25/13 1287/175/13 1286/176/13 1284/177/13 1285/178/13 1267/27/13 98/27/13 94/25/13
f 1269/9/4 31/9/4 26/7/4 1289/7/4 1290/179/4 1291/9/4
f 1273/53/26 208/53/26 198/51/26 1294/51/26 1293/180/26 1292/53/26
f 1275/35/17 131/35/17 128/33/17 1297/33/17 1296/181/17 1295/182/17
f 1279/17/8 59/17/8 52/15/8 1299/15/8 1298/183/8
f 1280/61/30 242/61/30 230/59/30 1219/142/30 1300/184/30 1301/185/30
f 1303/186/21 1282/43/21 163/43/21 160/41/21 1222/41/21 1302/187/21
f 1288/25/12 94/25/12 87/23/12 1226/23/12 1306/188/12 1304/189/12 1305/190/12
f 1289/7/3 26/7/3 18/5/3 1230/5/3 1307/191/3
f 1311/192/25 1309/193/25 1294/51/25 198/51/25 191/49/25 1233/49/25 1308/49/25 1310/49/25
f 1297/33/16 128/33/16 121/31/16 1237/31/16 1312/194/16
f 1313/195/7 1314/15/7 1299/15/7 52/15/7 45/13/7 1244/13/7
s 1
f 8/196/66 37/197/67 29/198/68
f 8/199/66 44/200/69 37/197/67
f 8/201/66 17/202/70 10/203/71
f 8/204/66 25/205/72 17/202/70
f 8/206/66 29/198/68 25/205/72
f 8/68/66 48/207/73 44/200/69
f 8/208/66 60/209/74 48/207/73
f 8/210/66 62/211/75 60/209/74
f 8/212/66 69/213/76 62/211/75
f 8/214/66 81/215/77 69/213/76
f 8/216/66 90/217/78 81/215/77
f 17/202/70 101/218/79 95/219/80 10/203/71
f 25/205/72 114/220/81 101/218/79 17/202/70
f 29/198/68 123/221/82 114/220/81 25/205/72
f 37/197/67 130/222/83 123/221/82 29/198/68
f 44/200/69 139/223/84 130/222/83 37/197/67
f 48/207/73 149/224/85 139/223/84 44/200/69
f 60/209/74 154/225/86 149/224/85 48/207/73
f 62/211/75 161/226/87 154/225/86 60/209/74
f 69/213/76 173/227/88 161/226/87 62/211/75
f 81/215/77 183/228/89 173/227/88 69/213/76
f 90/217/78 187/229/90 183/228/89 81/215/77
f 95/230/80 197/231/91 271/232/92 187/229/90
f 101/218/79 207/233/93 197/234/91 95/219/80
f 114/220/81 213/235/94 207/233/93 101/218/79
f 123/221/82 219/236/95 213/235/94 114/220/81
f 130/222/83 227/237/96 219/236/95 123/221/82
f 139/223/84 243/238/97 227/237/96 130/222/83
f 149/224/85 247/239/98 243/238/97 139/223/84
f 154/225/86 253/240/99 247/239/98 149/224/85
f 161/226/87 255/241/100 253/240/99 154/225/86
f 173/227/88 264/242/101 255/241/100 161/226/87
f 183/228/89 269/243/102 264/242/101 173/227/88
f 187/229/90 271/232/92 269/243/102 183/228/89
f 197/231/91 279/244/103 336/245/104 271/232/92
f 207/233/93 286/246/105 279/247/103 197/234/91
f 213/235/94 289/248/106 286/246/105 207/233/93
f 219/236/95 293/249/107 289/248/106 213/235/94
f 227/237/96 298/250/108 293/249/107 219/236/95
f 243/238/97 308/251/109 298/250/108 227/237/96
f 247/239/98 311/252/110 308/251/109 243/238/97
f 253/240/99 315/253/111 311/252/110 247/239/98
f 255/241/100 328/254/112 315/253/111 253/240/99
f 264/242/101 330/255/113 328/254/112 255/241/100
f 269/243/102 331/256/114 330/255/113 264/242/101
f 271/232/92 336/245/104 331/256/114 269/243/102
f 279/244/103 346/257/115 378/258/116 336/245/104
f 286/246/105 349/259/117 346/260/115 279/247/103
f 289/248/106 353/261/118 349/259/117 286/246/105
f 293/249/107 358/262/119 353/261/118 289/248/106
f 298/250/108 360/263/120 358/262/119 293/249/107
f 308/251/109 363/264/121 360/263/120 298/250/108
f 311/252/110 366/265/122 363/264/121 308/251/109
f 315/253/111 368/266/123 366/265/122 311/252/110
f 328/254/112 370/267/124 368/266/123 315/253/111
f 330/255/113 372/268/125 370/267/124 328/254/112
f 331/256/114 374/269/126 372/268/125 330/255/113
f 336/245/104 378/258/116 374/269/126 331/256/114
f 346/257/115 379/270/127 397/271/128 378/258/116
f 349/259/117 380/272/129 379/273/127 346/260/115
f 353/261/118 381/274/130 380/272/129 349/259/117
f 358/262/119 382/275/131 381/274/130 353/261/118
f 360/263/120 383/276/132 382/275/131 358/262/119
f 363/264/121 384/277/133 383/276/132 360/263/120
f 366/265/122 386/278/134 384/277/133 363/264/121
f 368/266/123 390/279/135 386/278/134 366/265/122
f 370/267/124 392/280/136 390/279/135 368/266/123
f 372/268/125 393/281/137 392/280/136 370/267/124
f 374/269/126 396/282/138 393/281/137 372/268/125
f 378/258/116 397/271/128 396/282/138 374/269/126
f 379/270/127 398/283/139 416/284/140 397/271/128
f 380/272/129 399/285/141 398/286/139 379/273/127
f 381/274/130 400/287/142 399/285/141 380/272/129
f 382/275/131 401/288/143 400/287/142 381/274/130
f 383/276/132 402/289/144 401/288/143 382/275/131
f 384/277/133 404/290/145 402/289/144 383/276/132
f 386/278/134 406/291/146 404/290/145 384/277/133
f 390/279/135 408/292/147 406/291/146 386/278/134
f 392/280/136 410/293/148 408/292/147 390/279/135
f 393/281/137 412/294/149 410/293/148 392/280/136
f 396/282/138 415/295/150 412/294/149 393/281/137
f 397/271/128 416/284/140 415/295/150 396/282/138
f 398/283/139 417/296/151 434/297/152 416/284/140
f 399/285/141 418/298/153 417/299/151 398/286/139
f 400/287/142 419/300/154 418/298/153 399/285/141
f 401/288/143 420/301/155 419/300/154 400/287/142
f 402/289/144 422/302/156 420/301/155 401/288/143
f 404/290/145 425/303/157 422/302/156 402/289/144
f 406/291/146 427/304/158 425/303/157 404/290/145
f 408/292/147 429/305/159 427/304/158 406/291/146
f 410/293/148 431/306/160 429/305/159 408/292/147
f 412/294/149 432/307/161 431/306/160 410/293/148
f 415/295/150 433/308/162 432/307/161 412/294/149
f 416/284/140 434/297/152 433/308/162 415/295/150
f 417/296/151 435/309/163 453/310/164 434/297/152
f 418/298/153 436/311/165 435/312/163 417/299/151
f 419/300/154 439/313/166 436/311/165 418/298/153
f 420/301/155 441/314/167 439/313/166 419/300/154
f 422/302/156 443/315/168 441/314/167 420/301/155
f 425/303/157 445/316/169 443/315/168 422/302/156
f 427/304/158 448/317/170 445/316/169 425/303/157
f 429/305/159 449/318/171 448/317/170 427/304/158
f 431/306/160 450/319/172 449/318/171 429/305/159
f 432/307/161 451/320/173 450/319/172 431/306/160
f 433/308/162 452/321/174 451/320/173 432/307/161
f 434/297/152 453/310/164 452/321/174 433/308/162
f 435/309/163 455/322/175 473/323/176 453/310/164
f 436/311/165 456/324/177 455/325/175 435/312/163
f 439/313/166 458/326/178 456/324/177 436/311/165
f 441/314/167 460/327/179 458/326/178 439/313/166
f 443/315/168 465/328/180 460/327/179 441/314/167
f 445/316/169 466/329/181 465/328/180 443/315/168
f 448/317/170 467/330/182 466/329/181 445/316/169
f 449/318/171 468/331/183 467/330/182 448/317/170
f 450/319/172 469/332/184 468/331/183 449/318/171
f 451/320/173 470/333/185 469/332/184 450/319/172
f 452/321/174 471/334/186 470/333/185 451/320/173
f 453/310/164 473/323/176 471/334/186 452/321/174
f 455/322/175 476/335/187 501/336/188 473/323/176
f 456/324/177 478/337/189 476/338/187 455/325/175
f 458/326/178 480/339/190 478/337/189 456/324/177
f 460/327/179 481/340/191 480/339/190 458/326/178
f 465/328/180 483/341/192 481/340/191 460/327/179
f 466/329/181 484/342/193 483/341/192 465/328/180
f 467/330/182 485/343/194 484/342/193 466/329/181
f 468/331/183 486/344/195 485/343/194 467/330/182
f 469/332/184 488/345/196 486/344/195 468/331/183
f 470/333/185 491/346/197 488/345/196 469/332/184
f 471/334/186 495/347/198 491/346/197 470/333/185
f 473/323/176 501/336/188 495/347/198 471/334/186
f 478/337/189 504/348/199 502/349/200 476/338/187
f 480/339/190 505/350/201 504/348/199 478/337/189
f 481/340/191 506/351/202 505/350/201 480/339/190
f 483/341/192 508/352/203 506/351/202 481/340/191
f 484/342/193 510/353/204 508/352/203 483/341/192
f 485/343/194 512/354/205 510/353/204 484/342/193
f 486/344/195 514/355/206 512/354/205 485/343/194
f 488/345/196 516/356/207 514/355/206 486/344/195
f 491/346/197 518/357/208 516/356/207 488/345/196
f 495/347/198 519/358/209 518/357/208 491/346/197
f 501/336/188 521/359/210 519/358/209 495/347/198
f 502/360/200 523/361/211 547/362/212 521/359/210
f 504/348/199 526/363/213 523/364/211 502/349/200
f 505/350/201 532/365/214 526/363/213 504/348/199
f 506/351/202 536/366/215 532/365/214 505/350/201
f 508/352/203 537/367/216 536/366/215 506/351/202
f 510/353/204 538/368/217 537/367/216 508/352/203
f 512/354/205 539/369/218 538/368/217 510/353/204
f 514/355/206 540/370/219 539/369/218 512/354/205
f 516/356/207 541/371/220 540/370/219 514/355/206
f 518/357/208 543/372/221 541/371/220 516/356/207
f 519/358/209 545/373/222 543/372/221 518/357/208
f 521/359/210 547/362/212 545/373/222 519/358/209
f 523/361/223 550/374/224 572/375/225 547/362/226
f 526/363/227 551/376/228 550/377/224 523/364/223
f 532/365/229 552/378/230 551/376/228 526/363/227
f 536/366/231 554/379/232 552/378/230 532/365/229
f 537/367/233 556/380/234 554/379/232 536/366/231
f 538/368/235 561/381/236 556/380/234 537/367/233
f 539/369/237 562/382/238 561/381/236 538/368/235
f 540/370/239 567/383/240 562/382/238 539/369/237
f 541/371/241 569/384/242 567/383/240 540/370/239
f 543/372/243 570/385/244 569/384/242 541/371/241
f 545/373/245 571/386/246 570/385/244 543/372/243
f 547/362/226 572/375/225 571/386/246 545/373/245
f 551/376/228 574/387/247 573/388/248 550/377/224
f 552/378/230 576/389/249 574/387/247 551/376/228
f 554/379/232 578/390/250 576/389/249 552/378/230
f 556/380/234 580/391/251 578/390/250 554/379/232
f 561/381/236 582/392/252 580/391/251 556/380/234
f 562/382/238 585/393/253 582/392/252 561/381/236
f 567/383/240 587/394/254 585/393/253 562/382/238
f 569/384/242 589/395/255 587/394/254 567/383/240
f 570/385/244 591/396/256 589/395/255 569/384/242
f 571/386/246 596/397/257 591/396/256 570/385/244
f 572/375/225 600/398/258 596/397/257 571/386/246
s 0
f 540/399/259 539/399/259 538/399/259 537/399/259 536/399/259 532/399/259 526/399/259 523/399/259 547/399/259 545/399/259 543/399/259 541/399/259
s 1
f 574/387/247 602/400/260 601/401/261 573/388/248
f 576/389/249 603/402/262 602/400/260 574/387/247
f 578/390/250 604/403/263 603/402/262 576/389/249
f 580/391/251 605/404/264 604/403/263 578/390/250
f 582/392/252 606/405/265 605/404/264 580/391/251
f 585/393/253 608/406/266 606/405/265 582/392/252
f 587/394/254 610/407/267 608/406/266 585/393/253
f 589/395/255 612/408/268 610/407/267 587/394/254
f 591/396/256 616/409/269 612/408/268 589/395/255
f 596/397/257 618/410/270 616/409/269 591/396/256
f 600/398/258 620/411/271 618/410/270 596/397/257
f 602/400/260 624/412/272 622/413/273 601/401/261
f 603/402/262 628/414/274 624/412/272 602/400/260
f 604/403/263 631/415/275 628/414/274 603/402/262
f 605/404/264 633/416/276 631/415/275 604/403/263
f 606/405/265 634/417/277 633/416/276 605/404/264
f 608/406/266 635/418/278 634/417/277 606/405/265
f 610/407/267 636/419/279 635/418/278 608/406/266
f 612/408/268 637/420/280 636/419/279 610/407/267
f 616/409/269 638/421/281 637/420/280 612/408/268
f 618/410/270 639/422/282 638/421/281 616/409/269
f 620/411/271 640/423/283 639/422/282 618/410/270
f 573/424/248 601/425/261 620/411/271 600/398/258
f 624/412/272 648/426/284 644/427/285 622/413/273
f 628/414/274 651/428/286 648/426/284 624/412/272
f 631/415/275 653/429/287 651/428/286 628/414/274
f 633/416/276 655/430/288 653/429/287 631/415/275
f 634/417/277 658/431/289 655/430/288 633/416/276
f 635/418/278 660/432/290 658/431/289 634/417/277
f 636/419/279 662/433/291 660/432/290 635/418/278
f 637/420/280 664/434/292 662/433/291 636/419/279
f 638/421/281 666/435/293 664/434/292 637/420/280
f 639/422/282 667/436/294 666/435/293 638/421/281
f 640/423/283 668/437/295 667/436/294 639/422/282
f 601/425/261 622/438/273 640/423/283 620/411/271
f 648/426/284 670/439/296 669/440/297 644/427/285
f 651/428/286 671/441/298 670/439/296 648/426/284
f 653/429/287 673/442/299 671/441/298 651/428/286
f 655/430/288 677/443/300 673/442/299 653/429/287
f 658/431/289 682/444/301 677/443/300 655/430/288
f 660/432/290 684/445/302 682/444/301 658/431/289
f 662/433/291 686/446/303 684/445/302 660/432/290
f 664/434/292 688/447/304 686/446/303 662/433/291
f 666/435/293 690/448/305 688/447/304 664/434/292
f 667/436/294 691/449/306 690/448/305 666/435/293
f 668/437/295 694/450/307 691/449/306 667/436/294
f 622/438/273 644/451/285 668/437/295 640/423/283
f 670/439/296 698/452/308 696/453/309 669/440/297
f 671/441/298 699/454/310 698/452/308 670/439/296
f 673/442/299 701/455/311 699/454/310 671/441/298
f 677/443/300 702/456/312 701/455/311 673/442/299
f 682/444/301 703/457/313 702/456/312 677/443/300
f 684/445/302 705/458/314 703/457/313 682/444/301
f 686/446/303 707/459/315 705/458/314 684/445/302
f 688/447/304 713/460/316 707/459/315 686/446/303
f 690/448/305 715/461/317 713/460/316 688/447/304
f 691/449/306 719/462/318 715/461/317 690/448/305
f 694/450/307 721/463/319 719/462/318 691/449/306
f 644/451/285 669/464/297 694/450/307 668/437/295
f 698/452/308 723/465/320 722/466/321 696/453/309
f 699/454/310 725/467/322 723/465/320 698/452/308
f 701/455/311 726/468/323 725/467/322 699/454/310
f 702/456/312 728/469/324 726/468/323 701/455/311
f 703/457/313 730/470/325 728/469/324 702/456/312
f 705/458/314 732/471/326 730/470/325 703/457/313
f 707/459/315 734/472/327 732/471/326 705/458/314
f 713/460/316 737/473/328 734/472/327 707/459/315
f 715/461/317 739/474/329 737/473/328 713/460/316
f 719/462/318 740/475/330 739/474/329 715/461/317
f 721/463/319 743/476/331 740/475/330 719/462/318
f 669/464/297 696/477/309 721/463/319 694/450/307
f 723/465/320 750/478/332 746/479/333 722/466/321
f 725/467/322 754/480/334 750/478/332 723/465/320
f 726/468/323 755/481/335 754/480/334 725/467/322
f 728/469/324 756/482/336 755/481/335 726/468/323
f 730/470/325 757/483/337 756/482/336 728/469/324
f 732/471/326 758/484/338 757/483/337 730/470/325
f 734/472/327 760/485/339 758/484/338 732/471/326
f 737/473/328 761/486/340 760/485/339 734/472/327
f 739/474/329 763/487/341 761/486/340 737/473/328
f 740/475/330 765/488/342 763/487/341 739/474/329
f 743/476/331 769/489/343 765/488/342 740/475/330
f 696/477/309 722/490/321 743/476/331 721/463/319
f 1070/491/344 1072/492/345 746/479/333 750/478/332 1071/493/346
f 1073/494/347 1071/493/346 750/478/332 754/480/334 1074/495/348
f 1075/496/349 1074/495/348 754/480/334 755/481/335 1076/497/350
f 1079/498/351 1076/497/350 755/481/335 756/482/336 772/499/352 1078/500/351 1077/501/351
f 757/483/337 773/502/353 772/499/352 756/482/336
f 758/484/338 775/503/354 773/502/353 757/483/337
f 1083/504/355 1082/505/355 775/503/354 758/484/338 760/485/339 1081/506/356 1080/507/355
f 1085/508/357 1081/506/356 760/485/339 761/486/340 1084/509/358
f 1087/510/359 1084/509/358 761/486/340 763/487/341 1086/511/360
f 1088/512/361 1086/511/360 763/487/341 765/488/342 1089/513/362
f 1089/513/362 765/488/342 769/489/343 1090/514/363
f 722/490/321 746/515/333 769/489/343 743/476/331
f 1090/514/363 769/489/343 746/515/333 1072/516/345
f 10/517/71 95/230/80 187/229/90 90/217/78
f 550/374/224 573/424/248 600/398/258 572/375/225
f 476/335/187 502/360/200 521/359/210 501/336/188
f 10/517/71 90/217/78 8/67/66
f 780/196/364 789/198/365 790/197/366
f 780/199/364 790/197/366 791/200/367
f 780/201/364 781/203/368 786/202/369
f 780/204/364 786/202/369 788/205/370
f 780/206/364 788/205/370 789/198/365
f 780/68/364 791/200/367 792/207/371
f 780/208/364 792/207/371 793/209/372
f 780/210/364 793/209/372 794/211/373
f 780/212/364 794/211/373 796/213/374
f 780/214/364 796/213/374 798/215/375
f 780/216/364 798/215/375 802/217/376
f 786/202/369 781/203/368 807/219/377 809/218/378
f 788/205/370 786/202/369 809/218/378 811/220/379
f 789/198/365 788/205/370 811/220/379 814/221/380
f 790/197/366 789/198/365 814/221/380 817/222/381
f 791/200/367 790/197/366 817/222/381 818/223/382
f 792/207/371 791/200/367 818/223/382 819/224/383
f 793/209/372 792/207/371 819/224/383 820/225/384
f 794/211/373 793/209/372 820/225/384 821/226/385
f 796/213/374 794/211/373 821/226/385 822/227/386
f 798/215/375 796/213/374 822/227/386 823/228/387
f 802/217/376 798/215/375 823/228/387 824/229/388
f 807/230/377 824/229/388 837/232/389 825/231/390
f 809/218/378 807/219/377 825/234/390 826/233/391
f 811/220/379 809/218/378 826/233/391 828/235/392
f 814/221/380 811/220/379 828/235/392 829/236/393
f 817/222/381 814/221/380 829/236/393 830/237/394
f 818/223/382 817/222/381 830/237/394 831/238/395
f 819/224/383 818/223/382 831/238/395 832/239/396
f 820/225/384 819/224/383 832/239/396 833/240/397
f 821/226/385 820/225/384 833/240/397 834/241/398
f 822/227/386 821/226/385 834/241/398 835/242/399
f 823/228/387 822/227/386 835/242/399 836/243/400
f 824/229/388 823/228/387 836/243/400 837/232/389
f 825/231/390 837/232/389 850/245/401 838/244/402
f 826/233/391 825/234/390 838/247/402 839/246/403
f 828/235/392 826/233/391 839/246/403 840/248/404
f 829/236/393 828/235/392 840/248/404 841/249/405
f 830/237/394 829/236/393 841/249/405 842/250/406
f 831/238/395 830/237/394 842/250/406 844/251/407
f 832/239/396 831/238/395 844/251/407 845/252/408
f 833/240/397 832/239/396 845/252/408 846/253/409
f 834/241/398 833/240/397 846/253/409 847/254/410
f 835/242/399 834/241/398 847/254/410 848/255/411
f 836/243/400 835/242/399 848/255/411 849/256/412
f 837/232/389 836/243/400 849/256/412 850/245/401
f 838/244/402 850/245/401 862/258/413 851/257/414
f 839/246/403 838/247/402 851/260/414 852/259/415
f 840/248/404 839/246/403 852/259/415 853/261/416
f 841/249/405 840/248/404 853/261/416 854/262/417
f 842/250/406 841/249/405 854/262/417 855/263/418
f 844/251/407 842/250/406 855/263/418 856/264/419
f 845/252/408 844/251/407 856/264/419 857/265/420
f 846/253/409 845/252/408 857/265/420 858/266/421
f 847/254/410 846/253/409 858/266/421 859/267/422
f 848/255/411 847/254/410 859/267/422 860/268/423
f 849/256/412 848/255/411 860/268/423 861/269/424
f 850/245/401 849/256/412 861/269/424 862/258/413
f 851/257/414 862/258/413 874/271/425 863/270/426
f 852/259/415 851/260/414 863/273/426 864/272/427
f 853/261/416 852/259/415 864/272/427 865/274/428
f 854/262/417 853/261/416 865/274/428 866/275/429
f 855/263/418 854/262/417 866/275/429 867/276/430
f 856/264/419 855/263/418 867/276/430 868/277/431
f 857/265/420 856/264/419 868/277/431 869/278/432
f 858/266/421 857/265/420 869/278/432 870/279/433
f 859/267/422 858/266/421 870/279/433 871/280/434
f 860/268/423 859/267/422 871/280/434 872/281/435
f 861/269/424 860/268/423 872/281/435 873/282/436
f 862/258/413 861/269/424 873/282/436 874/271/425
f 863/270/426 874/271/425 886/284/437 875/283/438
f 864/272/427 863/273/426 875/286/438 876/285/439
f 865/274/428 864/272/427 876/285/439 877/287/440
f 866/275/429 865/274/428 877/287/440 878/288/441
f 867/276/430 866/275/429 878/288/441 879/289/442
f 868/277/431 867/276/430 879/289/442 880/290/443
f 869/278/432 868/277/431 880/290/443 881/291/444
f 870/279/433 869/278/432 881/291/444 882/292/445
f 871/280/434 870/279/433 882/292/445 883/293/446
f 872/281/435 871/280/434 883/293/446 884/294/447
f 873/282/436 872/281/435 884/294/447 885/295/448
f 874/271/425 873/282/436 885/295/448 886/284/437
f 875/283/438 886/284/437 898/297/449 887/296/450
f 876/285/439 875/286/438 887/299/450 888/298/451
f 877/287/440 876/285/439 888/298/451 889/300/452
f 878/288/441 877/287/440 889/300/452 890/301/453
f 879/289/442 878/288/441 890/301/453 891/302/454
f 880/290/443 879/289/442 891/302/454 892/303/455
f 881/291/444 880/290/443 892/303/455 893/304/456
f 882/292/445 881/291/444 893/304/456 894/305/457
f 883/293/446 882/292/445 894/305/457 895/306/458
f 884/294/447 883/293/446 895/306/458 896/307/459
f 885/295/448 884/294/447 896/307/459 897/308/460
f 886/284/437 885/295/448 897/308/460 898/297/449
f 887/296/450 898/297/449 910/310/461 899/309/462
f 888/298/451 887/299/450 899/312/462 900/311/463
f 889/300/452 888/298/451 900/311/463 901/313/464
f 890/301/453 889/300/452 901/313/464 902/314/465
f 891/302/454 890/301/453 902/314/465 903/315/466
f 892/303/455 891/302/454 903/315/466 904/316/467
f 893/304/456 892/303/455 904/316/467 905/317/468
f 894/305/457 893/304/456 905/317/468 906/318/469
f 895/306/458 894/305/457 906/318/469 907/319/470
f 896/307/459 895/306/458 907/319/470 908/320/471
f 897/308/460 896/307/459 908/320/471 909/321/472
f 898/297/449 897/308/460 909/321/472 910/310/461
f 899/309/462 910/310/461 922/323/473 911/322/474
f 900/311/463 899/312/462 911/325/474 912/324/475
f 901/313/464 900/311/463 912/324/475 913/326/476
f 902/314/465 901/313/464 913/326/476 914/327/477
f 903/315/466 902/314/465 914/327/477 915/328/478
f 904/316/467 903/315/466 915/328/478 916/329/479
f 905/317/468 904/316/467 916/329/479 917/330/480
f 906/318/469 905/317/468 917/330/480 918/331/481
f 907/319/470 906/318/469 918/331/481 919/332/482
f 908/320/471 907/319/470 919/332/482 920/333/483
f 909/321/472 908/320/471 920/333/483 921/334/484
f 910/310/461 909/321/472 921/334/484 922/323/473
f 911/322/474 922/323/473 934/336/485 923/335/486
f 912/324/475 911/325/474 923/338/486 924/337/487
f 913/326/476 912/324/475 924/337/487 925/339/488
f 914/327/477 913/326/476 925/339/488 926/340/489
f 915/328/478 914/327/477 926/340/489 927/341/490
f 916/329/479 915/328/478 927/341/490 928/342/491
f 917/330/480 916/329/479 928/342/491 929/343/492
f 918/331/481 917/330/480 929/343/492 930/344/493
f 919/332/482 918/331/481 930/344/493 931/345/494
f 920/333/483 919/332/482 931/345/494 932/346/495
f 921/334/484 920/333/483 932/346/495 933/347/496
f 922/323/473 921/334/484 933/347/496 934/336/485
f 924/337/487 923/338/486 935/349/497 936/348/498
f 925/339/488 924/337/487 936/348/498 937/350/499
f 926/340/489 925/339/488 937/350/499 938/351/500
f 927/341/490 926/340/489 938/351/500 939/352/501
f 928/342/491 927/341/490 939/352/501 940/353/502
f 929/343/492 928/342/491 940/353/502 941/354/503
f 930/344/493 929/343/492 941/354/503 942/355/504
f 931/345/494 930/344/493 942/355/504 943/356/505
f 932/346/495 931/345/494 943/356/505 944/357/506
f 933/347/496 932/346/495 944/357/506 945/358/507
f 934/336/485 933/347/496 945/358/507 946/359/508
f 935/360/497 946/359/508 958/362/509 947/361/510
f 936/348/498 935/349/497 947/364/510 948/363/511
f 937/350/499 936/348/498 948/363/511 949/365/512
f 938/351/500 937/350/499 949/365/512 950/366/513
f 939/352/501 938/351/500 950/366/513 951/367/514
f 940/353/502 939/352/501 951/367/514 952/368/515
f 941/354/503 940/353/502 952/368/515 953/369/516
f 942/355/504 941/354/503 953/369/516 954/370/517
f 943/356/505 942/355/504 954/370/517 955/371/518
f 944/357/506 943/356/505 955/371/518 956/372/519
f 945/358/507 944/357/506 956/372/519 957/373/520
f 946/359/508 945/358/507 957/373/520 958/362/509
f 947/361/521 958/362/522 970/375/523 959/374/524
f 948/363/525 947/364/521 959/377/524 960/376/526
f 949/365/527 948/363/525 960/376/526 961/378/528
f 950/366/529 949/365/527 961/378/528 962/379/530
f 951/367/531 950/366/529 962/379/530 963/380/532
f 952/368/533 951/367/531 963/380/532 964/381/534
f 953/369/535 952/368/533 964/381/534 965/382/536
f 954/370/537 953/369/535 965/382/536 966/383/538
f 955/371/539 954/370/537 966/383/538 967/384/540
f 956/372/541 955/371/539 967/384/540 968/385/542
f 957/373/543 956/372/541 968/385/542 969/386/544
f 958/362/522 957/373/543 969/386/544 970/375/523
f 960/376/526 959/377/524 971/388/545 972/387/546
f 961/378/528 960/376/526 972/387/546 973/389/547
f 962/379/530 961/378/528 973/389/547 974/390/548
f 963/380/532 962/379/530 974/390/548 975/391/549
f 964/381/534 963/380/532 975/391/549 976/392/550
f 965/382/536 964/381/534 976/392/550 977/393/551
f 966/383/538 965/382/536 977/393/551 978/394/552
f 967/384/540 966/383/538 978/394/552 979/395/553
f 968/385/542 967/384/540 979/395/553 980/396/554
f 969/386/544 968/385/542 980/396/554 981/397/555
f 970/375/523 969/386/544 981/397/555 982/398/556
s 0
f 958/399/557 947/399/557 948/399/557 949/399/557 950/399/557 951/399/557 952/399/557 953/399/557 954/399/557 955/399/557 956/399/557 957/399/557
s 1
f 972/387/546 971/388/545 983/401/558 984/400/559
f 973/389/547 972/387/546 984/400/559 985/402/560
f 974/390/548 973/389/547 985/402/560 986/403/561
f 975/391/549 974/390/548 986/403/561 987/404/562
f 976/392/550 975/391/549 987/404/562 988/405/563
f 977/393/551 976/392/550 988/405/563 989/406/564
f 978/394/552 977/393/551 989/406/564 990/407/565
f 979/395/553 978/394/552 990/407/565 991/408/566
f 980/396/554 979/395/553 991/408/566 992/409/567
f 981/397/555 980/396/554 992/409/567 993/410/568
f 982/398/556 981/397/555 993/410/568 994/411/569
f 984/400/559 983/401/558 995/413/570 996/412/571
f 985/402/560 984/400/559 996/412/571 997/414/572
f 986/403/561 985/402/560 997/414/572 998/415/573
f 987/404/562 986/403/561 998/415/573 999/416/574
f 988/405/563 987/404/562 999/416/574 1000/417/575
f 989/406/564 988/405/563 1000/417/575 1001/418/576
f 990/407/565 989/406/564 1001/418/576 1002/419/577
f 991/408/566 990/407/565 1002/419/577 1003/420/578
f 992/409/567 991/408/566 1003/420/578 1004/421/579
f 993/410/568 992/409/567 1004/421/579 1005/422/580
f 994/411/569 993/410/568 1005/422/580 1006/423/581
f 971/424/545 982/398/556 994/411/569 983/425/558
f 996/412/571 995/413/570 1007/427/582 1008/426/583
f 997/414/572 996/412/571 1008/426/583 1009/428/584
f 998/415/573 997/414/572 1009/428/584 1010/429/585
f 999/416/574 998/415/573 1010/429/585 1011/430/586
f 1000/417/575 999/416/574 1011/430/586 1012/431/587
f 1001/418/576 1000/417/575 1012/431/587 1013/432/588
f 1002/419/577 1001/418/576 1013/432/588 1014/433/589
f 1003/420/578 1002/419/577 1014/433/589 1015/434/590
f 1004/421/579 1003/420/578 1015/434/590 1016/435/591
f 1005/422/580 1004/421/579 1016/435/591 1017/436/592
f 1006/423/581 1005/422/580 1017/436/592 1018/437/593
f 983/425/558 994/411/569 1006/423/581 995/438/570
f 1008/426/583 1007/427/582 1019/440/594 1020/439/595
f 1009/428/584 1008/426/583 1020/439/595 1021/441/596
f 1010/429/585 1009/428/584 1021/441/596 1022/442/597
f 1011/430/586 1010/429/585 1022/442/597 1023/443/598
f 1012/431/587 1011/430/586 1023/443/598 1024/444/599
f 1013/432/588 1012/431/587 1024/444/599 1025/445/600
f 1014/433/589 1013/432/588 1025/445/600 1026/446/601
f 1015/434/590 1014/433/589 1026/446/601 1027/447/602
f 1016/435/591 1015/434/590 1027/447/602 1028/448/603
f 1017/436/592 1016/435/591 1028/448/603 1029/449/604
f 1018/437/593 1017/436/592 1029/449/604 1030/450/605
f 995/438/570 1006/423/581 1018/437/593 1007/451/582
f 1020/439/595 1019/440/594 1031/453/606 1032/452/607
f 1021/441/596 1020/439/595 1032/452/607 1033/454/608
f 1022/442/597 1021/441/596 1033/454/608 1034/455/609
f 1023/443/598 1022/442/597 1034/455/609 1035/456/610
f 1024/444/599 1023/443/598 1035/456/610 1036/457/611
f 1025/445/600 1024/444/599 1036/457/611 1037/458/612
f 1026/446/601 1025/445/600 1037/458/612 1038/459/613
f 1027/447/602 1026/446/601 1038/459/613 1039/460/614
f 1028/448/603 1027/447/602 1039/460/614 1040/461/615
f 1029/449/604 1028/448/603 1040/461/615 1041/462/616
f 1030/450/605 1029/449/604 1041/462/616 1042/463/617
f 1007/451/582 1018/437/593 1030/450/605 1019/464/594
f 1032/452/607 1031/453/606 1043/466/618 1044/465/619
f 1033/454/608 1032/452/607 1044/465/619 1045/467/620
f 1034/455/609 1033/454/608 1045/467/620 1046/468/621
f 1035/456/610 1034/455/609 1046/468/621 1047/469/622
f 1036/457/611 1035/456/610 1047/469/622 1048/470/623
f 1037/458/612 1036/457/611 1048/470/623 1049/471/624
f 1038/459/613 1037/458/612 1049/471/624 1050/472/625
f 1039/460/614 1038/459/613 1050/472/625 1051/473/626
f 1040/461/615 1039/460/614 1051/473/626 1052/474/627
f 1041/462/616 1040/461/615 1052/474/627 1053/475/628
f 1042/463/617 1041/462/616 1053/475/628 1054/476/629
f 1019/464/594 1030/450/605 1042/463/617 1031/477/606
f 1044/465/619 1043/466/618 1055/479/630 1056/478/631
f 1045/467/620 1044/465/619 1056/478/631 1057/480/632
f 1046/468/621 1045/467/620 1057/480/632 1058/481/633
f 1047/469/622 1046/468/621 1058/481/633 1059/482/634
f 1048/470/623 1047/469/622 1059/482/634 1060/483/635
f 1049/471/624 1048/470/623 1060/483/635 1061/484/636
f 1050/472/625 1049/471/624 1061/484/636 1062/485/637
f 1051/473/626 1050/472/625 1062/485/637 1063/486/638
f 1052/474/627 1051/473/626 1063/486/638 1064/487/639
f 1053/475/628 1052/474/627 1064/487/639 1065/488/640
f 1054/476/629 1053/475/628 1065/488/640 1066/489/641
f 1031/477/606 1042/463/617 1054/476/629 1043/490/618
f 1092/518/642 1093/519/643 1056/478/631 1055/479/630 1091/520/644
f 1095/521/645 1094/522/646 1057/480/632 1056/478/631 1093/519/643
f 1096/523/647 1097/524/648 1058/481/633 1057/480/632 1094/522/646
f 1100/525/649 1099/526/649 1067/499/650 1059/482/634 1058/481/633 1097/524/648 1098/527/649
f 1060/483/635 1059/482/634 1067/499/650 1068/502/651
f 1061/484/636 1060/483/635 1068/502/651 1069/503/652
f 1101/528/653 1102/506/654 1062/485/637 1061/484/636 1069/503/652 1103/529/653 1104/530/653
f 1106/531/655 1105/532/656 1063/486/638 1062/485/637 1102/506/654
f 1108/533/657 1107/511/658 1064/487/639 1063/486/638 1105/532/656
f 1110/534/659 1109/513/660 1065/488/640 1064/487/639 1107/511/658
f 1066/489/641 1065/488/640 1109/513/660 1111/535/661
f 1043/490/618 1054/476/629 1066/489/641 1055/515/630
f 1055/515/630 1066/489/641 1111/535/661 1091/536/644
f 781/517/368 802/217/376 824/229/388 807/230/377
f 959/374/524 970/375/523 982/398/556 971/424/545
f 923/335/486 934/336/485 946/359/508 935/360/497
f 781/517/368 780/67/364 802/217/376
s 0
f 2/537/662 54/538/662 267/539/662 222/540/662
f 1318/541/663 1179/542/663 1181/543/663 1180/544/663 1182/543/663 1178/545/663 1176/546/663 1177/547/663 232/548/663 275/548/663 1316/549/663 1315/550/663 1317/551/663
f 348/552/663 312/552/663 1185/553/663 1183/554/663 1184/555/663 1188/556/663 1186/557/663 1187/556/663 1189/558/663 1321/559/663 1322/560/663 1320/561/663 1319/562/663
f 1316/563/34 275/564/34 58/564/34 1325/563/34 1324/565/34 1326/566/34 1323/567/34 1330/568/34 1329/569/34 1328/570/34 1327/571/34
f 178/572/34 348/572/34 1319/573/34 1332/574/34 1334/575/34 1333/576/34 1338/577/34 1337/578/34 1336/579/34 1335/580/34 1331/581/34
f 1339/582/664 1325/583/664 58/584/664 13/584/664 1192/585/664 1191/586/664 1190/587/664 1196/588/664 1194/589/664 1195/590/664 1193/591/664 1340/592/664 1341/593/664
f 1344/594/664 1203/595/664 1201/596/664 1200/597/664 1202/596/664 1197/598/664 1199/599/664 1198/600/664 118/601/664 178/601/664 1331/602/664 1342/603/664 1343/604/664
f 310/605/665 351/606/665 166/607/665 112/608/665
f 22/609/666 64/610/666 54/538/666 2/537/666
f 27/611/667 77/612/667 64/610/667 22/609/667
f 34/613/668 86/614/668 77/612/668 27/611/668
f 41/615/669 93/616/669 86/617/669 34/618/669
f 46/619/670 97/620/670 93/616/670 41/615/670
f 13/584/671 58/621/671 97/620/671 46/619/671
f 180/622/672 126/623/672 112/608/672 166/607/672
f 190/624/673 135/625/673 126/623/673 180/622/673
f 194/626/674 146/627/674 135/625/674 190/624/674
f 211/628/675 151/629/675 146/627/675 194/626/675
f 214/630/676 159/631/676 151/629/676 211/628/676
f 178/632/677 118/601/677 159/631/677 214/630/677
f 1088/633/678 1086/634/678 1087/635/678 1073/636/678 1071/637/678 1070/638/678
f 1071/637/678 1073/636/678 159/639/678 118/640/678 1070/638/678
f 1086/634/678 1088/633/678 312/552/678 343/641/678 1087/635/678
f 1084/642/679 1087/635/679 343/641/679 332/643/679 1085/644/679
f 1087/635/679 1084/642/679 1085/644/679 1075/645/679 1074/646/679 1073/636/679
f 1074/646/679 1075/645/679 151/647/679 159/639/679 1073/636/679
f 1081/648/680 1085/644/680 332/643/680 329/649/680 1080/650/680
f 1085/644/680 1081/648/680 1080/650/680 1079/651/680 1076/652/680 1075/645/680
f 1076/652/680 1079/651/680 146/653/680 151/647/680 1075/645/680
f 1080/654/681 329/655/681 322/656/681 1083/657/681
f 1083/657/681 1077/658/681 1079/659/681 1080/654/681
f 1077/658/681 135/625/681 146/660/681 1079/659/681
f 1083/657/682 322/656/682 1082/661/682
f 1082/661/683 322/656/683 319/662/683 126/623/683 135/625/683 1078/663/683 1077/658/683 1083/657/683
f 1078/663/683 135/625/683 1077/658/683
f 310/605/684 112/608/684 126/623/684 319/662/684
f 214/664/685 355/665/685 348/572/685 178/666/685
f 211/667/686 357/668/686 355/665/686 214/664/686
f 194/669/687 362/670/687 357/668/687 211/667/687
f 190/624/688 364/671/688 362/672/688 194/673/688
f 180/622/689 367/674/689 364/671/689 190/624/689
f 166/607/690 351/606/690 367/674/690 180/622/690
f 355/675/691 343/676/691 312/552/691 348/572/691
f 357/677/692 332/678/692 343/676/692 355/675/692
f 362/679/693 329/680/693 332/678/693 357/677/693
f 364/671/694 322/656/694 329/680/694 362/679/694
f 367/674/695 319/662/695 322/656/695 364/671/695
f 351/606/696 310/605/696 319/662/696 367/674/696
f 283/681/697 236/682/697 222/540/697 267/539/697
f 287/683/698 245/684/698 236/682/698 283/681/698
f 291/685/699 249/686/699 245/684/699 287/683/699
f 296/687/700 261/688/700 249/686/700 291/685/700
f 305/689/701 265/690/701 261/688/701 296/687/701
f 275/564/702 232/548/702 265/690/702 305/689/702
f 1107/691/703 1108/692/703 265/693/703 232/548/703 1110/694/703
f 1093/695/703 1092/696/703 13/697/703 46/698/703 1095/699/703
f 1107/691/703 1110/694/703 1092/696/703 1093/695/703 1095/699/703 1108/692/703
f 1105/700/704 1106/701/704 261/702/704 265/693/704 1108/703/704
f 1094/704/704 1095/699/704 46/698/704 41/705/704 1096/706/704
f 1108/703/704 1095/699/704 1094/704/704 1096/706/704 1106/701/704 1105/700/704
f 1097/707/705 1096/706/705 41/705/705 34/708/705 1098/709/705
f 1102/710/705 1101/711/705 249/712/705 261/702/705 1106/701/705
f 1106/701/705 1096/706/705 1097/707/705 1098/709/705 1101/711/705 1102/710/705
f 34/713/706 27/611/706 1100/714/706 1098/715/706
f 245/684/706 249/716/706 1101/717/706 1104/718/706
f 1098/715/706 1100/714/706 1104/718/706 1101/717/706
f 1099/719/707 1100/714/707 27/611/707
f 1104/718/707 1103/720/707 245/684/707
f 1099/719/707 27/611/707 22/609/707 236/682/707 245/684/707 1103/720/707 1104/718/707 1100/714/707
f 2/537/708 222/540/708 236/682/708 22/609/708
f 305/721/709 97/722/709 58/723/709 275/564/709
f 296/724/710 93/725/710 97/722/710 305/721/710
f 291/726/711 86/727/711 93/725/711 296/724/711
f 287/683/712 77/612/712 86/728/712 291/729/712
f 283/681/713 64/610/713 77/612/713 287/683/713
f 267/539/714 54/538/714 64/610/714 283/681/714
f 1089/730/715 1088/640/715 1070/640/715 1072/731/715 1090/732/715
f 1109/733/715 1110/697/715 232/697/715 1177/734/715 1204/735/715 1205/736/715 1208/737/715 1209/738/715 1210/739/715 1207/740/715 1206/741/715 1192/734/715 13/697/715 1092/697/715 1091/742/715 1111/743/715
f 1072/731/715 1070/640/715 118/640/715 1198/744/715 1215/745/715 1217/746/715 1216/747/715 1214/748/715 1213/749/715 1212/746/715 1211/750/715 1185/751/715 312/640/715 1088/640/715 1089/730/715 1090/732/715
f 1111/743/715 1091/742/715 1092/697/715 1110/697/715 1109/733/715
f 1157/752/716 20/753/716 3/754/716 1162/755/716 1159/756/716
f 3/754/717 20/753/717 1210/757/717 1209/758/717
f 1172/759/718 43/760/718 20/753/718 1157/752/718 1158/761/718
f 20/753/719 43/760/719 1207/762/719 1210/757/719
f 43/760/720 66/763/720 1206/764/720 1207/762/720
f 72/765/721 1190/766/721 1191/767/721
f 1190/766/722 72/765/722 76/768/722 1196/769/722
f 1196/769/723 76/768/723 78/24/723 1194/770/723
f 1194/770/724 78/24/724 79/771/724 1195/772/724
f 1195/772/725 79/771/725 82/773/725 1193/774/725
f 1345/775/726 1340/776/726 1193/774/726 82/773/726
f 1122/777/727 66/763/727 43/760/727 1172/759/727 1124/778/727
f 82/773/728 79/771/728 113/779/728 115/780/728
f 1345/775/729 82/773/729 115/780/729 1347/781/729 1346/781/729 1348/782/729
f 1123/783/730 1139/784/730 99/785/730 66/763/730 1122/777/730
f 1206/764/731 66/763/731 99/785/731 104/786/731 72/765/731 1191/767/731 1192/787/731
f 76/768/732 72/765/732 104/786/732 108/788/732
f 78/24/733 76/768/733 108/788/733 109/26/733
f 79/771/734 78/24/734 109/26/734 113/779/734
f 108/788/735 104/786/735 133/789/735 137/790/735
f 109/26/736 108/788/736 137/790/736 143/28/736
f 113/779/737 109/26/737 143/28/737 145/791/737
f 115/780/738 113/779/738 145/791/738 147/792/738
f 1347/781/739 115/780/739 147/792/739 1349/793/739 1350/794/739
f 1140/795/740 1154/796/740 132/797/740 99/785/740 1139/784/740
f 104/786/741 99/785/741 132/797/741 133/789/741
f 1349/793/742 147/792/742 179/798/742 1352/799/742 1351/800/742
f 1169/801/743 164/802/743 132/797/743 1154/796/743 1153/803/743
f 133/789/744 132/797/744 164/802/744 165/804/744
f 137/790/745 133/789/745 165/804/745 167/805/745
f 143/28/746 137/790/746 167/805/746 172/30/746
f 145/791/747 143/28/747 172/30/747 176/806/747
f 147/792/748 145/791/748 176/806/748 179/798/748
f 167/805/749 165/804/749 196/807/749 199/808/749
f 172/30/750 167/805/750 199/808/750 203/32/750
f 176/806/751 172/30/751 203/32/751 205/809/751
f 179/798/752 176/806/752 205/809/752 210/810/752
f 1352/799/753 179/798/753 210/810/753 1355/811/753 1354/812/753 1353/813/753
f 1113/814/754 195/815/754 164/802/754 1169/801/754 1114/816/754
f 165/804/755 164/802/755 195/815/755 196/807/755
f 1355/811/756 210/810/756 237/817/756 1357/818/756 1358/818/756 1356/819/756
f 1148/820/757 224/821/757 195/815/757 1113/814/757 1112/822/757 1134/823/757
f 196/807/758 195/815/758 224/821/758 228/824/758
f 199/808/759 196/807/759 228/824/759 229/825/759
f 203/32/760 199/808/760 229/825/760 231/826/760
f 205/809/761 203/32/761 231/826/761 233/827/761
f 210/810/762 205/809/762 233/827/762 237/817/762
f 231/826/763 229/825/763 259/828/763 260/829/763
f 233/827/764 231/826/764 260/829/764 262/830/764
f 237/817/765 233/827/765 262/830/765 263/831/765
f 1357/818/766 237/817/766 263/831/766 1360/832/766 1359/833/766
f 1164/834/767 252/835/767 224/821/767 1148/820/767 1147/836/767
f 228/824/768 224/821/768 252/835/768 257/837/768
f 229/825/769 228/824/769 257/837/769 259/828/769
f 1173/838/770 274/839/770 252/835/770 1164/834/770 1163/840/770
f 257/837/771 252/835/771 274/839/771 276/841/771
f 259/828/772 257/837/772 276/841/772 277/842/772
f 260/829/773 259/828/773 277/842/773 278/843/773
f 262/830/774 260/829/774 278/843/774 280/844/774
f 263/831/775 262/830/775 280/844/775 281/845/775
f 263/831/776 281/845/776 1362/846/776 1361/847/776 1360/832/776
f 280/844/777 278/843/777 299/848/777 301/849/777
f 281/845/778 280/844/778 301/849/778 303/850/778
f 281/845/779 303/850/779 1364/851/779 1365/852/779 1363/846/779 1362/846/779
f 1126/853/780 294/854/780 274/839/780 1173/838/780 1127/855/780
f 276/841/781 274/839/781 294/854/781 295/856/781
f 277/842/782 276/841/782 295/856/782 297/857/782
f 278/843/783 277/842/783 297/857/783 299/848/783
f 1125/858/784 1141/859/784 313/860/784 294/854/784 1126/853/784
f 295/856/785 294/854/785 313/860/785 314/861/785
f 297/857/786 295/856/786 314/861/786 317/862/786
f 299/848/787 297/857/787 317/862/787 321/863/787
f 301/849/788 299/848/788 321/863/788 324/864/788
f 303/850/789 301/849/789 324/864/789 326/865/789
f 303/850/790 326/865/790 1367/866/790 1366/867/790 1364/851/790
f 324/864/791 321/863/791 341/868/791 345/869/791
f 326/865/792 324/864/792 345/869/792 347/870/792
f 1367/871/793 326/865/793 347/870/793 1369/872/793 1370/873/793 1368/874/793
f 1142/875/794 1155/876/794 333/877/794 313/860/794 1141/859/794
f 1199/878/795 337/879/795 314/861/795 313/860/795 333/877/795 1215/880/795 1198/881/795
f 317/862/796 314/861/796 337/879/796 339/882/796
f 321/863/797 317/862/797 339/882/797 341/868/797
f 337/879/798 1199/878/798 1197/883/798
f 1215/880/798 333/877/798 365/884/798 1217/885/798
f 1202/886/799 339/882/799 337/879/799 1197/883/799
f 1200/887/800 341/868/800 339/882/800 1202/886/800
f 1201/888/801 345/869/801 341/868/801 1200/887/801
f 1203/889/802 347/870/802 345/869/802 1201/888/802
f 1203/889/803 1344/890/803 1369/891/803 347/870/803
f 1156/892/804 1170/893/804 365/884/804 333/877/804 1155/876/804
f 1116/894/805 1115/895/805 387/896/805 365/884/805 1170/893/805
f 1217/885/806 365/884/806 387/896/806 1216/897/806
f 387/896/807 414/898/807 1214/899/807 1216/897/807
f 1136/900/808 414/898/808 387/896/808 1115/895/808 1117/901/808
f 1150/902/809 437/903/809 414/898/809 1136/900/809 1135/904/809
f 414/898/810 437/903/810 1213/905/810 1214/899/810
f 1166/906/811 462/907/811 437/903/811 1150/902/811 1149/908/811
f 1213/905/812 437/903/812 462/907/812 1212/909/812
f 1321/910/813 1189/911/813 503/912/813 1371/913/813
f 1174/914/814 487/915/814 462/907/814 1166/906/814 1165/916/814
f 490/917/815 1184/918/815 1183/919/815
f 1212/909/816 462/907/816 487/915/816 1211/920/816
f 490/917/817 493/921/817 1188/922/817 1184/918/817
f 493/921/818 497/923/818 1186/924/818 1188/922/818
f 497/923/819 500/925/819 1187/926/819 1186/924/819
f 500/925/820 503/912/820 1189/911/820 1187/926/820
f 497/923/821 493/921/821 524/927/821 528/928/821
f 500/925/822 497/923/822 528/928/822 530/929/822
f 503/912/823 500/925/823 530/929/823 534/930/823
f 1371/913/824 503/912/824 534/930/824 1372/931/824 1373/932/824
f 1129/933/825 520/934/825 487/915/825 1174/914/825 1128/935/825
f 1185/936/826 1211/920/826 487/915/826 520/934/826 522/937/826 490/917/826 1183/919/826
f 493/921/827 490/917/827 522/937/827 524/927/827
f 1143/938/828 553/939/828 520/934/828 1129/933/828 1130/940/828
f 522/937/829 520/934/829 553/939/829 555/941/829
f 524/927/830 522/937/830 555/941/830 557/942/830
f 528/928/831 524/927/831 557/942/831 558/943/831
f 530/929/832 528/928/832 558/943/832 564/944/832
f 534/930/833 530/929/833 564/944/833 568/945/833
f 534/930/834 568/945/834 1376/946/834 1375/947/834 1374/948/834 1372/931/834
f 558/943/835 557/942/835 588/949/835 590/950/835
f 564/944/836 558/943/836 590/950/836 593/951/836
f 568/945/837 564/944/837 593/951/837 597/952/837
f 568/945/838 597/952/838 1378/953/838 1377/954/838 1376/946/838
f 1144/955/839 1160/956/839 584/957/839 553/939/839 1143/938/839
f 555/941/840 553/939/840 584/957/840 586/958/840
f 557/942/841 555/941/841 586/958/841 588/949/841
f 1161/959/842 1171/960/842 613/961/842 584/957/842 1160/956/842
f 586/958/843 584/957/843 613/961/843 617/962/843
f 588/949/844 586/958/844 617/962/844 619/963/844
f 590/950/845 588/949/845 619/963/845 621/964/845
f 593/951/846 590/950/846 621/964/846 623/965/846
f 597/952/847 593/951/847 623/965/847 626/966/847
f 597/952/848 626/966/848 1380/967/848 1381/968/848 1379/953/848 1378/953/848
f 623/965/849 621/964/849 652/68/849 654/969/849
f 626/966/850 623/965/850 654/969/850 656/970/850
f 626/966/851 656/970/851 1383/971/851 1384/971/851 1382/972/851 1380/967/851
f 1118/973/852 642/974/852 613/961/852 1171/960/852 1119/975/852
f 617/962/853 613/961/853 642/974/853 646/976/853
f 619/963/854 617/962/854 646/976/854 650/977/854
f 621/964/855 619/963/855 650/977/855 652/68/855
f 672/978/856 642/979/856 1118/980/856 1120/981/856
f 646/982/857 642/979/857 672/978/857 675/983/857
f 650/984/858 646/982/858 675/983/858 679/985/858
f 652/1/859 650/984/859 679/985/859 683/986/859
f 654/987/860 652/1/860 683/986/860 685/988/860
f 656/989/861 654/987/861 685/988/861 687/990/861
f 656/989/862 687/990/862 1385/991/862 1386/992/862 1383/993/862
f 685/988/863 683/986/863 711/994/863 717/995/863
f 687/990/864 685/988/864 717/995/864 720/996/864
f 687/990/865 720/996/865 1389/997/865 1388/997/865 1387/998/865 1385/991/865
f 1137/999/866 704/1000/866 672/978/866 1120/981/866 1121/1001/866
f 675/983/867 672/978/867 704/1000/867 706/1002/867
f 679/985/868 675/983/868 706/1002/868 709/1003/868
f 683/986/869 679/985/869 709/1003/869 711/994/869
f 706/1002/870 704/1000/870 736/1004/870 738/1005/870
f 709/1003/871 706/1002/871 738/1005/871 741/1006/871
f 711/994/872 709/1003/872 741/1006/872 744/1007/872
f 717/995/873 711/994/873 744/1007/873 748/1008/873
f 720/996/874 717/995/874 748/1008/874 752/1009/874
f 720/996/875 752/1009/875 1390/1010/875 1391/1011/875 1389/997/875
f 1151/1012/876 736/1004/876 704/1000/876 1137/999/876 1138/1013/876
f 752/1009/877 748/1008/877 778/1014/877 784/1015/877
f 752/1009/878 784/1015/878 1394/1016/878 1393/1016/878 1392/1017/878 1390/1010/878
f 1152/1018/879 1167/1019/879 768/1020/879 736/1004/879 1151/1012/879
f 738/1005/880 736/1004/880 768/1020/880 771/1021/880
f 741/1006/881 738/1005/881 771/1021/881 774/1022/881
f 744/1007/882 741/1006/882 774/1022/882 776/1023/882
f 748/1008/883 744/1007/883 776/1023/883 778/1014/883
f 774/1022/884 771/1021/884 804/1024/884 806/1025/884
f 776/1023/885 774/1022/885 806/1025/885 808/1026/885
f 778/1014/886 776/1023/886 808/1026/886 810/1027/886
f 784/1015/887 778/1014/887 810/1027/887 812/1028/887
f 784/1015/888 812/1028/888 1395/1029/888 1396/1030/888 1394/1016/888
f 1168/1031/889 1175/1032/889 800/1033/889 768/1020/889 1167/1019/889
f 1177/1034/890 1176/1035/890 804/1024/890 771/1021/890 768/1020/890 800/1033/890 1204/1036/890
f 812/1028/891 1179/1037/891 1318/1038/891 1395/1029/891
f 1132/1039/892 827/1040/892 800/1033/892 1175/1032/892 1131/1041/892
f 804/1024/893 1176/1035/893 1178/1042/893
f 1204/1036/894 800/1033/894 827/1040/894 1205/1043/894
f 806/1025/895 804/1024/895 1178/1042/895 1182/1044/895
f 808/1026/896 806/1025/896 1182/1044/896 1180/1045/896
f 810/1027/897 808/1026/897 1180/1045/897 1181/1046/897
f 812/1028/898 810/1027/898 1181/1046/898 1179/1037/898
f 1145/1047/899 843/1048/899 827/1040/899 1132/1039/899 1133/1049/899
f 1205/1043/900 827/1040/900 843/1048/900 1208/1050/900
f 1162/755/901 3/754/901 843/1048/901 1145/1047/901 1146/1051/901
f 843/1048/902 3/754/902 1209/758/902 1208/1050/902
f 1/34/903 19/1052/903 21/1053/903 4/1054/903
f 4/1054/904 21/1053/904 23/1055/904 5/1056/904
f 1358/1057/905 5/1056/905 23/1055/905 1356/1058/905
f 1298/1059/906 30/1060/906 12/1061/906 1279/1062/906
f 12/1061/907 30/1060/907 32/1063/907 15/1064/907
f 15/1064/908 32/1063/908 33/1065/908 16/1066/908
f 16/1066/909 33/1065/909 19/1052/909 1/34/909
f 19/1052/910 35/1067/910 38/1068/910 21/1053/910
f 21/1053/911 38/1068/911 40/1069/911 23/1055/911
f 1355/1070/912 1356/1058/912 23/1055/912 40/1069/912 1354/1071/912
f 1313/1072/913 47/1073/913 30/1060/913 1298/1059/913 1299/1074/913 1314/1075/913
f 30/1060/914 47/1073/914 49/1076/914 32/1063/914
f 32/1063/915 49/1076/915 51/1077/915 33/1065/915
f 33/1065/916 51/1077/916 35/1067/916 19/1052/916
f 35/1067/917 53/30/917 55/1078/917 38/1068/917
f 38/1068/918 55/1078/918 56/1079/918 40/1069/918
f 1354/1071/919 40/1069/919 56/1079/919 1353/1080/919
f 1243/1081/920 65/1082/920 47/1073/920 1313/1072/920 1244/1083/920
f 47/1073/921 65/1082/921 67/1084/921 49/1076/921
f 49/1076/922 67/1084/922 68/1085/922 51/1077/922
f 51/1077/923 68/1085/923 53/30/923 35/1067/923
f 53/30/924 71/1086/924 73/1087/924 55/1078/924
f 55/1078/925 73/1087/925 75/1088/925 56/1079/925
f 1353/1080/926 56/1079/926 75/1088/926 1351/1089/926 1352/1090/926
f 1240/1091/927 83/1092/927 65/1082/927 1243/1081/927 1242/1081/927
f 65/1082/928 83/1092/928 84/1093/928 67/1084/928
f 67/1084/929 84/1093/929 85/1094/929 68/1085/929
f 68/1085/930 85/1094/930 71/1086/930 53/30/930
f 71/1086/931 88/1095/931 89/1096/931 73/1087/931
f 73/1087/932 89/1096/932 92/1097/932 75/1088/932
f 1351/1089/933 75/1088/933 92/1097/933 1350/1098/933 1349/1099/933
f 1268/1100/934 100/1101/934 83/1092/934 1240/1091/934 1241/1102/934
f 83/1092/935 100/1101/935 102/1103/935 84/1093/935
f 84/1093/936 102/1103/936 103/1104/936 85/1094/936
f 85/1094/937 103/1104/937 88/1095/937 71/1086/937
f 88/1095/938 105/26/938 107/1105/938 89/1096/938
f 89/1096/939 107/1105/939 110/1106/939 92/1097/939
f 1350/1098/940 92/1097/940 110/1106/940 1346/1107/940 1347/1107/940
f 1269/1108/941 1291/1109/941 116/1110/941 100/1101/941 1268/1100/941
f 100/1101/942 116/1110/942 119/1111/942 102/1103/942
f 102/1103/943 119/1111/943 120/1112/943 103/1104/943
f 103/1104/944 120/1112/944 105/26/944 88/1095/944
f 105/26/945 122/1113/945 124/1114/945 107/1105/945
f 107/1105/946 124/1114/946 127/1115/946 110/1106/946
f 1346/1107/947 110/1106/947 127/1115/947 1348/1116/947
f 1290/1117/948 134/1118/948 116/1110/948 1291/1109/948
f 116/1110/949 134/1118/949 136/1119/949 119/1111/949
f 119/1111/950 136/1119/950 138/1120/950 120/1112/950
f 120/1112/951 138/1120/951 122/1113/951 105/26/951
f 122/1113/952 140/1121/952 142/1122/952 124/1114/952
f 127/1115/953 124/1114/953 142/1122/953 1339/1123/953 1341/1124/953
f 1348/1116/954 127/1115/954 1341/1124/954 1340/1125/954 1345/1126/954
f 1307/1127/955 150/1128/955 134/1118/955 1290/1117/955 1289/1129/955
f 134/1118/956 150/1128/956 152/1130/956 136/1119/956
f 136/1119/957 152/1130/957 155/1131/957 138/1120/957
f 138/1120/958 155/1131/958 140/1121/958 122/1113/958
f 140/1121/959 156/22/959 158/1132/959 142/1122/959
f 1325/1133/960 1339/1134/960 142/1122/960 158/1132/960 1324/1135/960
f 1229/1136/961 168/1137/961 150/1128/961 1307/1127/961 1230/1138/961
f 150/1128/962 168/1137/962 169/1139/962 152/1130/962
f 152/1130/963 169/1139/963 171/1140/963 155/1131/963
f 155/1131/964 171/1140/964 156/22/964 140/1121/964
f 156/22/965 174/1141/965 175/1142/965 158/1132/965
f 1324/1135/966 158/1132/966 175/1142/966 1326/1143/966
f 1232/1144/967 184/1145/967 168/1137/967 1229/1136/967
f 168/1137/968 184/1145/968 186/1146/968 169/1139/968
f 169/1139/969 186/1146/969 188/1147/969 171/1140/969
f 171/1140/970 188/1147/970 174/1141/970 156/22/970
f 174/1141/971 189/1148/971 192/1149/971 175/1142/971
f 1326/1143/972 175/1142/972 192/1149/972 1323/1150/972
f 1263/1151/973 201/1152/973 184/1145/973 1232/1144/973 1231/1153/973
f 184/1145/974 201/1152/974 202/1154/974 186/1146/974
f 186/1146/975 202/1154/975 204/1155/975 188/1147/975
f 188/1147/976 204/1155/976 189/1148/976 174/1141/976
f 189/1148/977 206/18/977 209/1156/977 192/1149/977
f 1323/1150/978 192/1149/978 209/1156/978 1330/1157/978
f 216/1158/979 201/1152/979 1263/1151/979 1256/1159/979 1255/1160/979
f 201/1152/980 216/1158/980 218/1161/980 202/1154/980
f 202/1154/981 218/1161/981 220/1162/981 204/1155/981
f 204/1155/982 220/1162/982 206/18/982 189/1148/982
f 206/18/983 223/1163/983 225/1164/983 209/1156/983
f 1330/1157/984 209/1156/984 225/1164/984 1329/1165/984
f 234/1166/985 216/1158/985 1255/1167/985 1258/1168/985
f 216/1158/986 234/1166/986 235/1169/986 218/1161/986
f 218/1161/987 235/1169/987 238/1170/987 220/1162/987
f 220/1162/988 238/1170/988 223/1163/988 206/18/988
f 223/1163/989 239/1171/989 241/1172/989 225/1164/989
f 1329/1165/990 225/1164/990 241/1172/990 1328/1173/990
f 250/1174/991 234/1166/991 1258/1168/991 1257/1175/991 1281/1176/991
f 234/1166/992 250/1174/992 251/1177/992 235/1169/992
f 235/1169/993 251/1177/993 254/1178/993 238/1170/993
f 238/1170/994 254/1178/994 239/1171/994 223/1163/994
f 239/1171/995 256/14/995 258/1179/995 241/1172/995
f 1328/1173/996 241/1172/996 258/1179/996 1327/1180/996
f 266/1181/997 250/1174/997 1281/1182/997 1280/1183/997 1301/1184/997
f 250/1174/998 266/1181/998 268/1185/998 251/1177/998
f 251/1177/999 268/1185/999 270/1186/999 254/1178/999
f 254/1178/1000 270/1186/1000 256/14/1000 239/1171/1000
f 256/14/1001 272/1187/1001 273/1188/1001 258/1179/1001
f 1327/1180/1002 258/1179/1002 273/1188/1002 1315/1189/1002 1316/1190/1002
f 282/1191/1003 266/1181/1003 1301/1184/1003 1300/1192/1003
f 266/1181/1004 282/1191/1004 284/1193/1004 268/1185/1004
f 268/1185/1005 284/1193/1005 285/1194/1005 270/1186/1005
f 270/1186/1006 285/1194/1006 272/1187/1006 256/14/1006
f 272/1187/1007 288/1195/1007 290/1196/1007 273/1188/1007
f 273/1188/1008 290/1196/1008 292/1197/1008 1317/1198/1008 1315/1189/1008
f 1395/1199/1009 1318/1200/1009 1317/1198/1009 292/1197/1009 1396/1201/1009
f 300/1202/1010 282/1191/1010 1300/1203/1010 1219/1204/1010 1218/1205/1010 1221/1206/1010
f 282/1191/1011 300/1202/1011 302/1207/1011 284/1193/1011
f 284/1193/1012 302/1207/1012 304/1208/1012 285/1194/1012
f 285/1194/1013 304/1208/1013 288/1195/1013 272/1187/1013
f 288/1195/1014 306/10/1014 307/1209/1014 290/1196/1014
f 290/1196/1015 307/1209/1015 309/1210/1015 292/1197/1015
f 1396/1201/1016 292/1197/1016 309/1210/1016 1393/1211/1016 1394/1212/1016
f 316/1213/1017 300/1202/1017 1221/1206/1017 1220/1214/1017 1245/1215/1017
f 300/1202/1018 316/1213/1018 318/1216/1018 302/1207/1018
f 302/1207/1019 318/1216/1019 320/1217/1019 304/1208/1019
f 304/1208/1020 320/1217/1020 306/10/1020 288/1195/1020
f 306/10/1021 323/1218/1021 325/1219/1021 307/1209/1021
f 307/1209/1022 325/1219/1022 327/1220/1022 309/1210/1022
f 1393/1211/1023 309/1210/1023 327/1220/1023 1392/1221/1023
f 334/1222/1024 316/1213/1024 1245/1215/1024 1246/1223/1024
f 316/1213/1025 334/1222/1025 335/1224/1025 318/1216/1025
f 318/1216/1026 335/1224/1026 338/1225/1026 320/1217/1026
f 320/1217/1027 338/1225/1027 323/1218/1027 306/10/1027
f 323/1218/1028 340/1226/1028 342/1227/1028 325/1219/1028
f 325/1219/1029 342/1227/1029 344/1228/1029 327/1220/1029
f 1390/1229/1030 1392/1221/1030 327/1220/1030 344/1228/1030 1391/1230/1030
f 350/1231/1031 334/1222/1031 1246/1223/1031 1247/1232/1031 1270/1233/1031 1272/1234/1031 1271/1235/1031
f 334/1222/1032 350/1231/1032 352/1236/1032 335/1224/1032
f 335/1224/1033 352/1236/1033 354/1237/1033 338/1225/1033
f 338/1225/1034 354/1237/1034 340/1226/1034 323/1218/1034
f 340/1226/1035 356/6/1035 359/1238/1035 342/1227/1035
f 342/1227/1036 359/1238/1036 361/1239/1036 344/1228/1036
f 1391/1230/1037 344/1228/1037 361/1239/1037 1388/1240/1037 1389/1241/1037
f 369/1242/1038 350/1231/1038 1271/1235/1038 1273/1243/1038 1292/1244/1038
f 350/1231/1039 369/1242/1039 371/1245/1039 352/1236/1039
f 352/1236/1040 371/1245/1040 373/1246/1040 354/1237/1040
f 354/1237/1041 373/1246/1041 356/6/1041 340/1226/1041
f 356/6/1042 375/1247/1042 376/1248/1042 359/1238/1042
f 359/1238/1043 376/1248/1043 377/1249/1043 361/1239/1043
f 361/1239/1044 377/1249/1044 1387/1250/1044 1388/1240/1044
f 385/1251/1045 369/1242/1045 1292/1252/1045 1293/1253/1045
f 369/1242/1046 385/1251/1046 388/1254/1046 371/1245/1046
f 371/1245/1047 388/1254/1047 389/1255/1047 373/1246/1047
f 373/1246/1048 389/1255/1048 375/1247/1048 356/6/1048
f 375/1247/1049 391/1256/1049 394/1257/1049 376/1248/1049
f 376/1248/1050 394/1257/1050 395/1258/1050 377/1249/1050
f 377/1249/1051 395/1258/1051 1386/1259/1051 1385/1260/1051 1387/1250/1051
f 403/1261/1052 385/1251/1052 1293/1253/1052 1294/1262/1052 1309/1263/1052 1311/1264/1052
f 385/1251/1053 403/1261/1053 405/1265/1053 388/1254/1053
f 388/1254/1054 405/1265/1054 407/1266/1054 389/1255/1054
f 389/1255/1055 407/1266/1055 391/1256/1055 375/1247/1055
f 391/1256/1056 409/1/1056 411/1267/1056 394/1257/1056
f 394/1257/1057 411/1267/1057 413/1268/1057 395/1258/1057
f 395/1258/1058 413/1268/1058 1384/1269/1058 1383/1269/1058 1386/1259/1058
f 421/1270/1059 403/1261/1059 1311/1271/1059 1310/1272/1059
f 403/1261/1060 421/1270/1060 423/1273/1060 405/1265/1060
f 405/1265/1061 423/1273/1061 424/1274/1061 407/1266/1061
f 407/1266/1062 424/1274/1062 409/1/1062 391/1256/1062
f 409/1275/1063 426/1276/1063 428/1277/1063 411/1278/1063
f 411/1278/1064 428/1277/1064 430/1279/1064 413/1280/1064
f 1384/1281/1065 413/1280/1065 430/1279/1065 1382/1282/1065
f 1235/1283/907 438/1284/907 421/1285/907 1310/1286/907 1308/1286/907 1233/1286/907
f 421/1285/906 438/1284/906 440/1287/906 423/1288/906
f 423/1288/1066 440/1287/1066 442/1289/1066 424/1290/1066
f 424/1290/1067 442/1289/1067 426/1276/1067 409/1275/1067
f 426/1276/1068 444/1291/1068 446/1292/1068 428/1277/1068
f 428/1277/1069 446/1292/1069 447/1293/1069 430/1279/1069
f 1382/1282/1070 430/1279/1070 447/1293/1070 1381/1294/1070 1380/1295/1070
f 1262/1296/914 454/1297/914 438/1284/914 1235/1298/914 1234/1299/914
f 438/1284/1071 454/1297/1071 457/1300/1071 440/1287/1071
f 440/1287/1072 457/1300/1072 459/1301/1072 442/1289/1072
f 442/1289/1073 459/1301/1073 444/1291/1073 426/1276/1073
f 444/1291/1074 461/62/1074 463/1302/1074 446/1292/1074
f 446/1292/1075 463/1302/1075 464/1303/1075 447/1293/1075
f 1381/1294/1076 447/1293/1076 464/1303/1076 1379/1304/1076
f 1261/1305/921 472/1306/921 454/1297/921 1262/1296/921
f 454/1297/920 472/1306/920 474/1307/920 457/1300/920
f 457/1300/1077 474/1307/1077 475/1308/1077 459/1301/1077
f 459/1301/1078 475/1308/1078 461/62/1078 444/1291/1078
f 461/62/1079 477/1309/1079 479/1310/1079 463/1302/1079
f 463/1302/1080 479/1310/1080 482/1311/1080 464/1303/1080
f 1379/1304/1081 464/1303/1081 482/1311/1081 1377/1312/1081 1378/1313/1081
f 1259/1314/928 1283/1315/928 489/1316/928 472/1306/928 1261/1305/928 1260/1317/928
f 472/1306/927 489/1316/927 492/1318/927 474/1307/927
f 474/1307/1082 492/1318/1082 494/1319/1082 475/1308/1082
f 475/1308/1083 494/1319/1083 477/1309/1083 461/62/1083
f 477/1309/1084 496/1320/1084 498/1321/1084 479/1310/1084
f 479/1310/1085 498/1321/1085 499/1322/1085 482/1311/1085
f 1377/1312/1086 482/1311/1086 499/1322/1086 1375/1323/1086 1376/1324/1086
f 1303/1325/935 507/1326/935 489/1316/935 1283/1327/935 1282/1328/935
f 489/1316/934 507/1326/934 509/1329/934 492/1318/934
f 492/1318/1087 509/1329/1087 511/1330/1087 494/1319/1087
f 494/1319/1088 511/1330/1088 496/1320/1088 477/1309/1088
f 496/1320/1089 513/58/1089 515/1331/1089 498/1321/1089
f 498/1321/1090 515/1331/1090 517/1332/1090 499/1322/1090
f 1375/1323/1091 499/1322/1091 517/1332/1091 1374/1333/1091
f 1302/1334/942 525/1335/942 507/1326/942 1303/1336/942
f 507/1326/941 525/1335/941 527/1337/941 509/1329/941
f 509/1329/1092 527/1337/1092 529/1338/1092 511/1330/1092
f 511/1330/1093 529/1338/1093 513/58/1093 496/1320/1093
f 513/58/1094 531/1339/1094 533/1340/1094 515/1331/1094
f 515/1331/1095 533/1340/1095 535/1341/1095 517/1332/1095
f 1374/1333/1096 517/1332/1096 535/1341/1096 1373/1342/1096 1372/1343/1096
f 1222/1344/949 1223/1345/949 542/1346/949 525/1335/949 1302/1347/949
f 525/1335/948 542/1346/948 544/1348/948 527/1337/948
f 527/1337/1097 544/1348/1097 546/1349/1097 529/1338/1097
f 529/1338/1098 546/1349/1098 531/1339/1098 513/58/1098
f 531/1339/1099 548/1350/1099 549/1351/1099 533/1340/1099
f 1322/1352/1100 535/1341/1100 533/1340/1100 549/1351/1100 1320/1353/1100
f 1373/1342/1101 535/1341/1101 1322/1352/1101 1321/1354/1101 1371/1355/1101
f 1224/1356/956 1248/1357/956 559/1358/956 542/1346/956 1223/1345/956
f 542/1346/955 559/1358/955 560/1359/955 544/1348/955
f 544/1348/1102 560/1359/1102 563/1360/1102 546/1349/1102
f 546/1349/1103 563/1360/1103 548/1350/1103 531/1339/1103
f 548/1350/1104 565/54/1104 566/1361/1104 549/1351/1104
f 549/1351/1105 566/1361/1105 1332/1362/1105 1319/1363/1105 1320/1353/1105
f 1249/1364/962 575/1365/962 559/1358/962 1248/1357/962
f 559/1358/961 575/1365/961 577/1366/961 560/1359/961
f 560/1359/1106 577/1366/1106 579/1367/1106 563/1360/1106
f 563/1360/1107 579/1367/1107 565/54/1107 548/1350/1107
f 565/54/1108 581/1368/1108 583/1369/1108 566/1361/1108
f 1332/1362/1109 566/1361/1109 583/1369/1109 1334/1370/1109
f 592/1371/968 575/1365/968 1249/1364/968 1250/1372/968 1274/1373/968
f 575/1365/967 592/1371/967 594/1374/967 577/1366/967
f 577/1366/1110 594/1374/1110 595/1375/1110 579/1367/1110
f 579/1367/1111 595/1375/1111 581/1368/1111 565/54/1111
f 581/1368/1112 598/1376/1112 599/1377/1112 583/1369/1112
f 1334/1370/1113 583/1369/1113 599/1377/1113 1333/1378/1113
f 1275/1379/974 1295/1380/974 607/1381/974 592/1371/974 1274/1373/974
f 592/1371/973 607/1381/973 609/1382/973 594/1374/973
f 594/1374/1114 609/1382/1114 611/1383/1114 595/1375/1114
f 595/1375/1115 611/1383/1115 598/1376/1115 581/1368/1115
f 598/1376/1116 614/50/1116 615/1384/1116 599/1377/1116
f 1333/1378/1117 599/1377/1117 615/1384/1117 1338/1385/1117
f 625/1386/980 607/1381/980 1295/1380/980 1296/1387/980
f 607/1381/1118 625/1386/1118 627/1388/1118 609/1382/1118
f 609/1382/1119 627/1388/1119 629/1389/1119 611/1383/1119
f 611/1383/1120 629/1389/1120 614/50/1120 598/1376/1120
f 614/50/1121 630/1390/1121 632/1391/1121 615/1384/1121
f 615/1384/1122 632/1391/1122 1337/1392/1122 1338/1385/1122
f 641/1393/1123 625/1386/1123 1296/1387/1123 1297/1394/1123 1312/1395/1123
f 625/1386/1124 641/1393/1124 643/1396/1124 627/1388/1124
f 627/1388/1125 643/1396/1125 645/1397/1125 629/1389/1125
f 629/1389/1126 645/1397/1126 630/1390/1126 614/50/1126
f 630/1390/1127 647/1398/1127 649/1399/1127 632/1391/1127
f 632/1391/1128 649/1399/1128 1336/1400/1128 1337/1392/1128
f 657/1401/992 641/1393/992 1312/1395/992 1237/1402/992 1236/1403/992
f 641/1393/991 657/1401/991 659/1404/991 643/1396/991
f 643/1396/1129 659/1404/1129 661/1405/1129 645/1397/1129
f 645/1397/1130 661/1405/1130 647/1398/1130 630/1390/1130
f 647/1398/1131 663/46/1131 665/1406/1131 649/1399/1131
f 649/1399/1132 665/1406/1132 1335/1407/1132 1336/1400/1132
f 674/1408/998 657/1401/998 1236/1403/998 1238/1409/998
f 657/1401/997 674/1408/997 676/1410/997 659/1404/997
f 659/1404/1133 676/1410/1133 678/1411/1133 661/1405/1133
f 661/1405/1134 678/1411/1134 663/46/1134 647/1398/1134
f 663/46/1135 680/1412/1135 681/1413/1135 665/1406/1135
f 665/1406/1136 681/1413/1136 1342/1414/1136 1331/1415/1136 1335/1407/1136
f 689/1416/1004 674/1408/1004 1238/1409/1004 1239/1417/1004 1265/1418/1004
f 674/1408/1003 689/1416/1003 692/1419/1003 676/1410/1003
f 676/1410/1137 692/1419/1137 693/1420/1137 678/1411/1137
f 678/1411/1138 693/1420/1138 680/1412/1138 663/46/1138
f 680/1412/1139 695/1421/1139 697/1422/1139 681/1413/1139
f 681/1413/1140 697/1422/1140 700/1423/1140 1343/1424/1140 1342/1414/1140
f 1344/1425/1141 1343/1424/1141 700/1423/1141 1370/1426/1141 1369/1427/1141
f 708/1428/1011 689/1416/1011 1265/1418/1011 1264/1429/1011 1266/1430/1011 1267/1431/1011 1285/1432/1011
f 689/1416/1010 708/1428/1010 710/1433/1010 692/1419/1010
f 692/1419/1142 710/1433/1142 712/1434/1142 693/1420/1142
f 693/1420/1143 712/1434/1143 695/1421/1143 680/1412/1143
f 695/1421/1144 714/42/1144 716/1435/1144 697/1422/1144
f 697/1422/1145 716/1435/1145 718/1436/1145 700/1423/1145
f 1370/1426/1146 700/1423/1146 718/1436/1146 1368/1437/1146
f 724/1438/1018 708/1428/1018 1285/1432/1018 1284/1439/1018 1286/1440/1018 1287/1441/1018
f 708/1428/1017 724/1438/1017 727/1442/1017 710/1433/1017
f 710/1433/1147 727/1442/1147 729/1443/1147 712/1434/1147
f 712/1434/1148 729/1443/1148 714/42/1148 695/1421/1148
f 714/42/1149 731/1444/1149 733/1445/1149 716/1435/1149
f 716/1435/1150 733/1445/1150 735/1446/1150 718/1436/1150
f 1367/1447/1151 1368/1437/1151 718/1436/1151 735/1446/1151 1366/1448/1151
f 742/1449/1025 724/1438/1025 1287/1441/1025 1288/1450/1025 1305/1451/1025
f 724/1438/1024 742/1449/1024 745/1452/1024 727/1442/1024
f 727/1442/1152 745/1452/1152 747/1453/1152 729/1443/1152
f 729/1443/1153 747/1453/1153 731/1444/1153 714/42/1153
f 731/1444/1154 749/1454/1154 751/1455/1154 733/1445/1154
f 733/1445/1155 751/1455/1155 753/1456/1155 735/1446/1155
f 1364/1457/1156 1366/1448/1156 735/1446/1156 753/1456/1156 1365/1458/1156
f 759/1459/1032 742/1449/1032 1305/1451/1032 1304/1460/1032 1306/1461/1032 1226/1462/1032 1225/1463/1032
f 742/1449/1031 759/1459/1031 762/1464/1031 745/1452/1031
f 745/1452/1157 762/1464/1157 764/1465/1157 747/1453/1157
f 747/1453/1158 764/1465/1158 749/1454/1158 731/1444/1158
f 749/1454/1159 766/38/1159 767/1466/1159 751/1455/1159
f 751/1455/1160 767/1466/1160 770/1467/1160 753/1456/1160
f 1365/1458/1161 753/1456/1161 770/1467/1161 1363/1468/1161
f 777/1469/1039 759/1459/1039 1225/1463/1039 1227/1470/1039
f 759/1459/1038 777/1469/1038 779/1471/1038 762/1464/1038
f 762/1464/1162 779/1471/1162 782/1472/1162 764/1465/1162
f 764/1465/1163 782/1472/1163 766/38/1163 749/1454/1163
f 766/38/1164 783/1473/1164 785/1474/1164 767/1466/1164
f 767/1466/1165 785/1474/1165 787/1475/1165 770/1467/1165
f 1362/1476/1166 1363/1468/1166 770/1467/1166 787/1475/1166 1361/1477/1166
f 795/1478/1046 777/1469/1046 1227/1470/1046 1228/1479/1046 1252/1480/1046
f 777/1469/1045 795/1478/1045 797/1481/1045 779/1471/1045
f 779/1471/1167 797/1481/1167 799/1482/1167 782/1472/1167
f 782/1472/1168 799/1482/1168 783/1473/1168 766/38/1168
f 783/1473/1169 801/1483/1169 803/1484/1169 785/1474/1169
f 785/1474/1170 803/1484/1170 805/1485/1170 787/1475/1170
f 787/1475/1171 805/1485/1171 1359/1486/1171 1360/1487/1171 1361/1477/1171
f 813/1488/1172 795/1478/1172 1252/1480/1172 1251/1489/1172 1253/1490/1172 1254/1491/1172 1277/1492/1172
f 795/1478/1052 813/1488/1052 815/1493/1052 797/1481/1052
f 797/1481/1173 815/1493/1173 816/1494/1173 799/1482/1173
f 799/1482/1174 816/1494/1174 801/1483/1174 783/1473/1174
f 801/1483/1175 1/34/1175 4/1054/1175 803/1484/1175
f 803/1484/1176 4/1054/1176 5/1056/1176 805/1485/1176
f 805/1485/1177 5/1056/1177 1358/1057/1177 1357/1057/1177 1359/1486/1177
f 12/1061/1060 813/1488/1060 1277/1492/1060 1276/1495/1060 1278/1495/1060 1279/1062/1060
f 813/1488/1059 12/1061/1059 15/1064/1059 815/1493/1059
f 815/1493/1178 15/1064/1178 16/1066/1178 816/1494/1178
f 816/1494/1179 16/1066/1179 1/34/1179 801/1483/1179
